timestamp,open,high,low,close,volume
1679259600000,1.06885,1.06886,1.06812,1.06818,330.1
1679263200000,1.06821,1.06885,1.06661,1.06699,8849.1396
1679266800000,1.06701,1.06824,1.06673,1.06804,2922.1201
1679270400000,1.06806,1.06883,1.06787,1.06808,5168.0498
1679274000000,1.06808,1.06898,1.06691,1.06749,7292.7402
1679277600000,1.06749,1.06846,1.06738,1.06793,2973.3201
1679281200000,1.06792,1.06792,1.06646,1.06692,3787.6001
1679284800000,1.06691,1.06741,1.06656,1.06697,2678.72
1679288400000,1.06695,1.06808,1.06681,1.06792,2670.22
1679292000000,1.06793,1.0681,1.06586,1.06606,9112.9902
1679295600000,1.06606,1.06708,1.06416,1.06554,37088.3984
1679299200000,1.06554,1.06685,1.06311,1.0661,58597.5508
1679302800000,1.0661,1.06777,1.06496,1.06743,45483.5
1679306400000,1.06743,1.06994,1.06706,1.06959,35231.0703
1679310000000,1.06959,1.07086,1.06886,1.07068,28253.3301
1679313600000,1.07071,1.07176,1.07017,1.0705,38816.7617
1679317200000,1.07052,1.07309,1.07027,1.07237,39354.8984
1679320800000,1.07237,1.07295,1.07124,1.07267,36836.5
1679324400000,1.07267,1.07267,1.07114,1.07211,27226.4902
1679328000000,1.07211,1.07253,1.07067,1.07251,31335.4004
1679331600000,1.07251,1.07283,1.07155,1.07161,17005.6602
1679335200000,1.07161,1.07256,1.0714,1.07242,14561.7197
1679338800000,1.07244,1.07258,1.0719,1.07231,9087.7998
1679342400000,1.07231,1.0724,1.072,1.072,7963.2598
1679346000000,1.072,1.07213,1.07186,1.07195,2920.1201
1679349600000,1.07198,1.07239,1.07193,1.07224,12194.2305
1679353200000,1.07224,1.07243,1.07155,1.07185,8154.1201
1679356800000,1.07185,1.0726,1.07151,1.07175,15550.3496
1679360400000,1.07175,1.07208,1.07151,1.07168,11060.1396
1679364000000,1.07167,1.07223,1.0716,1.07219,11486.4805
1679367600000,1.07218,1.07219,1.0714,1.07157,9530.2598
1679371200000,1.07158,1.07158,1.07096,1.07121,5957.48
1679374800000,1.07121,1.07156,1.07104,1.07155,7116.6299
1679378400000,1.07156,1.07175,1.07038,1.07073,11282.0996
1679382000000,1.07074,1.07219,1.07058,1.07189,23174.0801
1679385600000,1.0719,1.07387,1.07161,1.07298,37552.6797
1679389200000,1.07297,1.07495,1.07246,1.07462,21024.6895
1679392800000,1.07461,1.07644,1.074,1.07633,21533.5996
1679396400000,1.07633,1.07846,1.07611,1.07785,25554.4805
1679400000000,1.07787,1.07825,1.07738,1.0781,30061.4297
1679403600000,1.07813,1.07886,1.07724,1.07768,31321.9102
1679407200000,1.07768,1.07799,1.07607,1.07741,39716.9688
1679410800000,1.07742,1.07827,1.07655,1.07688,28467.1992
1679414400000,1.07686,1.07783,1.07621,1.07674,19374.0098
1679418000000,1.07677,1.07722,1.0761,1.07642,18137.1504
1679421600000,1.07643,1.07667,1.07561,1.07647,11836.5498
1679425200000,1.07648,1.07744,1.07625,1.07693,7265.8198
1679428800000,1.07695,1.07719,1.07656,1.0767,3844.1201
1679432400000,1.0767,1.07693,1.0767,1.07674,346.86
1679436000000,1.07674,1.07699,1.07673,1.07697,2413.22
1679439600000,1.07698,1.07739,1.07686,1.07727,4377.4702
1679443200000,1.07725,1.07759,1.07658,1.07678,6802.02
1679446800000,1.07679,1.07767,1.07668,1.07725,11021.1396
1679450400000,1.07724,1.07752,1.07652,1.07691,9872.8604
1679454000000,1.07691,1.07722,1.07659,1.07698,8164.9302
1679457600000,1.07698,1.07717,1.07679,1.07686,5161.8301
1679461200000,1.07688,1.0775,1.0767,1.07724,6552.3501
1679464800000,1.07724,1.07741,1.07638,1.07666,13377.7402
1679468400000,1.07666,1.07717,1.0759,1.07657,23986.2305
1679472000000,1.07658,1.07828,1.0765,1.078,25518.5996
1679475600000,1.07801,1.0793,1.07755,1.07866,23405.5605
1679479200000,1.07866,1.07948,1.07795,1.0792,22193.3809
1679482800000,1.07921,1.0798,1.07881,1.07972,14137.4902
1679486400000,1.07971,1.08002,1.0779,1.07819,20156.8906
1679490000000,1.07818,1.07894,1.07757,1.07813,22283.8301
1679493600000,1.07813,1.07983,1.07756,1.07952,20536.0293
1679497200000,1.07951,1.07957,1.07835,1.07912,20210.9004
1679500800000,1.07912,1.08004,1.07884,1.07988,13480.6299
1679504400000,1.07988,1.07997,1.07897,1.0794,11808.7998
1679508000000,1.07945,1.09124,1.07927,1.08807,85027.8906
1679511600000,1.08805,1.08925,1.08524,1.08653,71956.4766
1679515200000,1.08652,1.08655,1.08538,1.08538,12687.96
1679518800000,1.08535,1.08588,1.08531,1.08578,1269.36
1679522400000,1.08578,1.08644,1.0857,1.08578,5261.0098
1679526000000,1.08577,1.08717,1.08577,1.08688,4197.0698
1679529600000,1.08689,1.08835,1.08684,1.08834,12848.6104
1679533200000,1.08832,1.08882,1.08789,1.08864,12105.7002
1679536800000,1.08864,1.08988,1.08821,1.08955,17044.9395
1679540400000,1.08955,1.09056,1.0893,1.09008,13916.8096
1679544000000,1.09007,1.09042,1.08949,1.09035,12067.8799
1679547600000,1.09036,1.09113,1.0902,1.09046,16178.3398
1679551200000,1.09046,1.09296,1.09033,1.0915,21020
1679554800000,1.09151,1.09268,1.08998,1.0906,36418.1797
1679558400000,1.09061,1.09104,1.0891,1.08996,37695.3906
1679562000000,1.08996,1.09036,1.08806,1.08856,31040.8008
1679565600000,1.08856,1.08858,1.08667,1.0877,24084.6602
1679569200000,1.08769,1.08803,1.08696,1.08759,20305.2207
1679572800000,1.08759,1.08936,1.08695,1.08731,38131.9883
1679576400000,1.08731,1.08929,1.08729,1.08868,28309.6309
1679580000000,1.0887,1.08952,1.08805,1.08912,27107.0801
1679583600000,1.08912,1.09079,1.08836,1.08898,29155.0801
1679587200000,1.08898,1.08986,1.08835,1.08955,27044.7402
1679590800000,1.08955,1.08955,1.0864,1.08686,21583.6504
1679594400000,1.08686,1.08766,1.0828,1.08419,24376.5098
1679598000000,1.08419,1.08531,1.0824,1.08397,50033.1797
1679601600000,1.08397,1.08407,1.08303,1.08303,9043.2803
1679605200000,1.08303,1.08339,1.08303,1.08325,1465.47
1679608800000,1.08335,1.08385,1.0827,1.08316,5995.21
1679612400000,1.08316,1.08356,1.08313,1.08345,7253.3599
1679616000000,1.08347,1.08349,1.08245,1.08325,13173.7305
1679619600000,1.08325,1.08351,1.08204,1.08251,21092.8594
1679623200000,1.0825,1.08281,1.08198,1.08204,15080.6299
1679626800000,1.08205,1.08286,1.08171,1.08286,10409.2598
1679630400000,1.08286,1.08342,1.0823,1.08341,9722.4199
1679634000000,1.08341,1.0837,1.08309,1.08335,12671.9697
1679637600000,1.08335,1.08353,1.08244,1.08246,13554.54
1679641200000,1.08246,1.08351,1.08226,1.0828,19452.9199
1679644800000,1.08281,1.08309,1.07679,1.07797,60386.8398
1679648400000,1.07799,1.07907,1.07213,1.07256,49214.9609
1679652000000,1.07257,1.07424,1.07214,1.07276,52838.1211
1679655600000,1.07277,1.0748,1.07131,1.0738,37235
1679659200000,1.0738,1.07521,1.07229,1.07491,35768.2188
1679662800000,1.07493,1.07656,1.07414,1.07569,48023.3516
1679666400000,1.07571,1.07673,1.07492,1.07499,43602.5313
1679670000000,1.07498,1.07638,1.07415,1.07611,34422.3516
1679673600000,1.07612,1.07669,1.07513,1.07572,21691.4297
1679677200000,1.0757,1.07675,1.07553,1.07616,14257.1699
1679680800000,1.07616,1.07627,1.0754,1.07605,10034.1504
1679684400000,1.07607,1.07663,1.07574,1.07589,10199.5498
1679688000000,1.07591,1.07628,1.07564,1.07566,4743.1299
1679864400000,1.07752,1.07756,1.07648,1.07654,221.67
1679868000000,1.07654,1.07798,1.07654,1.07774,8724.1396
1679871600000,1.07775,1.07786,1.07708,1.07776,9049.25
1679875200000,1.07775,1.07775,1.07608,1.0761,15677.6396
1679878800000,1.07609,1.0767,1.07575,1.07614,14894.2305
1679882400000,1.07615,1.07702,1.07614,1.07697,9703.2803
1679886000000,1.07696,1.07747,1.07683,1.07715,10174.3398
1679889600000,1.07715,1.07724,1.0764,1.07677,8247.7197
1679893200000,1.07677,1.07705,1.07636,1.07651,13580.8301
1679896800000,1.07652,1.07665,1.0751,1.07632,20298.9395
1679900400000,1.07632,1.07821,1.07449,1.07515,25894.4199
1679904000000,1.07511,1.07726,1.07504,1.07665,29053.6191
1679907600000,1.07664,1.07693,1.07564,1.07659,18998.3301
1679911200000,1.07658,1.07695,1.07614,1.07677,17299.8691
1679914800000,1.07681,1.07807,1.07669,1.07716,16446.25
1679918400000,1.07716,1.07802,1.07679,1.0773,22431.25
1679922000000,1.07731,1.07948,1.07701,1.07842,30679.5391
1679925600000,1.07843,1.07916,1.07755,1.07815,24304.5195
1679929200000,1.07813,1.07898,1.07774,1.07878,13771.9004
1679932800000,1.07876,1.07948,1.07864,1.0791,10737.5596
1679936400000,1.07913,1.07957,1.0786,1.07938,8013.02
1679940000000,1.07938,1.07965,1.0789,1.07957,7664.1699
1679943600000,1.07957,1.07986,1.07919,1.07972,7166.8101
1679947200000,1.07972,1.08001,1.07962,1.07975,2089.5901
1679950800000,1.07977,1.07977,1.07948,1.07967,198.08
1679954400000,1.07966,1.08012,1.07963,1.07992,3297.77
1679958000000,1.07992,1.08076,1.07987,1.08062,3953.77
1679961600000,1.08061,1.08178,1.08033,1.08158,9365.7803
1679965200000,1.08158,1.08194,1.08102,1.0815,13231.5098
1679968800000,1.0815,1.08178,1.08106,1.08138,9816.6504
1679972400000,1.08139,1.08178,1.08122,1.0815,8684.1201
1679976000000,1.08151,1.08152,1.08099,1.0812,8609.9805
1679979600000,1.0812,1.08162,1.0806,1.08102,10550.9902
1679983200000,1.08103,1.08189,1.08078,1.0808,14461.7305
1679986800000,1.08081,1.08339,1.08081,1.08204,28636.5391
1679990400000,1.08202,1.0824,1.08115,1.08123,21906.2793
1679994000000,1.08122,1.08229,1.08103,1.08161,18666.2109
1679997600000,1.08161,1.08292,1.08146,1.08227,17882.1191
1680001200000,1.08227,1.08365,1.08204,1.08312,18593.6699
1680004800000,1.08313,1.08468,1.083,1.08393,28879.7305
1680008400000,1.08392,1.08392,1.08222,1.08242,26131.3691
1680012000000,1.08236,1.0841,1.08163,1.08321,32846.2813
1680015600000,1.0832,1.08459,1.08311,1.08427,16247.0303
1680019200000,1.08428,1.08441,1.08313,1.0842,11855.1797
1680022800000,1.0842,1.08441,1.08365,1.08376,9150.3896
1680026400000,1.08375,1.08437,1.08355,1.08432,7389.6001
1680030000000,1.08431,1.08485,1.08413,1.08476,6437.4302
1680033600000,1.08475,1.08475,1.08435,1.08438,2267.4399
1680037200000,1.08438,1.08444,1.08392,1.08399,3430.26
1680040800000,1.08415,1.08446,1.08407,1.08414,3301.9299
1680044400000,1.08413,1.08415,1.08364,1.08388,3929.1799
1680048000000,1.0839,1.08476,1.0839,1.08471,9891.9697
1680051600000,1.08471,1.08494,1.08394,1.08449,8870.8203
1680055200000,1.08448,1.08462,1.08367,1.08378,7353.1201
1680058800000,1.08378,1.0839,1.08346,1.08364,6396.8101
1680062400000,1.08364,1.08438,1.08336,1.08374,8445.71
1680066000000,1.08377,1.08406,1.08316,1.08318,9714.2002
1680069600000,1.08318,1.08342,1.08226,1.08226,15972.8701
1680073200000,1.08228,1.08374,1.08177,1.08368,16116.5498
1680076800000,1.08368,1.08394,1.08265,1.08327,17599.0898
1680080400000,1.08325,1.08627,1.0832,1.08597,19084.9395
1680084000000,1.08597,1.08625,1.08508,1.08574,13370.6396
1680087600000,1.08575,1.08713,1.08525,1.08551,15369.8301
1680091200000,1.08551,1.08599,1.08388,1.08535,20024.4707
1680094800000,1.08536,1.08583,1.08327,1.08465,28392.1895
1680098400000,1.08466,1.08529,1.08257,1.08312,34684.6016
1680102000000,1.08311,1.08436,1.08246,1.08249,23957.2891
1680105600000,1.08252,1.08354,1.08234,1.08275,12936.0996
1680109200000,1.08277,1.08481,1.08257,1.08464,8891.7197
1680112800000,1.08464,1.08472,1.08371,1.08445,8891.3701
1680116400000,1.08443,1.08468,1.08391,1.08393,10653.8701
1680120000000,1.08391,1.08455,1.08383,1.08436,2608.5701
1680123600000,1.0843,1.08441,1.08404,1.08407,1333.53
1680127200000,1.08407,1.08485,1.08394,1.08443,3305.5701
1680130800000,1.08444,1.08458,1.08399,1.08425,2893.49
1680134400000,1.08424,1.08434,1.08354,1.08375,6588.29
1680138000000,1.08375,1.08378,1.08284,1.08318,9449.04
1680141600000,1.08315,1.08344,1.08273,1.08304,7072.1401
1680145200000,1.08304,1.0836,1.08263,1.08329,5672.98
1680148800000,1.0833,1.08411,1.0832,1.0839,4061.52
1680152400000,1.08391,1.08465,1.08362,1.08414,12366.2002
1680156000000,1.08414,1.08504,1.08324,1.08463,16094.4297
1680159600000,1.08462,1.08577,1.08235,1.08547,23503.8496
1680163200000,1.08547,1.08793,1.08505,1.0873,18674.9707
1680166800000,1.08734,1.08762,1.0859,1.08605,14663.9902
1680170400000,1.08605,1.08844,1.086,1.08786,17773.4199
1680174000000,1.08785,1.08812,1.08723,1.08787,14164.5303
1680177600000,1.08788,1.09109,1.08785,1.091,30658.7305
1680181200000,1.09101,1.09262,1.09071,1.09169,26777.6895
1680184800000,1.09169,1.09209,1.09079,1.09126,19236.25
1680188400000,1.09125,1.09132,1.08944,1.08979,14948.2998
1680192000000,1.08979,1.09065,1.08964,1.09047,10507.1104
1680195600000,1.09048,1.09053,1.0892,1.08998,9087.8701
1680199200000,1.08999,1.09059,1.08961,1.09053,7800.3301
1680202800000,1.09052,1.09077,1.09023,1.09068,7775.0298
1680206400000,1.09067,1.09074,1.09021,1.09052,2392.5901
1680210000000,1.09053,1.09061,1.09041,1.09046,612
1680213600000,1.09047,1.09051,1.09021,1.09023,1697.03
1680217200000,1.09022,1.09059,1.09018,1.09041,4561.02
1680220800000,1.0904,1.0917,1.09038,1.09156,10713.0098
1680224400000,1.09156,1.09257,1.09075,1.0908,15247.6504
1680228000000,1.0908,1.09125,1.09038,1.09073,7564.3999
1680231600000,1.09072,1.09082,1.09012,1.09068,7745.3901
1680235200000,1.09067,1.09094,1.09022,1.09032,5805.0498
1680238800000,1.09033,1.09041,1.08946,1.08951,10705.79
1680242400000,1.08952,1.0905,1.08877,1.09038,13964.5703
1680246000000,1.09039,1.09107,1.088,1.08845,25771.2891
1680249600000,1.08846,1.08918,1.08729,1.08895,31239.8301
1680253200000,1.08891,1.08959,1.08754,1.08835,25225.1602
1680256800000,1.08837,1.08884,1.08675,1.0869,14898.0498
1680260400000,1.08692,1.08793,1.08641,1.0867,13047.9102
1680264000000,1.08672,1.08944,1.08672,1.0887,29638.1504
1680267600000,1.08871,1.0894,1.08773,1.08914,32413.4102
1680271200000,1.08917,1.09018,1.08574,1.08668,36908.0703
1680274800000,1.08668,1.08756,1.08587,1.08718,26086.7402
1680278400000,1.08718,1.08723,1.08586,1.08692,12056.4502
1680282000000,1.08694,1.08711,1.08482,1.08531,8898.9902
1680285600000,1.0853,1.08621,1.08518,1.08554,6881.5298
1680289200000,1.08552,1.08565,1.0843,1.08456,8566.1797
1680292800000,1.08457,1.0846,1.08368,1.08386,4448.6299
1680469200000,1.08398,1.0844,1.08398,1.08418,623.36
1680472800000,1.08418,1.08418,1.08049,1.08191,11038.8896
1680476400000,1.08192,1.08229,1.08011,1.08023,7928.6201
1680480000000,1.08024,1.08146,1.07987,1.08137,14031.5
1680483600000,1.08138,1.08167,1.08027,1.08074,13514.1201
1680487200000,1.08075,1.08079,1.0791,1.07937,7638.6401
1680490800000,1.07941,1.07978,1.07882,1.07899,5603.8701
1680494400000,1.079,1.07958,1.07896,1.07929,8030.02
1680498000000,1.07928,1.07956,1.07891,1.07952,8454.0098
1680501600000,1.07951,1.08161,1.07912,1.08146,15874.9199
1680505200000,1.08148,1.08418,1.08124,1.0839,25904.9609
1680508800000,1.08389,1.08497,1.08299,1.08427,16229.4697
1680512400000,1.08426,1.08543,1.08425,1.08506,17438.5605
1680516000000,1.08507,1.0872,1.08495,1.08702,17822.9004
1680519600000,1.08702,1.08777,1.08607,1.08765,21837.2695
1680523200000,1.08764,1.08764,1.08615,1.0865,20924.25
1680526800000,1.08652,1.08967,1.08644,1.08854,23187.3496
1680530400000,1.08852,1.09165,1.08841,1.0887,50980.1016
1680534000000,1.08871,1.08939,1.08784,1.08903,22833.1797
1680537600000,1.08902,1.08937,1.08839,1.08886,11362.3496
1680541200000,1.08883,1.08886,1.08799,1.08868,9145.0498
1680544800000,1.08867,1.09007,1.08859,1.08966,9475.9902
1680548400000,1.08966,1.09074,1.08946,1.09062,7139.4702
1680552000000,1.09061,1.09082,1.09,1.09,3775.3799
1680555600000,1.09,1.09041,1.09,1.09007,252.89
1680559200000,1.09008,1.09059,1.09008,1.09036,1969.6801
1680562800000,1.09036,1.09095,1.09036,1.09066,4094.1599
1680566400000,1.09067,1.09097,1.08989,1.0901,13254.3701
1680570000000,1.0901,1.09015,1.08902,1.0893,11984.9502
1680573600000,1.08929,1.08958,1.08884,1.08907,10661.6201
1680577200000,1.08908,1.08924,1.08885,1.08885,8078.6401
1680580800000,1.08886,1.08987,1.08878,1.08943,12049.2598
1680584400000,1.08944,1.08955,1.08828,1.08857,9910.4805
1680588000000,1.08853,1.09082,1.08853,1.0907,15769.3096
1680591600000,1.09072,1.0938,1.0902,1.0925,28065.7402
1680595200000,1.0925,1.09257,1.09136,1.0917,26139.9805
1680598800000,1.0917,1.09359,1.09158,1.09313,23713.8496
1680602400000,1.09313,1.09353,1.09162,1.09207,20498.5391
1680606000000,1.09207,1.09207,1.08958,1.08974,16288.9502
1680609600000,1.08974,1.09092,1.08867,1.08911,23373.5996
1680613200000,1.08912,1.0911,1.08884,1.09037,25919.2305
1680616800000,1.09038,1.09733,1.09038,1.09695,56073.4883
1680620400000,1.09693,1.09701,1.09489,1.09506,30133.0996
1680624000000,1.09506,1.09538,1.09432,1.09461,12296.0801
1680627600000,1.09461,1.09506,1.09435,1.09482,6404.1401
1680631200000,1.09481,1.09537,1.0944,1.09532,5783.1802
1680634800000,1.09532,1.09576,1.09509,1.09571,7289.3999
1680638400000,1.09572,1.0958,1.09522,1.09545,2281.4399
1680642000000,1.09545,1.09555,1.09471,1.09544,606.29
1680645600000,1.09542,1.09597,1.09535,1.09573,3409.8501
1680649200000,1.09574,1.09614,1.09564,1.09575,3193.3501
1680652800000,1.09576,1.09695,1.09569,1.09604,8603.7002
1680656400000,1.09605,1.09633,1.09564,1.09573,8581.3896
1680660000000,1.09577,1.09642,1.09567,1.09608,12868.0098
1680663600000,1.09607,1.09626,1.09553,1.09596,8515.4199
1680667200000,1.09596,1.09596,1.09536,1.09547,8250.3896
1680670800000,1.09546,1.09587,1.09512,1.09576,8680.6797
1680674400000,1.09576,1.09595,1.09466,1.09484,17949.4805
1680678000000,1.09485,1.09673,1.09475,1.09501,21456.3809
1680681600000,1.09502,1.09547,1.09408,1.09509,23203.0195
1680685200000,1.0951,1.09603,1.09439,1.0952,15767.8301
1680688800000,1.09519,1.09534,1.09412,1.09457,15293.71
1680692400000,1.09457,1.09468,1.09348,1.0941,12858.3096
1680696000000,1.0941,1.09629,1.09376,1.09576,36979.0586
1680699600000,1.09578,1.09601,1.09387,1.09398,28865.7402
1680703200000,1.09397,1.09668,1.09027,1.09101,47728.2695
1680706800000,1.09101,1.09234,1.09055,1.09173,18908.25
1680710400000,1.09173,1.09197,1.08962,1.08967,12385.9004
1680714000000,1.08966,1.09005,1.0891,1.09005,9180.2803
1680717600000,1.09005,1.09092,1.08992,1.09088,7321.7998
1680721200000,1.09089,1.09096,1.09018,1.09037,6513.8301
1680724800000,1.09035,1.09074,1.09011,1.09044,1683.83
1680728400000,1.09044,1.09067,1.09039,1.09057,433.75
1680732000000,1.09057,1.09103,1.09053,1.09097,1594.01
1680735600000,1.09099,1.09099,1.09029,1.09029,4086.9099
1680739200000,1.09029,1.09043,1.0893,1.08939,8578.0596
1680742800000,1.0894,1.0894,1.08845,1.08921,11275.2695
1680746400000,1.0892,1.08933,1.08853,1.08864,7906.6099
1680750000000,1.08865,1.08924,1.08859,1.08918,5095.0801
1680753600000,1.08918,1.08959,1.08896,1.08928,4585.0098
1680757200000,1.08928,1.08958,1.08896,1.08944,9297.79
1680760800000,1.08943,1.09064,1.08932,1.09022,12508.75
1680764400000,1.09022,1.0917,1.0901,1.09066,25307.75
1680768000000,1.09065,1.09101,1.08934,1.08994,23154.6895
1680771600000,1.08993,1.09101,1.08923,1.09087,15402.7002
1680775200000,1.09087,1.09087,1.08977,1.08997,12717.3301
1680778800000,1.08997,1.09167,1.08995,1.09151,11020.8701
1680782400000,1.0915,1.09194,1.08895,1.08922,25748.0098
1680786000000,1.08922,1.08996,1.08858,1.08966,28344.9004
1680789600000,1.08965,1.09238,1.08924,1.09231,25561.8594
1680793200000,1.09231,1.09283,1.09195,1.09259,18406.1602
1680796800000,1.09258,1.09375,1.09258,1.09341,8997.7598
1680800400000,1.09341,1.0936,1.09292,1.09337,5802.5801
1680804000000,1.09337,1.09349,1.09293,1.0931,5569.73
1680807600000,1.0931,1.09312,1.09213,1.09229,4059.8701
1680811200000,1.09229,1.09233,1.09167,1.09196,2102.74
1680814800000,1.09196,1.09208,1.09174,1.09176,297.29
1680818400000,1.09174,1.09192,1.09156,1.09163,2085.3601
1680822000000,1.09162,1.09206,1.09161,1.09194,1801.77
1680825600000,1.09195,1.0924,1.09141,1.09157,3661.76
1680829200000,1.09159,1.09199,1.09147,1.09176,2346.3999
1680832800000,1.09177,1.09215,1.0917,1.09204,1637.54
1680836400000,1.09205,1.0921,1.09187,1.09197,1004.17
1680840000000,1.09196,1.09207,1.09146,1.09146,1877.53
1680843600000,1.09147,1.09188,1.09143,1.0917,2405.7
1680847200000,1.09168,1.09192,1.09113,1.09179,4015.1001
1680850800000,1.0918,1.09195,1.09138,1.09154,3194.8799
1680854400000,1.09154,1.09176,1.0913,1.09153,2217.79
1680858000000,1.09153,1.09158,1.09112,1.09136,3959.5
1680861600000,1.09135,1.09216,1.09104,1.09216,2128.72
1680865200000,1.09215,1.09215,1.09139,1.09173,2158.8899
1680868800000,1.09173,1.09176,1.08762,1.09035,19941.5996
1680872400000,1.09034,1.09078,1.08933,1.08987,7469.1602
1680876000000,1.08987,1.09149,1.08986,1.09148,3216.51
1680879600000,1.09146,1.09155,1.09056,1.09114,2769.6299
1680883200000,1.09113,1.09123,1.09086,1.09097,2703.1399
1680886800000,1.09097,1.09103,1.09077,1.09079,527.61
1680890400000,1.0908,1.09095,1.09031,1.09058,4034.75
1680894000000,1.09058,1.09065,1.08993,1.09037,3920.6699
1680897600000,1.09036,1.0907,1.08974,1.09029,7361.2202
1681074000000,1.0898,1.09049,1.0898,1.08993,945.83
1681077600000,1.09045,1.09114,1.09035,1.09093,4623.4902
1681081200000,1.09094,1.09134,1.09062,1.09129,4420.1899
1681084800000,1.09132,1.09145,1.09033,1.09034,8944.0801
1681088400000,1.09034,1.09066,1.08972,1.09005,12440.0303
1681092000000,1.09004,1.09029,1.08982,1.08984,4288.5298
1681095600000,1.08985,1.09015,1.08968,1.08991,3285.04
1681099200000,1.08992,1.09005,1.08951,1.08962,4271.0698
1681102800000,1.08961,1.08996,1.08908,1.08993,4926.4302
1681106400000,1.08994,1.09054,1.08952,1.09048,5373.1001
1681110000000,1.0905,1.09169,1.09042,1.09166,7511.9399
1681113600000,1.09167,1.09171,1.09088,1.09118,5790.6802
1681117200000,1.09118,1.09164,1.09043,1.09059,7644.96
1681120800000,1.0906,1.09109,1.09048,1.09062,4848.25
1681124400000,1.09061,1.09082,1.08864,1.08888,13126.29
1681128000000,1.08887,1.08914,1.0847,1.08489,25380.8906
1681131600000,1.08488,1.08571,1.08379,1.0838,25341.8906
1681135200000,1.08377,1.08439,1.08313,1.08382,16608.5508
1681138800000,1.08382,1.08477,1.08373,1.08391,11011.5898
1681142400000,1.08391,1.08523,1.0838,1.08475,7454.1802
1681146000000,1.08478,1.08571,1.08478,1.08556,7075.1899
1681149600000,1.08557,1.08594,1.08536,1.0859,7552.5298
1681153200000,1.08591,1.08629,1.0855,1.08629,8330.46
1681156800000,1.08628,1.08628,1.08592,1.08597,1782.39
1681160400000,1.08597,1.08631,1.08581,1.08593,10778.8398
1681164000000,1.08592,1.08657,1.08592,1.08648,2748.26
1681167600000,1.08649,1.08699,1.08638,1.08687,2918.6399
1681171200000,1.08687,1.08788,1.08687,1.08775,8523.3096
1681174800000,1.08775,1.08789,1.0867,1.08782,14247.0596
1681178400000,1.08782,1.08853,1.08775,1.08825,11889.1104
1681182000000,1.08824,1.08877,1.08794,1.08815,10364.0195
1681185600000,1.08814,1.08857,1.08808,1.08824,8740.21
1681189200000,1.08823,1.08943,1.08823,1.08941,11587.0703
1681192800000,1.08942,1.08973,1.08808,1.08841,16158.4102
1681196400000,1.08842,1.09044,1.08835,1.08954,25651.5195
1681200000000,1.08953,1.09102,1.08944,1.09068,17135.0605
1681203600000,1.09066,1.09197,1.09062,1.09129,20749.1797
1681207200000,1.09129,1.09266,1.09084,1.09226,15799.8398
1681210800000,1.09225,1.09242,1.0905,1.0905,17595.5508
1681214400000,1.0905,1.0918,1.09022,1.09118,19353.9902
1681218000000,1.09119,1.09241,1.09073,1.09214,24442.5195
1681221600000,1.09216,1.09279,1.09109,1.09111,22366.2793
1681225200000,1.09111,1.09161,1.09031,1.09046,15399.2803
1681228800000,1.09048,1.09068,1.08974,1.08987,11957.1504
1681232400000,1.08988,1.09107,1.0896,1.09102,6446.98
1681236000000,1.09104,1.09117,1.09041,1.09074,5443.0298
1681239600000,1.09076,1.09168,1.09074,1.0914,6607.7402
1681243200000,1.0914,1.09155,1.09113,1.0912,1204.5699
1681246800000,1.0912,1.09131,1.09095,1.09102,448.76
1681250400000,1.09112,1.09176,1.09112,1.09167,1472.75
1681254000000,1.09168,1.09171,1.09144,1.09163,2461.8899
1681257600000,1.09163,1.09275,1.09147,1.09252,5381.1699
1681261200000,1.09252,1.09287,1.09213,1.09262,7704.1001
1681264800000,1.0926,1.09273,1.0917,1.0919,7515.4702
1681268400000,1.0919,1.09254,1.09164,1.09241,6851.27
1681272000000,1.0924,1.09285,1.09222,1.09255,5584.3501
1681275600000,1.09256,1.09355,1.09251,1.09354,6303
1681279200000,1.09354,1.09373,1.09159,1.09266,12464.7803
1681282800000,1.09265,1.0934,1.09193,1.09266,20122.6191
1681286400000,1.09265,1.09299,1.0918,1.09237,15259.2197
1681290000000,1.09236,1.09292,1.09206,1.09279,11065.3799
1681293600000,1.0928,1.09359,1.09245,1.09245,10470.2197
1681297200000,1.09246,1.09307,1.09209,1.09224,9972.8096
1681300800000,1.09225,1.09898,1.09196,1.09638,43523.25
1681304400000,1.09639,1.0988,1.0958,1.09742,48391.6016
1681308000000,1.09745,1.09998,1.09724,1.0976,45646.5508
1681311600000,1.09759,1.09877,1.09702,1.09865,20142.7891
1681315200000,1.09864,1.09962,1.09849,1.0996,12662.5996
1681318800000,1.09959,1.09988,1.09925,1.09937,8757.4805
1681322400000,1.09933,1.10004,1.09892,1.09947,14841.8701
1681326000000,1.09946,1.09965,1.09865,1.09883,11165.7402
1681329600000,1.09884,1.09916,1.09866,1.09915,2026.11
1681333200000,1.09914,1.09916,1.09901,1.09916,119.6
1681336800000,1.09915,1.0995,1.09893,1.0995,2379.1001
1681340400000,1.09949,1.09995,1.09932,1.09968,4724.8101
1681344000000,1.09967,1.10049,1.09878,1.1002,8592.1904
1681347600000,1.10021,1.10033,1.09944,1.0996,12746.8604
1681351200000,1.09958,1.09981,1.09923,1.09927,9712.71
1681354800000,1.09924,1.0993,1.09836,1.09883,9284.7402
1681358400000,1.09882,1.09934,1.0988,1.09898,5634.6899
1681362000000,1.09899,1.09906,1.0983,1.09837,8041.52
1681365600000,1.09841,1.09913,1.09767,1.0981,12448.3896
1681369200000,1.0981,1.10006,1.09809,1.09991,21074.4902
1681372800000,1.09991,1.1025,1.09991,1.10146,22476.5195
1681376400000,1.10145,1.10316,1.10105,1.10232,15206.2305
1681380000000,1.10233,1.10266,1.1013,1.1014,13871.1699
1681383600000,1.10141,1.10185,1.10084,1.10099,12447.6602
1681387200000,1.101,1.10535,1.10083,1.10488,36243.2188
1681390800000,1.10489,1.10676,1.10432,1.10645,30092.5098
1681394400000,1.10646,1.10657,1.10444,1.10469,28947.9902
1681398000000,1.10469,1.10615,1.10461,1.10529,15326.4805
1681401600000,1.1053,1.1057,1.10475,1.10555,7367.6899
1681405200000,1.10557,1.10596,1.10501,1.10526,8042.9302
1681408800000,1.10526,1.10529,1.1044,1.10485,6177.5098
1681412400000,1.10484,1.10495,1.10443,1.10464,6182.6499
1681416000000,1.10466,1.10486,1.10454,1.10461,1385.61
1681419600000,1.10461,1.10467,1.10451,1.10455,382.93
1681423200000,1.10455,1.1049,1.10455,1.1048,1983.6899
1681426800000,1.1048,1.10516,1.10479,1.10516,2278.8601
1681430400000,1.10517,1.10589,1.10488,1.10543,10226.46
1681434000000,1.10544,1.10636,1.10529,1.10636,9459.1904
1681437600000,1.10635,1.10751,1.10631,1.10702,10280.2598
1681441200000,1.10701,1.10734,1.10662,1.10703,8111.3999
1681444800000,1.10702,1.10727,1.10675,1.10689,7359.25
1681448400000,1.1069,1.10746,1.10619,1.10742,9466.7695
1681452000000,1.10742,1.10758,1.1063,1.10668,13912.3398
1681455600000,1.10668,1.10714,1.10593,1.10653,15337.3496
1681459200000,1.10653,1.1066,1.10539,1.1059,15799.8398
1681462800000,1.10589,1.10644,1.10553,1.10626,10487.5996
1681466400000,1.10623,1.10666,1.10562,1.10586,11394.2402
1681470000000,1.10587,1.10587,1.10477,1.10538,16007.1201
1681473600000,1.1054,1.10739,1.10185,1.10345,44093.6719
1681477200000,1.10344,1.10363,1.10186,1.10298,37193.3203
1681480800000,1.10298,1.10298,1.09962,1.10061,52496.8203
1681484400000,1.10062,1.10095,1.0975,1.09787,27284.1992
1681488000000,1.09789,1.09851,1.09722,1.09775,14299.9502
1681491600000,1.09775,1.09901,1.09752,1.09871,9740.2598
1681495200000,1.09871,1.09989,1.09871,1.09988,9199.1904
1681498800000,1.09987,1.09992,1.09921,1.09964,4669.0298
1681502400000,1.09964,1.09977,1.0992,1.09922,3125.1799
1681678800000,1.09888,1.09942,1.09885,1.09921,425.41
1681682400000,1.09926,1.09937,1.09853,1.09868,5093.54
1681686000000,1.09868,1.09904,1.09832,1.09843,5237.2798
1681689600000,1.09844,1.09914,1.09726,1.09727,7932.5098
1681693200000,1.0973,1.09758,1.09615,1.09711,11247.2002
1681696800000,1.09712,1.0982,1.0971,1.09807,7885.46
1681700400000,1.09806,1.09809,1.09761,1.09762,6355.3901
1681704000000,1.09761,1.09847,1.09756,1.09844,5141.3999
1681707600000,1.09845,1.09945,1.09839,1.09886,9173.5996
1681711200000,1.09884,1.09934,1.09834,1.09865,12068.5996
1681714800000,1.09865,1.09997,1.09863,1.09919,16712.7109
1681718400000,1.09918,1.09933,1.0964,1.09646,19987.1504
1681722000000,1.09644,1.09847,1.09644,1.09805,15806.2598
1681725600000,1.09804,1.09849,1.09722,1.09816,11863.5898
1681729200000,1.09816,1.09843,1.09724,1.09767,14768.5498
1681732800000,1.09766,1.09842,1.09516,1.09535,27755.9707
1681736400000,1.09536,1.09569,1.09298,1.0932,31658.8906
1681740000000,1.0932,1.09358,1.09091,1.09142,36270.3086
1681743600000,1.09142,1.0924,1.09121,1.09139,20956.4492
1681747200000,1.0914,1.09179,1.09105,1.09116,11250.0303
1681750800000,1.09116,1.09253,1.09116,1.09237,7041.6001
1681754400000,1.09236,1.09272,1.0919,1.09257,6082.8799
1681758000000,1.09259,1.09311,1.09251,1.09307,5792.77
1681761600000,1.09307,1.09307,1.09253,1.09268,2142.74
1681765200000,1.09268,1.09268,1.09249,1.09249,430.84
1681768800000,1.0925,1.09283,1.09233,1.0924,1814.91
1681772400000,1.09239,1.09264,1.09236,1.09244,2525.49
1681776000000,1.09245,1.09289,1.09222,1.09252,7150.8701
1681779600000,1.09255,1.09344,1.09234,1.09328,9119.5996
1681783200000,1.0933,1.0936,1.09279,1.09339,10721.8604
1681786800000,1.09339,1.0939,1.09332,1.09357,6170.5098
1681790400000,1.09356,1.09376,1.09337,1.09368,5132.1401
1681794000000,1.09368,1.09437,1.09342,1.09421,8280.5596
1681797600000,1.09422,1.09524,1.0935,1.09489,16414.6895
1681801200000,1.09488,1.09707,1.09468,1.09702,21871
1681804800000,1.09702,1.09828,1.09665,1.0981,22545.2793
1681808400000,1.09807,1.09828,1.09704,1.09748,16876.0508
1681812000000,1.09747,1.09799,1.0969,1.09771,10411.5703
1681815600000,1.09783,1.09784,1.09656,1.09663,15330.1904
1681819200000,1.09662,1.09781,1.09544,1.09559,20181.75
1681822800000,1.09558,1.09647,1.09427,1.09577,23058.1406
1681826400000,1.09578,1.0971,1.09532,1.09622,28034.2109
1681830000000,1.09621,1.09664,1.09561,1.09571,13528.9902
1681833600000,1.09573,1.09702,1.09547,1.09702,8314.04
1681837200000,1.09702,1.09711,1.0967,1.09683,8874.3096
1681840800000,1.09681,1.09743,1.09673,1.09711,6611.4502
1681844400000,1.09713,1.09747,1.09696,1.09708,5438.3101
1681848000000,1.09707,1.0974,1.097,1.09708,2503.6101
1681851600000,1.09708,1.0972,1.0968,1.0972,5439.1099
1681855200000,1.09714,1.09753,1.0971,1.09737,11091.9102
1681858800000,1.09738,1.09764,1.09732,1.09748,4147.1802
1681862400000,1.09749,1.09828,1.09739,1.09827,7126.77
1681866000000,1.09826,1.0984,1.09683,1.09695,11097.4297
1681869600000,1.09696,1.09739,1.09649,1.09739,9535.3799
1681873200000,1.09741,1.09753,1.09697,1.09742,5399.8101
1681876800000,1.09742,1.09745,1.09672,1.09684,4675.1299
1681880400000,1.09684,1.09703,1.096,1.09609,8176.96
1681884000000,1.0961,1.09703,1.09463,1.09561,25184.4004
1681887600000,1.09562,1.09722,1.0956,1.09625,23773.1992
1681891200000,1.09626,1.09629,1.09485,1.09555,21850.7891
1681894800000,1.09554,1.09631,1.0926,1.09299,26779.4004
1681898400000,1.093,1.09417,1.09271,1.09337,15216.0498
1681902000000,1.09337,1.09338,1.09172,1.09311,18961.0391
1681905600000,1.09311,1.09496,1.09272,1.09496,22621.3008
1681909200000,1.09496,1.09637,1.09473,1.09601,25019.8203
1681912800000,1.096,1.09793,1.0957,1.09571,25493.3496
1681916400000,1.09572,1.09623,1.09511,1.0953,18751.4707
1681920000000,1.0953,1.09667,1.09518,1.09657,9560.8096
1681923600000,1.09658,1.09667,1.0954,1.09558,8706.6904
1681927200000,1.09559,1.09605,1.09517,1.09526,8323.0801
1681930800000,1.09527,1.09558,1.09516,1.09548,6517.9302
1681934400000,1.09548,1.0957,1.09517,1.0954,1738.87
1681938000000,1.0954,1.09579,1.0954,1.09553,1554.0601
1681941600000,1.09562,1.0957,1.09516,1.09526,3156.47
1681945200000,1.09525,1.09529,1.0947,1.09516,3940.51
1681948800000,1.09517,1.09592,1.09507,1.09566,8016.5498
1681952400000,1.09566,1.09614,1.09494,1.09602,14317.75
1681956000000,1.09601,1.09607,1.09523,1.09539,9544.54
1681959600000,1.09539,1.09616,1.0953,1.09594,6740.98
1681963200000,1.09593,1.09596,1.09551,1.0959,5260.7998
1681966800000,1.09591,1.0964,1.0955,1.09618,6505.0498
1681970400000,1.09618,1.0973,1.09599,1.0967,14957.6797
1681974000000,1.09671,1.0969,1.09498,1.09612,27022.8496
1681977600000,1.09612,1.09783,1.09559,1.09713,23991.1504
1681981200000,1.09712,1.09731,1.09562,1.09616,19468.0898
1681984800000,1.09615,1.09781,1.09576,1.0971,12220.3398
1681988400000,1.0971,1.09748,1.09536,1.09547,17734.6504
1681992000000,1.09546,1.09849,1.09334,1.09775,41889.3594
1681995600000,1.09774,1.09817,1.09645,1.09727,32643.5703
1681999200000,1.09724,1.09895,1.0971,1.09793,29066.7207
1682002800000,1.09793,1.09805,1.09655,1.09694,20242.7793
1682006400000,1.09696,1.09719,1.09632,1.09672,13063.2598
1682010000000,1.09673,1.09706,1.09636,1.09702,6621.1899
1682013600000,1.097,1.09725,1.09587,1.09649,6582.9502
1682017200000,1.09649,1.09655,1.09562,1.09634,9199.5195
1682020800000,1.09634,1.09708,1.09632,1.09671,2518.74
1682024400000,1.09665,1.09699,1.09655,1.0967,1086.04
1682028000000,1.09671,1.09719,1.0967,1.09683,3565.6001
1682031600000,1.09684,1.097,1.09656,1.09676,3934.9199
1682035200000,1.09676,1.09722,1.09618,1.09701,7101.3799
1682038800000,1.09702,1.09731,1.09651,1.09651,7213.8701
1682042400000,1.09651,1.09703,1.09631,1.09652,8644.71
1682046000000,1.09652,1.09664,1.0963,1.09639,5583.6299
1682049600000,1.09639,1.09639,1.09586,1.09602,4205.5601
1682053200000,1.09603,1.09611,1.09555,1.09605,7567.25
1682056800000,1.09604,1.09636,1.0938,1.09417,15533.5801
1682060400000,1.09417,1.09576,1.09385,1.09561,27576.6992
1682064000000,1.09561,1.09719,1.09523,1.09596,23671.1602
1682067600000,1.09594,1.09621,1.09514,1.09546,15533.8203
1682071200000,1.09545,1.09712,1.0949,1.0965,13186.8398
1682074800000,1.09652,1.09857,1.09628,1.09813,18621.9102
1682078400000,1.09815,1.09901,1.09733,1.09881,21986.5293
1682082000000,1.0988,1.09936,1.09531,1.09556,38917.8906
1682085600000,1.09555,1.09793,1.09425,1.09719,43342.0703
1682089200000,1.09721,1.09796,1.09701,1.09719,23160.7305
1682092800000,1.0972,1.09797,1.0969,1.09791,12751.4297
1682096400000,1.09787,1.09809,1.0972,1.09808,10597.2598
1682100000000,1.09807,1.09878,1.0975,1.09765,7299.98
1682103600000,1.09766,1.09902,1.09746,1.09902,6285.8101
1682107200000,1.09901,1.09929,1.09851,1.09874,4792.9102
1682283600000,1.09913,1.09913,1.09865,1.09868,680
1682287200000,1.09866,1.0993,1.09864,1.09922,5318.23
1682290800000,1.09923,1.09962,1.09911,1.09916,4193.3799
1682294400000,1.09916,1.0995,1.09843,1.09948,9310.4502
1682298000000,1.09949,1.09949,1.09869,1.09875,10029.4102
1682301600000,1.09874,1.09907,1.09802,1.0981,9833.21
1682305200000,1.09809,1.09847,1.09798,1.09815,7726.8301
1682308800000,1.09813,1.09825,1.09794,1.09803,5793.9702
1682312400000,1.09804,1.09811,1.09724,1.09782,8795.0801
1682316000000,1.09781,1.09864,1.09731,1.09747,14344.54
1682319600000,1.09747,1.09881,1.09658,1.09868,17501.8594
1682323200000,1.09869,1.10095,1.09839,1.10086,19319.2891
1682326800000,1.10085,1.10204,1.09992,1.10003,23479.2598
1682330400000,1.10005,1.10171,1.09988,1.10164,14967.79
1682334000000,1.10164,1.10175,1.09991,1.10023,14826.54
1682337600000,1.10022,1.1025,1.09992,1.10228,17198.3691
1682341200000,1.10227,1.10313,1.10128,1.10238,28922.9902
1682344800000,1.10237,1.10368,1.10205,1.10292,29479.1992
1682348400000,1.10294,1.10321,1.10205,1.10258,23175.75
1682352000000,1.10258,1.1034,1.10247,1.10337,11643.96
1682355600000,1.10338,1.10483,1.10334,1.10439,7447.54
1682359200000,1.10438,1.105,1.10419,1.10465,5547.77
1682362800000,1.10465,1.10469,1.10418,1.10431,5627.1201
1682366400000,1.10433,1.10464,1.10431,1.10455,2059.4099
1682370000000,1.10447,1.10478,1.10429,1.10455,1300.95
1682373600000,1.10456,1.10519,1.10456,1.10511,2622.21
1682377200000,1.10511,1.1057,1.10493,1.1057,4912.48
1682380800000,1.10573,1.10669,1.10533,1.10591,9485.8496
1682384400000,1.10591,1.1067,1.10561,1.10567,12679.6104
1682388000000,1.10566,1.10569,1.10518,1.10539,11473.3604
1682391600000,1.10539,1.10568,1.10514,1.10527,7638.8301
1682395200000,1.10528,1.10588,1.10507,1.10511,8317.3398
1682398800000,1.10511,1.10542,1.1045,1.1049,10883.5703
1682402400000,1.1049,1.10564,1.10461,1.10516,18895.0293
1682406000000,1.10514,1.10515,1.10245,1.10326,35715.6797
1682409600000,1.10326,1.10411,1.10254,1.10398,17423.4707
1682413200000,1.10395,1.10439,1.10299,1.10303,14850.4102
1682416800000,1.10304,1.10358,1.10196,1.10205,13395.7197
1682420400000,1.10205,1.10237,1.10094,1.10167,15808.5098
1682424000000,1.10166,1.10294,1.1014,1.10172,20718.4102
1682427600000,1.10172,1.10188,1.09943,1.0999,26790.4004
1682431200000,1.0999,1.10037,1.0975,1.09766,37913.0586
1682434800000,1.09767,1.09874,1.09685,1.09685,20699.75
1682438400000,1.09685,1.09733,1.09653,1.0968,12654.6104
1682442000000,1.09681,1.09726,1.09641,1.09685,12481.9502
1682445600000,1.09686,1.09738,1.09646,1.09723,12213.8301
1682449200000,1.09723,1.09759,1.09685,1.09698,9021.5
1682452800000,1.097,1.09753,1.09695,1.09718,3242.0601
1682456400000,1.09708,1.09746,1.09668,1.09741,1649.61
1682460000000,1.09738,1.09799,1.0973,1.09781,5212.8799
1682463600000,1.09781,1.09804,1.09727,1.09779,5040.3501
1682467200000,1.09778,1.09799,1.09719,1.09781,10997.7002
1682470800000,1.09783,1.09785,1.09683,1.09755,12674.6904
1682474400000,1.09753,1.09787,1.09725,1.0977,8516.4404
1682478000000,1.09771,1.09785,1.09736,1.09751,5421.6001
1682481600000,1.0975,1.09816,1.0972,1.09812,6797.2202
1682485200000,1.09809,1.09906,1.09795,1.09886,9356.8398
1682488800000,1.09886,1.10115,1.09849,1.10066,15056.46
1682492400000,1.10066,1.10258,1.10041,1.10192,28282.5508
1682496000000,1.10191,1.1043,1.10159,1.10418,25912.8691
1682499600000,1.10418,1.10544,1.10369,1.1041,24504.5801
1682503200000,1.10411,1.10626,1.10386,1.1045,18816.7793
1682506800000,1.10451,1.10583,1.10312,1.10461,29730.9609
1682510400000,1.1046,1.10576,1.10355,1.10537,32310.9297
1682514000000,1.10537,1.10952,1.10482,1.10849,43713.2188
1682517600000,1.1085,1.10858,1.10418,1.10433,38109.3008
1682521200000,1.10435,1.10567,1.10362,1.10509,24125.5195
1682524800000,1.10509,1.10528,1.10329,1.10409,18228.0391
1682528400000,1.10409,1.10419,1.10347,1.10374,9827.7695
1682532000000,1.10376,1.10397,1.10323,1.1039,8781.1504
1682535600000,1.10389,1.10409,1.10324,1.10356,9691.2402
1682539200000,1.10356,1.10419,1.1035,1.10384,2819.5701
1682542800000,1.1038,1.10422,1.1038,1.10409,1292.39
1682546400000,1.10409,1.10443,1.1035,1.10396,4742.79
1682550000000,1.10396,1.10463,1.10385,1.1045,4800.0698
1682553600000,1.1045,1.10474,1.10409,1.10456,9306.8896
1682557200000,1.10456,1.10491,1.10389,1.10455,10484.9297
1682560800000,1.10457,1.10536,1.10427,1.10528,9580.2803
1682564400000,1.1053,1.1054,1.10456,1.10456,6139.71
1682568000000,1.10456,1.10547,1.10456,1.10506,7259.8701
1682571600000,1.10505,1.10634,1.10498,1.10595,10755.7695
1682575200000,1.10594,1.10615,1.10489,1.10558,13353.9502
1682578800000,1.10557,1.10585,1.10398,1.10495,23755.8496
1682582400000,1.10496,1.10593,1.10412,1.10528,18524.4902
1682586000000,1.10529,1.10557,1.1034,1.10378,14273.4404
1682589600000,1.10377,1.10474,1.10345,1.10448,13453.1299
1682593200000,1.10447,1.10497,1.10306,1.10344,16999.9707
1682596800000,1.10344,1.10575,1.10008,1.1013,44203.6484
1682600400000,1.10131,1.10246,1.0992,1.101,44924.6016
1682604000000,1.10101,1.10231,1.1005,1.10106,33074.4492
1682607600000,1.10107,1.10268,1.10061,1.10154,21971.4707
1682611200000,1.10156,1.10202,1.10071,1.10084,12039.9102
1682614800000,1.10085,1.10246,1.10055,1.10223,9036.5195
1682618400000,1.10224,1.10273,1.10187,1.10269,6873.5
1682622000000,1.10268,1.10298,1.10226,1.1024,7400.0698
1682625600000,1.10241,1.10294,1.10233,1.10273,3624.3
1682629200000,1.10266,1.10278,1.1022,1.10233,1320.03
1682632800000,1.10235,1.10292,1.10235,1.10266,2695.1001
1682636400000,1.10267,1.10338,1.10265,1.10315,4752.29
1682640000000,1.10315,1.10394,1.103,1.10345,10520.2305
1682643600000,1.10345,1.10346,1.1025,1.10267,15123.3496
1682647200000,1.10267,1.10269,1.10154,1.1017,11836.54
1682650800000,1.1017,1.10211,1.10125,1.10194,11814.8301
1682654400000,1.10193,1.10218,1.10082,1.10136,17389.7109
1682658000000,1.10136,1.10222,1.10056,1.10122,14911.8398
1682661600000,1.10122,1.10363,1.10059,1.10253,29945.9395
1682665200000,1.10253,1.10253,1.09938,1.10085,28653.0098
1682668800000,1.10085,1.10094,1.09766,1.09909,28020.0801
1682672400000,1.0991,1.09939,1.09816,1.09879,20214.4609
1682676000000,1.0988,1.09985,1.09822,1.09838,14848.6602
1682679600000,1.0984,1.09883,1.09723,1.09737,12920.29
1682683200000,1.09736,1.09953,1.09624,1.09844,37811.4219
1682686800000,1.09844,1.10156,1.09826,1.09996,37783.0586
1682690400000,1.10005,1.10412,1.09907,1.10369,46436.5
1682694000000,1.10367,1.10449,1.10289,1.10394,27161.9609
1682697600000,1.10394,1.10406,1.10282,1.10308,16932.3203
1682701200000,1.10307,1.10309,1.10219,1.10237,11825.3496
1682704800000,1.10235,1.10258,1.10152,1.1017,8734.5996
1682708400000,1.10172,1.10208,1.10119,1.10193,6401.6499
1682712000000,1.10194,1.10201,1.10139,1.10144,4366.1099
1682888400000,1.1024,1.1027,1.10182,1.10191,764.56
1682892000000,1.10191,1.1022,1.10106,1.10112,7285.3398
1682895600000,1.10112,1.10134,1.101,1.10105,4292.8999
1682899200000,1.10106,1.10143,1.10045,1.10055,8127.1401
1682902800000,1.10055,1.10084,1.1002,1.1004,7000.5898
1682906400000,1.10037,1.10081,1.10007,1.10081,3727.6499
1682910000000,1.10081,1.1014,1.10053,1.1014,4344.2002
1682913600000,1.10143,1.10143,1.10032,1.10062,4607.46
1682917200000,1.10063,1.10087,1.10008,1.10059,6679.8398
1682920800000,1.1006,1.10064,1.09947,1.09977,11011.4404
1682924400000,1.09978,1.10057,1.09963,1.10033,13518.3799
1682928000000,1.10033,1.10033,1.09914,1.09921,10170.5195
1682931600000,1.09921,1.10044,1.09882,1.10031,6407.48
1682935200000,1.10029,1.10095,1.09996,1.10088,8752.8096
1682938800000,1.10091,1.1014,1.10063,1.10133,9888.8701
1682942400000,1.10134,1.10335,1.10077,1.10327,23996.5703
1682946000000,1.10328,1.10355,1.1018,1.10187,22107.5703
1682949600000,1.10186,1.10186,1.09778,1.09815,37227.3086
1682953200000,1.09814,1.0982,1.09661,1.09692,19934.75
1682956800000,1.09692,1.09714,1.09643,1.09675,10923.0801
1682960400000,1.09674,1.0972,1.09653,1.09719,7923.7998
1682964000000,1.09718,1.09756,1.09687,1.09694,9807.2695
1682967600000,1.09694,1.09733,1.09657,1.09727,9060.7803
1682971200000,1.09727,1.09766,1.09713,1.09741,4640.29
1682974800000,1.09741,1.09757,1.09721,1.09753,544.95
1682978400000,1.09752,1.0976,1.09733,1.09739,1723.63
1682982000000,1.09739,1.09742,1.09672,1.09687,3645.0701
1682985600000,1.09687,1.09791,1.09685,1.09789,7278.21
1682989200000,1.09788,1.09943,1.09785,1.0988,12445.9697
1682992800000,1.09883,1.09913,1.0986,1.09885,6977.5601
1682996400000,1.09885,1.09886,1.09833,1.09839,6542.5801
1683000000000,1.0984,1.0989,1.0979,1.09845,13010.3496
1683003600000,1.09844,1.09927,1.09832,1.09834,13748.7305
1683007200000,1.09834,1.09946,1.0983,1.09914,11911.1699
1683010800000,1.09915,1.10066,1.09823,1.09855,26323.9395
1683014400000,1.09855,1.09865,1.09598,1.09718,28572.8105
1683018000000,1.09717,1.09817,1.09492,1.09526,23158.2598
1683021600000,1.09526,1.096,1.0948,1.09569,13914.4404
1683025200000,1.09569,1.09761,1.09568,1.09676,16530.9297
1683028800000,1.09676,1.09705,1.09541,1.09552,19701.7305
1683032400000,1.09552,1.09591,1.09422,1.09434,26428.0898
1683036000000,1.09432,1.0993,1.09431,1.09792,50037.4688
1683039600000,1.0979,1.09975,1.09776,1.09965,29384.5
1683043200000,1.09964,1.1003,1.0994,1.09998,14584.5303
1683046800000,1.09998,1.10035,1.09946,1.09972,8016.4302
1683050400000,1.09974,1.10016,1.09971,1.10011,7538.3999
1683054000000,1.10012,1.10078,1.10003,1.10057,6869.5801
1683057600000,1.10057,1.10068,1.09975,1.09989,2207.9399
1683061200000,1.09989,1.10025,1.09989,1.10003,523.29
1683064800000,1.10013,1.10063,1.10003,1.10063,3363.9399
1683068400000,1.10063,1.10137,1.10048,1.10107,5423
1683072000000,1.1011,1.10204,1.10048,1.10172,6465.27
1683075600000,1.10173,1.1024,1.10128,1.10227,6674.6099
1683079200000,1.10228,1.10258,1.10197,1.10253,6070.9902
1683082800000,1.10252,1.10297,1.10251,1.10294,4622.79
1683086400000,1.10294,1.10294,1.10212,1.10216,6789.9302
1683090000000,1.10217,1.10263,1.10182,1.102,8777.4102
1683093600000,1.10199,1.10317,1.10142,1.10306,12161.4004
1683097200000,1.10303,1.10411,1.10259,1.10343,20142.0391
1683100800000,1.10344,1.10468,1.10343,1.10395,18806.5195
1683104400000,1.10395,1.10468,1.10365,1.10403,13857.8604
1683108000000,1.10403,1.10404,1.10296,1.10328,14773.6904
1683111600000,1.10329,1.10436,1.10319,1.10395,13604.9297
1683115200000,1.10396,1.10435,1.1022,1.10384,26211.3809
1683118800000,1.10384,1.10434,1.10295,1.10316,27314.3809
1683122400000,1.10316,1.10593,1.10316,1.10527,26598.2695
1683126000000,1.10526,1.10585,1.10478,1.10478,19665.3809
1683129600000,1.10478,1.10528,1.10445,1.10468,9650.25
1683133200000,1.10467,1.10529,1.10416,1.10491,10035.8301
1683136800000,1.10492,1.10916,1.10371,1.10599,76873.1406
1683140400000,1.106,1.10636,1.10404,1.10544,49688.0781
1683144000000,1.10544,1.10627,1.10515,1.10599,4978.6401
1683147600000,1.10599,1.1066,1.1059,1.10609,1188.04
1683151200000,1.10609,1.1078,1.10607,1.10679,14463.1104
1683154800000,1.10677,1.10727,1.1064,1.10685,7134.6899
1683158400000,1.10686,1.10872,1.10686,1.10757,13220.96
1683162000000,1.10758,1.10841,1.10713,1.10814,15571.7402
1683165600000,1.10816,1.10875,1.10803,1.1084,11647.9805
1683169200000,1.10841,1.10858,1.10802,1.10812,7110.5898
1683172800000,1.10812,1.10873,1.10794,1.10814,7354.3101
1683176400000,1.10814,1.10878,1.10798,1.10839,9493.5
1683180000000,1.10841,1.10917,1.10727,1.10753,23253.2207
1683183600000,1.10754,1.10767,1.10521,1.10578,29310.3203
1683187200000,1.10578,1.10579,1.10369,1.10404,18946.4395
1683190800000,1.10403,1.1056,1.10364,1.10549,17392.5391
1683194400000,1.10549,1.10632,1.1049,1.10605,18691.6504
1683198000000,1.10604,1.10765,1.10601,1.10743,15856.5
1683201600000,1.10743,1.10842,1.10013,1.10093,59707.2695
1683205200000,1.10092,1.10552,1.10026,1.10238,53450.7305
1683208800000,1.1024,1.10382,1.0986,1.10008,51863.5898
1683212400000,1.10007,1.10137,1.09952,1.10082,34364.5117
1683216000000,1.10083,1.10304,1.10079,1.10246,21672.4199
1683219600000,1.10248,1.10315,1.10204,1.10216,14358.0996
1683223200000,1.10215,1.10225,1.10112,1.10158,9401.21
1683226800000,1.10157,1.10199,1.10134,1.10146,7085.4902
1683230400000,1.10145,1.10154,1.101,1.1012,3770.47
1683234000000,1.1012,1.10141,1.10113,1.10128,394.97
1683237600000,1.10128,1.10212,1.10095,1.10211,3708.8899
1683241200000,1.10211,1.10244,1.10192,1.10229,4105.2002
1683244800000,1.10229,1.10295,1.10188,1.10248,5826.29
1683248400000,1.10252,1.10371,1.10252,1.10354,8260.0303
1683252000000,1.10354,1.10372,1.10273,1.10311,7535.3799
1683255600000,1.10311,1.10444,1.1031,1.10439,8006.6001
1683259200000,1.10441,1.10449,1.10404,1.10417,4878.1499
1683262800000,1.10417,1.10463,1.10379,1.10398,11251.8496
1683266400000,1.10398,1.10468,1.10299,1.10452,16850.0293
1683270000000,1.10453,1.10477,1.10256,1.10267,23570.1094
1683273600000,1.10268,1.10316,1.1024,1.10281,16947.5195
1683277200000,1.10281,1.10319,1.1022,1.10272,12273.4697
1683280800000,1.10273,1.10309,1.10213,1.10247,10827.9102
1683284400000,1.10249,1.10258,1.10085,1.10093,12803.8799
1683288000000,1.10092,1.10185,1.09667,1.09759,44100.6406
1683291600000,1.09762,1.0996,1.0976,1.09911,43987.3516
1683295200000,1.09912,1.10079,1.09853,1.10069,27548.7598
1683298800000,1.10067,1.10267,1.10049,1.10245,23874.8496
1683302400000,1.10246,1.10365,1.10212,1.10321,14126.8203
1683306000000,1.10321,1.10346,1.10096,1.10116,14458.96
1683309600000,1.10116,1.10269,1.10106,1.10263,10452.6797
1683313200000,1.10262,1.10264,1.10166,1.10182,8576.3496
1683316800000,1.10183,1.10197,1.10154,1.10162,5658.7998
1683493200000,1.10209,1.10219,1.10144,1.10209,1367.3101
1683496800000,1.10213,1.10228,1.10143,1.1016,4399.0801
1683500400000,1.1016,1.10217,1.10141,1.10181,5301.0801
1683504000000,1.10182,1.10252,1.10167,1.10241,8312.9805
1683507600000,1.10242,1.10321,1.10185,1.1031,8547
1683511200000,1.10312,1.1037,1.10282,1.1032,9185.3203
1683514800000,1.10321,1.10399,1.10313,1.1039,7128.8799
1683518400000,1.1039,1.10442,1.10385,1.10435,8122.8301
1683522000000,1.10435,1.10444,1.10366,1.10389,8143.1099
1683525600000,1.10391,1.10505,1.10374,1.10482,10016.0596
1683529200000,1.10481,1.105,1.10383,1.10492,14788.2402
1683532800000,1.10491,1.10535,1.10358,1.10359,16486.8301
1683536400000,1.10359,1.1039,1.10227,1.10359,14405.2305
1683540000000,1.10358,1.105,1.10352,1.10479,12367.1104
1683543600000,1.1048,1.10513,1.103,1.1035,14357.71
1683547200000,1.10349,1.10411,1.10318,1.10369,14467.0801
1683550800000,1.1037,1.10442,1.10334,1.10434,21916
1683554400000,1.10434,1.1044,1.1013,1.10157,21156.0391
1683558000000,1.10158,1.10234,1.10115,1.10196,13745.71
1683561600000,1.10197,1.1029,1.10187,1.1027,7925.29
1683565200000,1.10273,1.10292,1.10134,1.10154,6660.2402
1683568800000,1.10155,1.10156,1.1005,1.10057,11452.9805
1683572400000,1.10057,1.10076,1.10001,1.10017,7010.6602
1683576000000,1.10016,1.10045,1.10001,1.10031,2966.01
1683579600000,1.10021,1.10054,1.10021,1.1004,1700.3
1683583200000,1.1004,1.10042,1.10011,1.10012,3536.3401
1683586800000,1.10011,1.10022,1.09953,1.09965,3986.3201
1683590400000,1.09962,1.09974,1.0985,1.09898,12518.8096
1683594000000,1.09898,1.09949,1.09869,1.09874,7520.5801
1683597600000,1.09875,1.09926,1.09849,1.09905,6381.6401
1683601200000,1.09905,1.0994,1.09881,1.09936,5477.1201
1683604800000,1.09939,1.09952,1.09883,1.09888,5641.1499
1683608400000,1.09888,1.09943,1.09845,1.09942,8889.3096
1683612000000,1.09941,1.10007,1.09872,1.0994,14224.1104
1683615600000,1.09941,1.10003,1.09727,1.09779,26212.4805
1683619200000,1.0978,1.09862,1.09741,1.09787,18849.0508
1683622800000,1.09787,1.09842,1.09776,1.0984,13608.4805
1683626400000,1.09839,1.09841,1.09775,1.09796,11012.29
1683630000000,1.09797,1.09826,1.0959,1.09635,14009.5498
1683633600000,1.09635,1.09671,1.09498,1.095,23047.2109
1683637200000,1.095,1.09634,1.0941,1.09618,24639.1094
1683640800000,1.0962,1.09644,1.09532,1.09558,20390.9199
1683644400000,1.0956,1.09602,1.09509,1.09527,13414.2998
1683648000000,1.09527,1.09607,1.09492,1.09552,11423.8301
1683651600000,1.09552,1.09646,1.09541,1.09636,9204.4297
1683655200000,1.09637,1.09724,1.09613,1.09664,10301.7305
1683658800000,1.09666,1.09697,1.09614,1.09627,8730.25
1683662400000,1.09627,1.09639,1.09594,1.09605,3072.1799
1683666000000,1.09605,1.09645,1.09468,1.09474,571.72
1683669600000,1.09547,1.09671,1.09545,1.09649,4664.1499
1683673200000,1.09649,1.09688,1.09639,1.09645,3174.5
1683676800000,1.09644,1.09719,1.09644,1.0969,6787.5298
1683680400000,1.09692,1.09739,1.09682,1.09711,7875.6802
1683684000000,1.09711,1.09749,1.09702,1.09742,4914.3799
1683687600000,1.09744,1.09772,1.09726,1.09761,3838.6399
1683691200000,1.0976,1.09772,1.09718,1.0972,4203.3901
1683694800000,1.0972,1.09724,1.09623,1.09665,8821.6104
1683698400000,1.09666,1.09752,1.09643,1.09695,14204.9805
1683702000000,1.09693,1.09824,1.09628,1.09646,19618.1309
1683705600000,1.09646,1.09647,1.09502,1.09519,22104.3301
1683709200000,1.09518,1.09592,1.09478,1.09566,13924.1299
1683712800000,1.09567,1.09604,1.09514,1.09547,11933.0303
1683716400000,1.09548,1.0955,1.09458,1.0949,13282.9199
1683720000000,1.09489,1.10057,1.09414,1.10007,40713.1719
1683723600000,1.10009,1.10063,1.09722,1.09858,38853.7617
1683727200000,1.09857,1.10068,1.09641,1.09721,38134.1719
1683730800000,1.09722,1.09799,1.09651,1.09651,18066.6406
1683734400000,1.09652,1.09753,1.0965,1.09703,12500.3496
1683738000000,1.09702,1.09725,1.09616,1.09674,12220.7998
1683741600000,1.09674,1.09824,1.09674,1.09767,10977.96
1683745200000,1.09769,1.09848,1.09758,1.09824,6095.3599
1683748800000,1.09823,1.09843,1.09794,1.09816,3063.5901
1683752400000,1.09816,1.09818,1.09794,1.09812,3997.05
1683756000000,1.09813,1.09862,1.09813,1.09861,3014.9399
1683759600000,1.09861,1.0987,1.09821,1.09824,2853.77
1683763200000,1.09826,1.0993,1.09824,1.09927,7932.73
1683766800000,1.09927,1.09981,1.0984,1.09845,12470.9502
1683770400000,1.09846,1.0985,1.0975,1.09806,11255.4297
1683774000000,1.09805,1.09817,1.09735,1.09744,5956.0498
1683777600000,1.09744,1.09761,1.09695,1.09752,4864.6499
1683781200000,1.09751,1.09822,1.09742,1.09783,7140.5098
1683784800000,1.09782,1.0979,1.0929,1.09303,19614.0801
1683788400000,1.09303,1.09386,1.09241,1.093,34721.6484
1683792000000,1.093,1.09365,1.0918,1.09282,29178.4805
1683795600000,1.09284,1.09344,1.09237,1.09277,12219.4502
1683799200000,1.09276,1.09309,1.0918,1.09223,13948.2402
1683802800000,1.09223,1.09382,1.09212,1.09315,26657.1191
1683806400000,1.09315,1.09481,1.09259,1.09327,41988.75
1683810000000,1.09327,1.09331,1.09009,1.09016,42709.3281
1683813600000,1.09016,1.0921,1.09,1.09175,32411.3105
1683817200000,1.09172,1.09199,1.09093,1.09155,17324.5996
1683820800000,1.09155,1.0929,1.09154,1.09251,12221.6299
1683824400000,1.09251,1.09257,1.09106,1.09127,10422.4297
1683828000000,1.09127,1.09186,1.09118,1.09185,7989.1401
1683831600000,1.09185,1.09215,1.09161,1.0917,5366.5801
1683835200000,1.09169,1.09177,1.09149,1.09153,2435.54
1683838800000,1.09154,1.09199,1.0915,1.09161,1068.33
1683842400000,1.09153,1.09187,1.09141,1.09163,3249.6001
1683846000000,1.09162,1.09173,1.09115,1.09122,3713.5901
1683849600000,1.09122,1.09216,1.09122,1.09214,6025.9502
1683853200000,1.09214,1.09241,1.09171,1.09241,8779.5303
1683856800000,1.09241,1.09252,1.09177,1.09185,7361.0698
1683860400000,1.09187,1.09224,1.09149,1.09222,6540.0801
1683864000000,1.09221,1.0927,1.09216,1.09263,6405.0801
1683867600000,1.09259,1.09304,1.09217,1.09241,7959.1201
1683871200000,1.0924,1.09343,1.09195,1.09288,16850.3105
1683874800000,1.09288,1.09354,1.09061,1.09076,21005.2598
1683878400000,1.09076,1.09139,1.09046,1.09135,16962.5605
1683882000000,1.09135,1.09172,1.08988,1.09107,15089.5703
1683885600000,1.09108,1.09147,1.09052,1.09053,10607.0098
1683889200000,1.09052,1.09057,1.08891,1.08919,13017.5498
1683892800000,1.08919,1.08951,1.08811,1.0887,19208.1992
1683896400000,1.08868,1.08943,1.08794,1.08892,22099.8398
1683900000000,1.08891,1.08973,1.08615,1.08622,35389.0781
1683903600000,1.08625,1.08648,1.08542,1.08555,16217.8896
1683907200000,1.08553,1.08569,1.08484,1.08516,9740.5898
1683910800000,1.08516,1.08568,1.08503,1.08545,8980.0303
1683914400000,1.08544,1.08545,1.08488,1.0853,10442.3701
1683918000000,1.08533,1.08549,1.08506,1.08517,6509.6602
1683921600000,1.08519,1.08521,1.08476,1.08477,4592.6001
1684098000000,1.0861,1.08618,1.08515,1.0854,252.41
1684101600000,1.0854,1.0854,1.08453,1.085,2857.4399
1684105200000,1.085,1.08532,1.08478,1.08527,4551.6099
1684108800000,1.08526,1.08555,1.0848,1.0853,10356.9902
1684112400000,1.08532,1.08643,1.08524,1.08631,13386.2598
1684116000000,1.08632,1.08632,1.08552,1.08553,8208.4697
1684119600000,1.08552,1.08621,1.08549,1.08599,5824.4102
1684123200000,1.08598,1.08635,1.08572,1.08629,5337.54
1684126800000,1.08629,1.08692,1.08617,1.08675,9883.29
1684130400000,1.08674,1.08719,1.08601,1.08697,13821.5801
1684134000000,1.08696,1.08771,1.08645,1.08739,18383.2109
1684137600000,1.08738,1.08801,1.0866,1.08684,13974.8203
1684141200000,1.08683,1.08696,1.08554,1.08688,13672.0498
1684144800000,1.08688,1.08791,1.08665,1.08778,10563.2695
1684148400000,1.08779,1.08805,1.08733,1.08775,13658.3301
1684152000000,1.08775,1.08908,1.08736,1.08789,26084.4902
1684155600000,1.08788,1.08817,1.08725,1.08793,20755.75
1684159200000,1.08793,1.08816,1.08645,1.08647,22898.8105
1684162800000,1.08647,1.08752,1.08639,1.08732,13673.29
1684166400000,1.08732,1.08788,1.08676,1.08787,10688.9004
1684170000000,1.08788,1.08788,1.08746,1.08762,7553.8599
1684173600000,1.08762,1.0878,1.08736,1.08743,6805.8599
1684177200000,1.08743,1.08769,1.08736,1.0875,6911.7798
1684180800000,1.08749,1.08763,1.08727,1.08738,4130.9902
1684184400000,1.08731,1.0875,1.0873,1.08739,1027.05
1684188000000,1.08738,1.08772,1.08738,1.08761,5141.4502
1684191600000,1.08759,1.08759,1.08731,1.08735,3703.3701
1684195200000,1.08736,1.0882,1.08735,1.08817,7211.3599
1684198800000,1.08818,1.08818,1.0875,1.08774,9290.0498
1684202400000,1.08773,1.08835,1.08682,1.08833,11677.29
1684206000000,1.08834,1.08845,1.08798,1.08824,5305.98
1684209600000,1.08823,1.08834,1.08798,1.08828,5090.71
1684213200000,1.08828,1.08829,1.087,1.0871,9153.9805
1684216800000,1.08709,1.0877,1.08628,1.08762,21710.4805
1684220400000,1.08762,1.08945,1.08717,1.08884,24349.4609
1684224000000,1.08884,1.08978,1.08877,1.0891,17072.3008
1684227600000,1.08911,1.09046,1.0889,1.08936,19131.2598
1684231200000,1.08936,1.0897,1.089,1.0895,11709.8096
1684234800000,1.08949,1.08971,1.0885,1.08868,15006.7305
1684238400000,1.08871,1.08896,1.0868,1.08815,30220.8809
1684242000000,1.08816,1.08891,1.08735,1.08751,35278.8008
1684245600000,1.08751,1.0876,1.08597,1.08663,30160.5
1684249200000,1.08662,1.0868,1.0855,1.08645,21669.7891
1684252800000,1.08648,1.0872,1.08638,1.08667,13727.1504
1684256400000,1.08669,1.0871,1.08614,1.08671,10532.7598
1684260000000,1.0867,1.08702,1.08644,1.08676,8096.9702
1684263600000,1.08675,1.08697,1.0858,1.08628,8996.8398
1684267200000,1.08628,1.08646,1.08606,1.08617,4547.1499
1684270800000,1.08617,1.08636,1.08602,1.08611,305.11
1684274400000,1.08611,1.0864,1.08608,1.08624,3658.6699
1684278000000,1.08625,1.08655,1.08606,1.08653,4309.98
1684281600000,1.08653,1.08718,1.08638,1.08703,9374.2402
1684285200000,1.08703,1.0871,1.08621,1.08698,13479.2002
1684288800000,1.08698,1.08736,1.08682,1.08695,10675.6699
1684292400000,1.08696,1.08712,1.08645,1.08654,7595.7202
1684296000000,1.08654,1.08676,1.0863,1.08646,5917.0801
1684299600000,1.08645,1.08652,1.08524,1.08531,10949.7695
1684303200000,1.08531,1.08642,1.08501,1.08537,13001.4404
1684306800000,1.08537,1.08636,1.08312,1.08317,24808.3691
1684310400000,1.08317,1.0848,1.08272,1.0829,21237.5
1684314000000,1.0829,1.08324,1.08205,1.08309,19808.7793
1684317600000,1.08309,1.08326,1.08244,1.08302,13148.9902
1684321200000,1.08302,1.08416,1.08248,1.08251,15779.5498
1684324800000,1.08249,1.08316,1.08137,1.08239,23150.0098
1684328400000,1.08239,1.08389,1.08147,1.08152,26062.0195
1684332000000,1.08155,1.08327,1.08102,1.08207,34926.5508
1684335600000,1.08207,1.08362,1.08176,1.08292,22467.2402
1684339200000,1.08292,1.08453,1.08289,1.08417,13216.0703
1684342800000,1.08419,1.0849,1.08416,1.08439,10920.6104
1684346400000,1.08439,1.08453,1.08364,1.08374,10442.0898
1684350000000,1.08375,1.08428,1.08369,1.08397,10532.6904
1684353600000,1.08397,1.084,1.08368,1.08379,2899.1799
1684357200000,1.08379,1.08444,1.08377,1.08405,601.6
1684360800000,1.08405,1.08424,1.08383,1.08383,3400.3601
1684364400000,1.08384,1.08384,1.08347,1.08378,3375.2
1684368000000,1.08377,1.08433,1.08348,1.08422,7751.27
1684371600000,1.08422,1.08479,1.08378,1.08451,14385.2305
1684375200000,1.0845,1.08479,1.08437,1.08462,9118.6299
1684378800000,1.08462,1.08471,1.08376,1.08398,5896.7202
1684382400000,1.08398,1.08404,1.08325,1.0833,6191.9199
1684386000000,1.08329,1.08358,1.08269,1.08303,11574.9199
1684389600000,1.08302,1.08345,1.08233,1.08259,14204.6396
1684393200000,1.08259,1.08309,1.08091,1.08161,19294.8203
1684396800000,1.08165,1.08221,1.08121,1.08165,22999.8594
1684400400000,1.08164,1.08199,1.08073,1.08182,16394.8398
1684404000000,1.08181,1.08195,1.08055,1.0815,12266
1684407600000,1.08151,1.08178,1.08082,1.0815,11320.2598
1684411200000,1.0815,1.08178,1.07853,1.079,30836.75
1684414800000,1.07899,1.07949,1.0775,1.07778,30134.4004
1684418400000,1.07784,1.07866,1.07669,1.07692,28949.8203
1684422000000,1.07691,1.07785,1.07631,1.07752,18055.6191
1684425600000,1.07752,1.07811,1.07625,1.07629,14261.1299
1684429200000,1.0763,1.0767,1.07624,1.07666,11409.46
1684432800000,1.07666,1.07688,1.07638,1.07667,8799.6299
1684436400000,1.07669,1.07741,1.07659,1.07739,10020.4502
1684440000000,1.0774,1.07747,1.07691,1.07693,4247.7202
1684443600000,1.0769,1.07713,1.07687,1.07699,411.23
1684447200000,1.07699,1.07767,1.07697,1.07761,2596.1399
1684450800000,1.07761,1.07766,1.07736,1.07749,4313.2002
1684454400000,1.07749,1.078,1.07724,1.07738,11967.4902
1684458000000,1.07737,1.07758,1.076,1.07632,13515.2402
1684461600000,1.07632,1.07739,1.07606,1.0772,11126.2002
1684465200000,1.0772,1.07723,1.07668,1.07683,10338.6602
1684468800000,1.07683,1.0769,1.07605,1.07636,6876.6699
1684472400000,1.07636,1.0771,1.07614,1.07686,8855.9199
1684476000000,1.07686,1.0792,1.07669,1.07814,21597.3906
1684479600000,1.07813,1.07901,1.07738,1.07774,18901.7207
1684483200000,1.07773,1.07944,1.07709,1.07881,17957.0098
1684486800000,1.07881,1.08042,1.07875,1.08025,19052.7793
1684490400000,1.08025,1.08028,1.07904,1.07944,19873.8301
1684494000000,1.07943,1.08091,1.07923,1.08085,19361.6602
1684497600000,1.08086,1.08235,1.08052,1.08058,23970.1191
1684501200000,1.08057,1.08078,1.07891,1.07951,25967.8809
1684504800000,1.07951,1.0796,1.07842,1.07859,23759.9609
1684508400000,1.07859,1.08265,1.07821,1.08189,45726.2188
1684512000000,1.08189,1.08249,1.08113,1.08208,23461.8398
1684515600000,1.0821,1.08287,1.08178,1.08196,11885.3799
1684519200000,1.08196,1.08203,1.08079,1.08083,10990.5898
1684522800000,1.08083,1.08092,1.07976,1.08059,7571.4702
1684526400000,1.08059,1.08082,1.08012,1.08019,5893.8398
1684702800000,1.08043,1.08105,1.08043,1.08062,373.21
1684706400000,1.08062,1.08197,1.08062,1.08169,2527.8601
1684710000000,1.0817,1.08241,1.08166,1.08218,5483.02
1684713600000,1.08219,1.08248,1.08165,1.08234,10989.0996
1684717200000,1.08235,1.08298,1.08207,1.08254,17354.8398
1684720800000,1.08254,1.08256,1.08185,1.08228,13572.6699
1684724400000,1.08227,1.08253,1.08198,1.08208,9141.9697
1684728000000,1.08208,1.08235,1.08177,1.08183,8308.9102
1684731600000,1.08184,1.08195,1.08099,1.08102,10999.0996
1684735200000,1.08106,1.08241,1.08072,1.08106,17453.4902
1684738800000,1.08106,1.08128,1.07955,1.08068,23908.2402
1684742400000,1.08067,1.08127,1.0799,1.08103,20795.1895
1684746000000,1.08102,1.08234,1.0808,1.08191,13567.6201
1684749600000,1.0819,1.08294,1.08173,1.08218,13903.46
1684753200000,1.08218,1.08232,1.08124,1.08217,16461.1094
1684756800000,1.08216,1.08313,1.08157,1.08192,20647.7793
1684760400000,1.08193,1.08214,1.08085,1.08121,24176.3594
1684764000000,1.08121,1.08242,1.07973,1.07983,40038.8594
1684767600000,1.07984,1.0808,1.07961,1.08051,15309.5801
1684771200000,1.08051,1.08169,1.08028,1.08097,13464.1602
1684774800000,1.08097,1.08204,1.08079,1.08181,10872.71
1684778400000,1.08181,1.08216,1.08141,1.08191,7806.1001
1684782000000,1.08191,1.08198,1.08104,1.08112,8451.0596
1684785600000,1.08111,1.08136,1.08098,1.0812,4613.8799
1684789200000,1.08117,1.08143,1.08111,1.0812,873.52
1684792800000,1.08116,1.08147,1.08112,1.08126,5444.7798
1684796400000,1.08126,1.08131,1.08063,1.08104,8871.0098
1684800000000,1.08105,1.08204,1.08105,1.08116,9053.8398
1684803600000,1.08115,1.08119,1.08041,1.08044,12677.7402
1684807200000,1.08044,1.08105,1.08025,1.08102,9487.4502
1684810800000,1.08102,1.08104,1.08046,1.0808,9040.1904
1684814400000,1.08079,1.08105,1.08057,1.08102,7143.25
1684818000000,1.08102,1.08107,1.08002,1.08074,9200.8301
1684821600000,1.08071,1.08129,1.08031,1.08091,14754.8701
1684825200000,1.08091,1.08096,1.07852,1.08034,29106.3906
1684828800000,1.08033,1.08079,1.07891,1.08031,20023.0391
1684832400000,1.08031,1.08037,1.07802,1.07812,13747.46
1684836000000,1.07811,1.07812,1.07697,1.07778,13512.5498
1684839600000,1.07776,1.07845,1.07727,1.07727,14648.0303
1684843200000,1.07731,1.07827,1.0763,1.07638,19849.8105
1684846800000,1.07639,1.07849,1.07629,1.07819,37542.1211
1684850400000,1.07818,1.07954,1.07773,1.07786,39628.3789
1684854000000,1.07785,1.07807,1.07707,1.07707,16320.0498
1684857600000,1.07707,1.07721,1.07601,1.07667,14584.4502
1684861200000,1.07668,1.07788,1.07642,1.07777,9390.1396
1684864800000,1.07778,1.07807,1.07753,1.07761,9429.4102
1684868400000,1.07761,1.07763,1.07664,1.07674,8863.3398
1684872000000,1.07675,1.07713,1.07668,1.07688,4614.6099
1684875600000,1.07685,1.07727,1.07685,1.07725,769.9
1684879200000,1.07727,1.07732,1.07705,1.07723,2285.0024
1684882800000,1.07722,1.07735,1.07686,1.07691,4562.2002
1684886400000,1.0769,1.07751,1.07676,1.07724,7148.04
1684890000000,1.07725,1.07744,1.07677,1.07736,11942.9199
1684893600000,1.07734,1.07765,1.07688,1.07745,11550.0596
1684897200000,1.07745,1.07797,1.07725,1.07788,7842.8799
1684900800000,1.07787,1.07822,1.07755,1.07799,6164.6299
1684904400000,1.07799,1.07861,1.07788,1.07835,9172.8398
1684908000000,1.07835,1.07893,1.07761,1.07776,20572.1699
1684911600000,1.07776,1.07857,1.07702,1.07838,27344.5
1684915200000,1.07839,1.07948,1.07751,1.07775,27247.5508
1684918800000,1.07775,1.07818,1.0773,1.07735,16307.46
1684922400000,1.07736,1.07736,1.0748,1.07513,24952.5
1684926000000,1.07514,1.07807,1.07509,1.07807,17245.5996
1684929600000,1.07807,1.08012,1.07785,1.07893,30399
1684933200000,1.07894,1.0794,1.0769,1.07695,30485.3496
1684936800000,1.07693,1.07772,1.07581,1.07625,27882.7793
1684940400000,1.07626,1.07647,1.07546,1.07582,24226.0703
1684944000000,1.07584,1.07611,1.07494,1.07559,19166.4492
1684947600000,1.07561,1.07658,1.07538,1.07558,14213.21
1684951200000,1.07559,1.07658,1.07496,1.07505,17111.7793
1684954800000,1.07505,1.07571,1.07494,1.07494,15221.5898
1684958400000,1.07494,1.07538,1.07488,1.07492,4096.8599
1684962000000,1.0749,1.07525,1.07489,1.07495,1291.95
1684965600000,1.075,1.07565,1.07421,1.0755,10148.3496
1684969200000,1.07549,1.07567,1.07525,1.07555,3715.3501
1684972800000,1.07556,1.07556,1.07453,1.07504,10715.6104
1684976400000,1.07504,1.07534,1.07408,1.07437,13033.3896
1684980000000,1.07437,1.07459,1.07401,1.07416,7684.3101
1684983600000,1.07416,1.07424,1.0736,1.07374,9106.21
1684987200000,1.07374,1.07395,1.07328,1.07342,6407.1699
1684990800000,1.07341,1.07397,1.07336,1.07394,11526.71
1684994400000,1.07395,1.07438,1.07281,1.07321,16945.0195
1684998000000,1.07322,1.07331,1.0714,1.07208,30706.7402
1685001600000,1.07208,1.07369,1.07196,1.07228,23485.9492
1685005200000,1.07227,1.0738,1.07221,1.07315,20767.0508
1685008800000,1.07316,1.07325,1.07222,1.07225,14583.1504
1685012400000,1.07226,1.07328,1.0722,1.07328,13545.4297
1685016000000,1.07329,1.07402,1.07148,1.07183,38542.9805
1685019600000,1.07182,1.07253,1.07073,1.07133,30538.2305
1685023200000,1.07135,1.07326,1.07132,1.07282,28608.2109
1685026800000,1.07284,1.07308,1.07181,1.07242,21309.6094
1685030400000,1.07242,1.07242,1.07118,1.07124,13943.5801
1685034000000,1.07126,1.07277,1.07113,1.07275,10947.7402
1685037600000,1.07275,1.07292,1.0719,1.07209,9784.1797
1685041200000,1.07211,1.07237,1.07151,1.07206,10396.0996
1685044800000,1.07207,1.07254,1.07207,1.07246,3779.6499
1685048400000,1.07243,1.07278,1.07234,1.07278,1488.83
1685052000000,1.07278,1.07278,1.07238,1.07259,5805.8101
1685055600000,1.07259,1.07272,1.07224,1.07234,4006.8101
1685059200000,1.07233,1.07257,1.07189,1.07253,9242.5098
1685062800000,1.07254,1.07325,1.07242,1.07321,10245.7598
1685066400000,1.07324,1.07373,1.07322,1.07341,9439.6797
1685070000000,1.07341,1.07385,1.07339,1.07374,8552.6299
1685073600000,1.07373,1.07407,1.07368,1.07397,5791.9102
1685077200000,1.074,1.07425,1.07364,1.0737,9998.8701
1685080800000,1.0737,1.0738,1.07286,1.07293,15919.3096
1685084400000,1.07292,1.07444,1.07252,1.07404,23165.1191
1685088000000,1.07405,1.07411,1.07285,1.07317,17576.0605
1685091600000,1.07317,1.07368,1.07255,1.07349,14986.1602
1685095200000,1.07349,1.07466,1.07263,1.07441,13912.0195
1685098800000,1.07441,1.07585,1.07407,1.07524,14543.6602
1685102400000,1.07525,1.07572,1.0729,1.07418,34838.5586
1685106000000,1.07417,1.07504,1.07204,1.07227,34519.8789
1685109600000,1.07229,1.07407,1.0702,1.07053,37115.9219
1685113200000,1.07052,1.07138,1.07018,1.0712,28755.9805
1685116800000,1.07119,1.07218,1.07119,1.07196,14181.3701
1685120400000,1.07198,1.07275,1.07187,1.07266,9295.2803
1685124000000,1.07266,1.07327,1.07251,1.07292,7969.8701
1685127600000,1.07293,1.07312,1.07265,1.07296,4770.3301
1685131200000,1.07295,1.07301,1.07218,1.07227,5503.5801
1685307600000,1.07201,1.07244,1.07158,1.07219,654.28
1685311200000,1.07219,1.07292,1.0718,1.07192,6708.79
1685314800000,1.07194,1.07238,1.07186,1.07214,4255.7598
1685318400000,1.07214,1.07217,1.07172,1.07197,7427.6802
1685322000000,1.07197,1.07321,1.07184,1.07316,8833.8896
1685325600000,1.07316,1.07354,1.07306,1.07312,6712.3101
1685329200000,1.07312,1.07335,1.07292,1.07303,5807.8198
1685332800000,1.07304,1.07362,1.07298,1.07359,5110.0601
1685336400000,1.07359,1.07384,1.07338,1.07362,7562.3901
1685340000000,1.07362,1.07434,1.07358,1.07365,8767.54
1685343600000,1.07365,1.07387,1.07245,1.07281,11330.3896
1685347200000,1.07282,1.07292,1.07153,1.07239,10333.46
1685350800000,1.07238,1.07238,1.07131,1.0716,9654.6201
1685354400000,1.07159,1.07179,1.0712,1.07151,6378.8799
1685358000000,1.0715,1.07188,1.07104,1.07105,6767.48
1685361600000,1.07106,1.0715,1.07099,1.07147,7343.1001
1685365200000,1.07148,1.07158,1.0708,1.07094,8867.79
1685368800000,1.07095,1.07108,1.07059,1.07085,6429.2402
1685372400000,1.07086,1.07151,1.07081,1.07138,3852.6299
1685376000000,1.07138,1.07139,1.0711,1.07126,3486.74
1685379600000,1.07127,1.07148,1.07113,1.07117,1771.17
1685383200000,1.07116,1.07119,1.07104,1.07106,1577.1
1685386800000,1.07105,1.07107,1.0709,1.07091,2942.77
1685390400000,1.07091,1.071,1.07054,1.07076,1731.75
1685394000000,1.07076,1.07128,1.07076,1.07088,545.93
1685397600000,1.07087,1.07122,1.07082,1.07096,3687.23
1685401200000,1.07097,1.07097,1.0706,1.07067,3703.75
1685404800000,1.07067,1.07196,1.07041,1.07137,12256.9404
1685408400000,1.07137,1.07262,1.07136,1.0723,10413.9004
1685412000000,1.07231,1.07249,1.07194,1.07212,7104.0298
1685415600000,1.07212,1.07216,1.07013,1.07065,10331.8496
1685419200000,1.07065,1.07086,1.07033,1.07079,7264.0098
1685422800000,1.07079,1.07082,1.06812,1.0686,18025.7402
1685426400000,1.06859,1.06982,1.06847,1.06943,18493.4805
1685430000000,1.06943,1.06943,1.06725,1.06902,26932.6895
1685433600000,1.06901,1.07082,1.06872,1.07046,24344.8105
1685437200000,1.07046,1.07247,1.0697,1.07194,21629.3203
1685440800000,1.07194,1.07359,1.07194,1.07315,17307.5898
1685444400000,1.07315,1.07446,1.07304,1.0744,19450.9902
1685448000000,1.07439,1.07465,1.07215,1.07222,22533.8496
1685451600000,1.07224,1.07386,1.07186,1.073,24886.3301
1685455200000,1.073,1.07407,1.07204,1.07275,27777.0996
1685458800000,1.07275,1.07284,1.07196,1.07215,16666.8301
1685462400000,1.07217,1.0727,1.07161,1.07207,11911.8701
1685466000000,1.07206,1.07215,1.07142,1.07168,10034.7002
1685469600000,1.07168,1.07208,1.07141,1.07195,8730.6699
1685473200000,1.07194,1.07303,1.0718,1.07299,7265.6499
1685476800000,1.07299,1.07347,1.07272,1.07343,3401.74
1685480400000,1.0734,1.07341,1.07314,1.07325,1119.9
1685484000000,1.07321,1.0734,1.0731,1.0732,1884.85
1685487600000,1.07318,1.07356,1.07304,1.07316,3363.4299
1685491200000,1.07316,1.07356,1.07272,1.0735,10060.2998
1685494800000,1.0735,1.07354,1.07117,1.07132,16585.3594
1685498400000,1.07132,1.07147,1.07026,1.07046,13194.0898
1685502000000,1.07047,1.0705,1.06942,1.06977,10602.75
1685505600000,1.06977,1.07006,1.06951,1.0698,10511.8701
1685509200000,1.06978,1.06988,1.0685,1.06972,18391.4609
1685512800000,1.06973,1.06979,1.06793,1.06847,17213.8594
1685516400000,1.06847,1.06847,1.06699,1.0674,19793.4199
1685520000000,1.06741,1.06768,1.06585,1.06597,17952.9609
1685523600000,1.06596,1.06761,1.06596,1.06759,12571.1504
1685527200000,1.06759,1.06787,1.06675,1.06762,9570.8799
1685530800000,1.06762,1.06872,1.06747,1.06795,11454.5
1685534400000,1.06797,1.06873,1.06792,1.06807,13889.79
1685538000000,1.06808,1.07051,1.06782,1.06915,21779.6094
1685541600000,1.06913,1.06916,1.06575,1.06612,40740.4219
1685545200000,1.06611,1.06672,1.06509,1.06525,20391.8008
1685548800000,1.06527,1.0654,1.06352,1.06378,16790.0293
1685552400000,1.06382,1.06698,1.06355,1.0663,12795.3203
1685556000000,1.06633,1.06798,1.06629,1.06741,9809.9199
1685559600000,1.0674,1.0689,1.06704,1.06862,9140.7197
1685563200000,1.06863,1.06922,1.06856,1.06887,5703.3501
1685566800000,1.06887,1.06898,1.06852,1.06867,542.33
1685570400000,1.06877,1.06944,1.06871,1.06928,4737.1899
1685574000000,1.06929,1.0697,1.06923,1.06933,6145.54
1685577600000,1.06934,1.06951,1.06855,1.06865,12510.2197
1685581200000,1.06865,1.06933,1.06802,1.06913,15916.0098
1685584800000,1.06912,1.06939,1.06881,1.06904,11177.5498
1685588400000,1.06904,1.06934,1.06854,1.0687,8162.21
1685592000000,1.0687,1.06914,1.06811,1.06815,8673.3701
1685595600000,1.06815,1.06845,1.06759,1.06771,11415.6699
1685599200000,1.06771,1.06854,1.06732,1.06842,15504.4902
1685602800000,1.06842,1.06865,1.06617,1.06701,20091.4902
1685606400000,1.067,1.06868,1.06645,1.06863,18532.3809
1685610000000,1.06868,1.07096,1.06828,1.07087,13773.5098
1685613600000,1.07088,1.07146,1.07005,1.07087,16858.1191
1685617200000,1.07087,1.07155,1.07049,1.0706,14845.5498
1685620800000,1.07059,1.07115,1.06845,1.0708,32276.5508
1685624400000,1.0708,1.07309,1.07028,1.07281,30918.0605
1685628000000,1.07281,1.07417,1.07211,1.07314,42497.4414
1685631600000,1.07315,1.07537,1.07279,1.07507,16885.2305
1685635200000,1.07507,1.0764,1.07476,1.07598,11589.2803
1685638800000,1.07598,1.07644,1.07556,1.07641,8190.3198
1685642400000,1.07641,1.07684,1.07614,1.07617,6996.1001
1685646000000,1.07618,1.07629,1.07568,1.07624,9101.46
1685649600000,1.07625,1.07635,1.07587,1.07615,2502.97
1685653200000,1.07615,1.07619,1.07585,1.07597,602.06
1685656800000,1.07603,1.07652,1.07578,1.07651,3384.8401
1685660400000,1.07653,1.07654,1.07594,1.07604,3920.1499
1685664000000,1.07603,1.07643,1.07581,1.07617,9113.8604
1685667600000,1.07617,1.07665,1.07586,1.07614,9950.1797
1685671200000,1.07614,1.0767,1.07608,1.07654,7278.2998
1685674800000,1.07655,1.0769,1.07633,1.0768,6975.6099
1685678400000,1.0768,1.07686,1.07619,1.0763,5625.7202
1685682000000,1.07631,1.07721,1.07619,1.07713,7180.48
1685685600000,1.07714,1.07789,1.0766,1.07708,14520.75
1685689200000,1.07709,1.07758,1.076,1.07618,21540.5605
1685692800000,1.07617,1.0777,1.076,1.07742,13940.6602
1685696400000,1.0774,1.07768,1.07602,1.07671,12263.6504
1685700000000,1.0767,1.07748,1.07655,1.07673,7845.2202
1685703600000,1.07673,1.07694,1.07575,1.07576,9783.71
1685707200000,1.07575,1.07672,1.07349,1.07474,44372.5586
1685710800000,1.07476,1.07709,1.07403,1.07421,40940.8203
1685714400000,1.07423,1.07496,1.07211,1.07232,31750.5
1685718000000,1.07233,1.07297,1.07174,1.07231,13523.2197
1685721600000,1.0723,1.07236,1.07086,1.07098,11904.5703
1685725200000,1.071,1.07156,1.07073,1.071,7060.98
1685728800000,1.07101,1.07152,1.07055,1.07122,8204.0898
1685732400000,1.07122,1.07143,1.07064,1.07077,4827.2202
1685736000000,1.07077,1.07086,1.0705,1.07063,3726.4199
1685912400000,1.07098,1.07107,1.0706,1.07063,258.64
1685916000000,1.07064,1.07079,1.07009,1.07009,4413.1499
1685919600000,1.0701,1.07016,1.06937,1.06967,7674.1099
1685923200000,1.0697,1.06972,1.06902,1.06936,9932.0303
1685926800000,1.06937,1.07015,1.06906,1.07012,12145.2598
1685930400000,1.07013,1.07045,1.06985,1.07001,9179.1797
1685934000000,1.07001,1.0704,1.06992,1.07025,6645.3999
1685937600000,1.07026,1.07032,1.06964,1.06999,6472.5601
1685941200000,1.06998,1.07036,1.06939,1.07014,8039.3799
1685944800000,1.07012,1.07012,1.06891,1.06936,13323.4697
1685948400000,1.06937,1.06994,1.06832,1.06898,21631.2207
1685952000000,1.06897,1.06977,1.06852,1.06959,14391.4404
1685955600000,1.06958,1.0699,1.06899,1.06922,13978.6602
1685959200000,1.06922,1.06949,1.06867,1.06928,8813.04
1685962800000,1.06927,1.06949,1.06848,1.06896,8823.0195
1685966400000,1.06895,1.06917,1.06744,1.06787,16283.0498
1685970000000,1.06787,1.06913,1.06777,1.06802,15009.0996
1685973600000,1.06809,1.07224,1.06797,1.07107,38983.6289
1685977200000,1.07106,1.07207,1.07031,1.07207,13289.8799
1685980800000,1.07206,1.07211,1.07099,1.07115,8741.6299
1685984400000,1.07114,1.07139,1.07072,1.07128,5493.0098
1685988000000,1.07127,1.07171,1.07108,1.07136,8693.8203
1685991600000,1.07139,1.07174,1.07112,1.07124,6581.73
1685995200000,1.07125,1.07133,1.07095,1.07121,2388.5601
1685998800000,1.07119,1.07137,1.07101,1.07108,665.51
1686002400000,1.07107,1.07142,1.07094,1.07134,1771.58
1686006000000,1.07133,1.0714,1.07072,1.07113,3474.1201
1686009600000,1.07112,1.07168,1.07098,1.0716,3796.3201
1686013200000,1.07162,1.07168,1.07128,1.07154,6395.3501
1686016800000,1.07155,1.07246,1.07153,1.07183,8664.96
1686020400000,1.07182,1.07193,1.07143,1.07159,4970.04
1686024000000,1.07161,1.07239,1.0715,1.07234,9119.9404
1686027600000,1.07234,1.07311,1.07225,1.07249,9164.0996
1686031200000,1.0725,1.07328,1.07212,1.0724,16736.7305
1686034800000,1.07239,1.07275,1.07071,1.07144,23346.9004
1686038400000,1.07145,1.07149,1.0695,1.06991,23303.7695
1686042000000,1.06992,1.07009,1.06892,1.0692,12888.25
1686045600000,1.06919,1.06994,1.06823,1.06977,11847.0195
1686049200000,1.06977,1.07002,1.06762,1.06768,13810.2197
1686052800000,1.06771,1.06838,1.06669,1.06705,19756.9102
1686056400000,1.06705,1.06826,1.06692,1.06724,18429.4199
1686060000000,1.06725,1.06911,1.06709,1.06907,17901.5
1686063600000,1.06906,1.06967,1.06847,1.06942,11617.9697
1686067200000,1.06943,1.06977,1.06871,1.06883,9728
1686070800000,1.06883,1.06884,1.06822,1.06858,5552.1899
1686074400000,1.06859,1.06961,1.06847,1.06941,3777.29
1686078000000,1.06941,1.0696,1.06904,1.06918,3704.8501
1686081600000,1.06919,1.06932,1.06902,1.06924,2200.24
1686085200000,1.06924,1.06949,1.0691,1.06934,483.36
1686088800000,1.06935,1.06953,1.0693,1.06949,1123.55
1686092400000,1.0695,1.06991,1.06924,1.06984,3271.27
1686096000000,1.06985,1.07043,1.06973,1.07004,6877.5298
1686099600000,1.07004,1.07014,1.06928,1.06963,9379.5498
1686103200000,1.06965,1.06965,1.06887,1.06928,7525.54
1686106800000,1.06929,1.06936,1.06894,1.06927,6175.8701
1686110400000,1.06926,1.06956,1.06892,1.06904,4694.98
1686114000000,1.06903,1.06904,1.06832,1.0685,8489.4502
1686117600000,1.0685,1.06859,1.06726,1.06764,14343.8096
1686121200000,1.06764,1.06863,1.06682,1.0684,12555.5098
1686124800000,1.06841,1.06932,1.06792,1.06928,12682.2803
1686128400000,1.06928,1.06975,1.069,1.06962,10362.7002
1686132000000,1.06962,1.07186,1.06962,1.07148,10842.04
1686135600000,1.07149,1.07229,1.07129,1.07154,15550.2305
1686139200000,1.07153,1.0718,1.07052,1.07161,14769.0703
1686142800000,1.0716,1.07387,1.0714,1.07371,20120.6094
1686146400000,1.07374,1.07396,1.0703,1.07075,37223.6484
1686150000000,1.07077,1.07105,1.0695,1.07009,14758.1602
1686153600000,1.07009,1.07065,1.06928,1.06932,12017.9902
1686157200000,1.06933,1.06995,1.06909,1.06987,8435.9902
1686160800000,1.06985,1.07032,1.06972,1.07022,5665.5298
1686164400000,1.07022,1.07052,1.06935,1.06936,5963.2998
1686168000000,1.06937,1.06999,1.06937,1.06981,2903.75
1686171600000,1.06981,1.06983,1.06972,1.06976,974.72
1686175200000,1.06977,1.07017,1.06975,1.06991,2270.9399
1686178800000,1.06991,1.0707,1.06966,1.07069,5781.7598
1686182400000,1.0707,1.071,1.0706,1.07085,7614.4102
1686186000000,1.07086,1.07099,1.07028,1.07086,10309.0703
1686189600000,1.07087,1.07114,1.07065,1.07067,6559.9199
1686193200000,1.07067,1.07109,1.07058,1.07082,6785.0498
1686196800000,1.07082,1.07134,1.07055,1.07114,6272.8301
1686200400000,1.07114,1.07172,1.0709,1.07101,9978.3896
1686204000000,1.07102,1.0719,1.07074,1.07111,11479.9297
1686207600000,1.07113,1.07131,1.07009,1.07129,16808.3906
1686211200000,1.07129,1.07299,1.07097,1.07265,13096.0898
1686214800000,1.07265,1.07338,1.0721,1.07287,14308.96
1686218400000,1.0729,1.0733,1.07262,1.07298,7004.4502
1686222000000,1.07297,1.07393,1.07238,1.07356,11537.1904
1686225600000,1.07357,1.0759,1.07333,1.07468,27952.9297
1686229200000,1.07467,1.07691,1.07419,1.07654,21796.8496
1686232800000,1.07654,1.07759,1.07617,1.07692,23971.0391
1686236400000,1.07691,1.07832,1.0767,1.07788,15890.7803
1686240000000,1.07788,1.07869,1.0777,1.07846,12896.6699
1686243600000,1.07846,1.07856,1.07778,1.0778,9509.3896
1686247200000,1.07781,1.07823,1.07778,1.07791,6934.8198
1686250800000,1.07792,1.07798,1.07736,1.0779,6650.0498
1686254400000,1.07789,1.07831,1.07787,1.07813,2164.01
1686258000000,1.07807,1.0784,1.078,1.07815,922.64
1686261600000,1.07815,1.0784,1.07808,1.07839,2333.28
1686265200000,1.07839,1.07851,1.07816,1.07818,2726.1399
1686268800000,1.07819,1.0785,1.07814,1.07818,8707.0703
1686272400000,1.07819,1.0785,1.07795,1.07807,10146.9102
1686276000000,1.07807,1.07811,1.07757,1.07768,7741.5298
1686279600000,1.07767,1.07801,1.07765,1.07777,5583.4102
1686283200000,1.07777,1.07785,1.07746,1.07753,6063.5801
1686286800000,1.07753,1.07839,1.07751,1.07777,6288.6602
1686290400000,1.07778,1.07822,1.07725,1.07786,10993.2695
1686294000000,1.07786,1.07796,1.07674,1.07753,16819.8105
1686297600000,1.07753,1.07758,1.07592,1.07631,12400.9199
1686301200000,1.07632,1.07681,1.0758,1.07584,9102.9805
1686304800000,1.07585,1.07627,1.07564,1.07611,9543.9199
1686308400000,1.07611,1.07816,1.076,1.07732,11361.7402
1686312000000,1.07732,1.07841,1.07634,1.07668,20627.0996
1686315600000,1.07669,1.0775,1.07614,1.07708,22243.9902
1686319200000,1.07708,1.07733,1.07538,1.07566,22440.1094
1686322800000,1.07565,1.07596,1.07466,1.07479,14179.4404
1686326400000,1.07479,1.07523,1.07435,1.07482,8835.0098
1686330000000,1.07482,1.07521,1.07461,1.07486,6163.6899
1686333600000,1.07488,1.07506,1.07458,1.07497,5413.6099
1686337200000,1.07496,1.07506,1.07428,1.0744,5053.4702
1686340800000,1.07441,1.07496,1.07438,1.07456,4206.3398
1686517200000,1.07459,1.07483,1.0745,1.07455,537.71
1686520800000,1.07491,1.07492,1.07431,1.07446,3113.1599
1686524400000,1.07446,1.07515,1.07436,1.07499,3220.3
1686528000000,1.07499,1.07503,1.07442,1.07453,5192.1001
1686531600000,1.07453,1.07459,1.0736,1.07367,10554.8604
1686535200000,1.07368,1.07386,1.0733,1.07384,8790.2305
1686538800000,1.07384,1.07414,1.07363,1.07409,6678.8701
1686542400000,1.07409,1.07443,1.0739,1.07408,6871.4502
1686546000000,1.07408,1.07506,1.07405,1.07491,6931.75
1686549600000,1.0749,1.07536,1.07454,1.0749,10104.2002
1686553200000,1.0749,1.07722,1.0744,1.07694,17281.5703
1686556800000,1.07694,1.0784,1.07678,1.07771,20139.8906
1686560400000,1.07771,1.079,1.07745,1.07852,14012.9805
1686564000000,1.07853,1.07875,1.07674,1.07726,17729.5605
1686567600000,1.07726,1.07755,1.07614,1.07629,13645.8496
1686571200000,1.07629,1.07712,1.07604,1.07661,16045.5303
1686574800000,1.07662,1.07714,1.0743,1.0753,21777.8301
1686578400000,1.0753,1.07616,1.07451,1.07472,21962.6504
1686582000000,1.07473,1.07568,1.07443,1.0746,15824.2803
1686585600000,1.0746,1.07517,1.07439,1.07485,10971.25
1686589200000,1.07486,1.0754,1.07448,1.07534,9449.6797
1686592800000,1.07535,1.07591,1.07503,1.07559,8029.3901
1686596400000,1.07559,1.07634,1.07559,1.076,8045.04
1686600000000,1.07601,1.07603,1.07565,1.07566,3065.51
1686603600000,1.07566,1.07571,1.07546,1.07566,983.7
1686607200000,1.07567,1.07614,1.07566,1.07599,2340.1201
1686610800000,1.07598,1.07641,1.07591,1.07622,4887.4102
1686614400000,1.07621,1.07667,1.07595,1.07604,6623.7402
1686618000000,1.07603,1.07683,1.07591,1.07675,8226.4102
1686621600000,1.07676,1.07757,1.0766,1.07742,7133.8599
1686625200000,1.07743,1.07801,1.07741,1.0779,7916.5498
1686628800000,1.0779,1.07831,1.0776,1.0782,5530.5601
1686632400000,1.0782,1.0796,1.07813,1.07826,14607.4004
1686636000000,1.07828,1.07978,1.07814,1.07927,16435.6406
1686639600000,1.07924,1.08075,1.07924,1.07995,20472.8594
1686643200000,1.07995,1.08082,1.07942,1.08074,12347.7305
1686646800000,1.08073,1.08104,1.08005,1.08057,12812.5195
1686650400000,1.08056,1.08068,1.07951,1.07984,11504.3398
1686654000000,1.07985,1.07989,1.07919,1.07941,11862.0098
1686657600000,1.07941,1.08234,1.07824,1.08141,42453.7617
1686661200000,1.08142,1.08179,1.07921,1.0794,31213.8594
1686664800000,1.07939,1.08077,1.07781,1.08019,26233.4492
1686668400000,1.08019,1.08089,1.07861,1.07911,18055.1406
1686672000000,1.07912,1.08035,1.079,1.08023,10901.1504
1686675600000,1.08023,1.08043,1.07868,1.07889,9096.2803
1686679200000,1.07888,1.07907,1.07828,1.07901,9007.8701
1686682800000,1.079,1.07957,1.07846,1.07917,7682
1686686400000,1.07918,1.07931,1.07904,1.07929,3281.1699
1686690000000,1.07929,1.0793,1.07886,1.07887,1109.6801
1686693600000,1.0789,1.07922,1.07881,1.07914,4058.9099
1686697200000,1.07914,1.07919,1.07881,1.07895,2400.3999
1686700800000,1.07896,1.07929,1.07856,1.079,7158.1602
1686704400000,1.079,1.0795,1.0788,1.07938,9194.04
1686708000000,1.07938,1.0796,1.07903,1.07957,7222.0898
1686711600000,1.07957,1.0796,1.07885,1.07899,5555.4102
1686715200000,1.07899,1.07918,1.07846,1.07895,5098.6699
1686718800000,1.07895,1.07902,1.07739,1.0776,11725.2305
1686722400000,1.07763,1.07875,1.07763,1.07852,10766.0996
1686726000000,1.07853,1.07967,1.07853,1.07896,13081.9102
1686729600000,1.07895,1.08047,1.07858,1.08018,10906.9404
1686733200000,1.08017,1.08099,1.07966,1.08043,10986.21
1686736800000,1.08043,1.08097,1.08021,1.08065,9615.1504
1686740400000,1.08066,1.08076,1.08018,1.08032,9548.75
1686744000000,1.08033,1.08333,1.08033,1.08311,19826.3398
1686747600000,1.08311,1.0845,1.08272,1.08447,22178.8594
1686751200000,1.08447,1.08563,1.08414,1.08557,16628.1602
1686754800000,1.08555,1.0858,1.08482,1.08577,12489.6699
1686758400000,1.08577,1.0864,1.08551,1.08623,9065.4805
1686762000000,1.08622,1.08629,1.08523,1.08553,11266.7598
1686765600000,1.08545,1.08545,1.08013,1.08343,60114.9102
1686769200000,1.08344,1.0844,1.08208,1.08266,33783.0586
1686772800000,1.08265,1.08353,1.08247,1.08282,4601.5498
1686776400000,1.08289,1.08324,1.08274,1.08318,869.91
1686780000000,1.08319,1.08352,1.08308,1.08322,1872.2
1686783600000,1.08322,1.08428,1.08316,1.08427,3275.3201
1686787200000,1.08427,1.08444,1.08369,1.08381,5730.5
1686790800000,1.08381,1.08381,1.08101,1.08108,15468.6396
1686794400000,1.08108,1.08157,1.08081,1.08133,11261.8496
1686798000000,1.08132,1.08157,1.08107,1.08132,6484.6699
1686801600000,1.08132,1.08149,1.08099,1.08115,5965.3599
1686805200000,1.08115,1.08233,1.08056,1.08183,11948.1797
1686808800000,1.08182,1.08206,1.08036,1.08103,15957.5195
1686812400000,1.08104,1.08288,1.08057,1.08269,14691.29
1686816000000,1.08267,1.08373,1.08244,1.08327,11837.2197
1686819600000,1.0833,1.08475,1.08311,1.08475,14210.5
1686823200000,1.08474,1.08487,1.08344,1.08421,10635.5303
1686826800000,1.08422,1.08432,1.08177,1.08177,13790.4502
1686830400000,1.08178,1.08809,1.08144,1.08643,44413.0313
1686834000000,1.08641,1.09007,1.08584,1.08992,37185.9609
1686837600000,1.0899,1.09213,1.0899,1.09105,26603.4707
1686841200000,1.09103,1.09356,1.09098,1.09326,17757.0508
1686844800000,1.09326,1.0945,1.0932,1.09436,12373.5898
1686848400000,1.09435,1.09499,1.09394,1.09429,8479.7305
1686852000000,1.0943,1.09511,1.09418,1.09502,8925.29
1686855600000,1.09502,1.09525,1.09452,1.09476,10466.0703
1686859200000,1.09476,1.09491,1.09444,1.09448,2753.1699
1686862800000,1.09448,1.09448,1.09412,1.09415,363.09
1686866400000,1.0944,1.09492,1.09437,1.09489,4126.0298
1686870000000,1.0949,1.0951,1.09451,1.09455,5943.5
1686873600000,1.09455,1.09507,1.09398,1.0942,8242.9502
1686877200000,1.09421,1.09482,1.09399,1.09434,9926.7305
1686880800000,1.09433,1.09456,1.09354,1.09362,10920.1904
1686884400000,1.09362,1.09425,1.09362,1.09381,8612.8701
1686888000000,1.09382,1.09429,1.09366,1.09387,5736.77
1686891600000,1.09387,1.09449,1.09374,1.09396,10173.9902
1686895200000,1.09395,1.09624,1.09392,1.0947,18760.5
1686898800000,1.09471,1.09521,1.09339,1.09426,18767.0703
1686902400000,1.09425,1.09534,1.09381,1.09504,16487.0898
1686906000000,1.09504,1.09511,1.09396,1.09493,13197.75
1686909600000,1.09492,1.09499,1.0943,1.09443,9480.0703
1686913200000,1.09443,1.09658,1.09443,1.09603,13542.4199
1686916800000,1.09602,1.09704,1.09475,1.09509,21344.1992
1686920400000,1.09508,1.09583,1.09424,1.09533,24254.7793
1686924000000,1.09533,1.0967,1.09178,1.0925,42911.7813
1686927600000,1.09252,1.09316,1.09217,1.0924,21212.3496
1686931200000,1.0924,1.09338,1.09239,1.09338,10996.8301
1686934800000,1.09337,1.09395,1.09319,1.09393,7507.5498
1686938400000,1.09392,1.09454,1.09371,1.09445,9281.0898
1686942000000,1.09444,1.09444,1.09346,1.09351,6015.0298
1686945600000,1.09351,1.09426,1.09346,1.09376,4585.1802
1687122000000,1.09302,1.09403,1.09301,1.09392,721.24
1687125600000,1.09353,1.09429,1.09348,1.09425,2628.4099
1687129200000,1.09426,1.09428,1.09385,1.09397,4492.21
1687132800000,1.09398,1.09462,1.09346,1.09367,8606.9805
1687136400000,1.09367,1.09405,1.09335,1.09366,10438.9199
1687140000000,1.09366,1.09407,1.09361,1.09363,6471.6401
1687143600000,1.09363,1.09379,1.09337,1.09369,7620.0498
1687147200000,1.09369,1.0937,1.09321,1.09347,8481.0801
1687150800000,1.09349,1.09412,1.09317,1.09401,9938.6104
1687154400000,1.09401,1.09402,1.09275,1.09293,16477.3105
1687158000000,1.09295,1.09374,1.09249,1.09292,17846.6191
1687161600000,1.09292,1.09385,1.0927,1.09294,14723.79
1687165200000,1.09295,1.09296,1.09099,1.09106,13863.7305
1687168800000,1.09107,1.09196,1.0907,1.09195,10243.7402
1687172400000,1.09196,1.09273,1.09168,1.09211,9208.2197
1687176000000,1.09212,1.09294,1.09194,1.09258,11862.6504
1687179600000,1.09258,1.0926,1.09168,1.09182,12309.4697
1687183200000,1.09183,1.09262,1.09121,1.09228,13429.5303
1687186800000,1.09227,1.09288,1.09214,1.09218,8025.2002
1687190400000,1.09219,1.09261,1.09157,1.09161,5672.8198
1687194000000,1.09162,1.09191,1.09158,1.09174,2472.25
1687197600000,1.09173,1.0921,1.09161,1.09191,1377.2
1687201200000,1.09191,1.09206,1.09182,1.09183,1027.63
1687204800000,1.09184,1.09223,1.09174,1.092,997.39
1687208400000,1.09201,1.09218,1.09189,1.09218,692.03
1687212000000,1.09206,1.09261,1.09206,1.09226,2666
1687215600000,1.09225,1.09246,1.09189,1.09235,2739.9199
1687219200000,1.09234,1.09261,1.09169,1.092,10066.5498
1687222800000,1.09199,1.09221,1.0911,1.09131,14437.75
1687226400000,1.09131,1.09237,1.09106,1.09223,14651.5
1687230000000,1.09221,1.09237,1.09187,1.09197,7750.9902
1687233600000,1.09197,1.09204,1.09128,1.09136,8671.6797
1687237200000,1.09136,1.09262,1.09116,1.09262,11198.79
1687240800000,1.09262,1.09322,1.09195,1.09215,19360.1406
1687244400000,1.09215,1.09461,1.0915,1.09438,24328.7207
1687248000000,1.09436,1.09447,1.09317,1.09378,18368.9395
1687251600000,1.09378,1.09399,1.09227,1.0925,17756.9902
1687255200000,1.0925,1.09342,1.09247,1.09281,14390.5498
1687258800000,1.09281,1.09321,1.09219,1.09287,14551.3203
1687262400000,1.09288,1.09357,1.09121,1.09193,25088.0605
1687266000000,1.09192,1.09245,1.09062,1.09164,31799.8105
1687269600000,1.09163,1.09206,1.08921,1.09013,34316.8398
1687273200000,1.09013,1.09095,1.08996,1.08996,22153.3906
1687276800000,1.08996,1.09161,1.08953,1.09151,14502.7402
1687280400000,1.09149,1.09168,1.0912,1.09152,8870.2305
1687284000000,1.09154,1.09175,1.09114,1.09171,11359.2803
1687287600000,1.09169,1.09174,1.09097,1.09126,8538.96
1687291200000,1.09126,1.09184,1.09122,1.09173,2482.53
1687294800000,1.0917,1.09217,1.09167,1.0918,444.17
1687298400000,1.0918,1.09204,1.0918,1.09197,2697.4299
1687302000000,1.09196,1.09222,1.09182,1.09198,5236.8101
1687305600000,1.09197,1.09199,1.09145,1.09159,12246.3701
1687309200000,1.09159,1.09168,1.09117,1.09141,13450.5898
1687312800000,1.0914,1.0921,1.09118,1.09124,13143.4697
1687316400000,1.09125,1.09161,1.09124,1.09149,10802.2002
1687320000000,1.09149,1.09194,1.09139,1.09161,8530.8496
1687323600000,1.09161,1.09175,1.09102,1.09122,11657.3701
1687327200000,1.09118,1.09167,1.09058,1.091,21536.5703
1687330800000,1.09102,1.09197,1.0909,1.09128,17772.7109
1687334400000,1.09127,1.09336,1.09093,1.09248,20557.9297
1687338000000,1.09249,1.09297,1.09163,1.09165,16997.7305
1687341600000,1.09164,1.09257,1.09135,1.09183,13548.8701
1687345200000,1.09182,1.09267,1.09162,1.09242,14229.0996
1687348800000,1.09241,1.09256,1.09081,1.0925,26430.8496
1687352400000,1.09249,1.09309,1.09105,1.09266,29128.5195
1687356000000,1.09266,1.09639,1.09229,1.09546,33738.2695
1687359600000,1.09546,1.09562,1.09433,1.09505,20842.7109
1687363200000,1.09504,1.09736,1.09496,1.09705,14910.4502
1687366800000,1.09706,1.09793,1.09671,1.09773,12876.3896
1687370400000,1.09774,1.09899,1.09761,1.09847,12318.1504
1687374000000,1.09847,1.09894,1.09815,1.09879,13057.6904
1687377600000,1.09878,1.09909,1.09851,1.09859,5327.4399
1687381200000,1.09859,1.09859,1.0982,1.09836,1237.86
1687384800000,1.09842,1.09907,1.09833,1.09905,3455.1399
1687388400000,1.09905,1.09923,1.09896,1.09915,4759.9902
1687392000000,1.09916,1.09921,1.09866,1.09883,11046.0303
1687395600000,1.09884,1.09949,1.0987,1.09935,7216.5698
1687399200000,1.09936,1.09936,1.09883,1.09935,7581.4399
1687402800000,1.09935,1.09943,1.0991,1.09929,7051.04
1687406400000,1.09928,1.09938,1.09865,1.09872,7650.0498
1687410000000,1.09873,1.09905,1.09848,1.09858,10682.6699
1687413600000,1.0986,1.09905,1.09806,1.09826,12888.79
1687417200000,1.09826,1.09999,1.09797,1.09943,21225.8301
1687420800000,1.09943,1.10035,1.09872,1.09929,19126.1406
1687424400000,1.09928,1.10039,1.09921,1.10018,12419.8301
1687428000000,1.10018,1.10081,1.10002,1.10044,11052.25
1687431600000,1.10045,1.10122,1.0988,1.09892,29001.5293
1687435200000,1.09891,1.10016,1.09803,1.09824,26461.1992
1687438800000,1.09822,1.0985,1.0968,1.09811,30953.2305
1687442400000,1.09811,1.0989,1.09585,1.09591,32861.7617
1687446000000,1.09591,1.09666,1.09522,1.09525,26465.8203
1687449600000,1.09524,1.09567,1.09485,1.09545,13432.8604
1687453200000,1.09546,1.0958,1.095,1.09572,11857.9404
1687456800000,1.09573,1.09603,1.09511,1.0959,9628.4805
1687460400000,1.09591,1.09616,1.09543,1.0958,10067
1687464000000,1.0958,1.09585,1.0953,1.09553,3977.4299
1687467600000,1.09548,1.09577,1.09536,1.09547,1192.46
1687471200000,1.09566,1.09566,1.09529,1.09533,2345.3799
1687474800000,1.09533,1.09576,1.09532,1.09554,6095.7798
1687478400000,1.09555,1.09585,1.09526,1.0955,9139.8398
1687482000000,1.0955,1.09561,1.09458,1.09467,15131.3203
1687485600000,1.09467,1.09467,1.09321,1.09385,12293.4102
1687489200000,1.09385,1.09404,1.09348,1.09356,9337.1797
1687492800000,1.09356,1.09368,1.09287,1.0933,11677.4199
1687496400000,1.0933,1.09339,1.09271,1.09325,13410.46
1687500000000,1.09325,1.09333,1.09205,1.09231,9911.0703
1687503600000,1.09231,1.09259,1.08532,1.08685,36208.6289
1687507200000,1.08688,1.08744,1.08485,1.08491,27244.2891
1687510800000,1.0849,1.08621,1.08443,1.08606,17349.6406
1687514400000,1.08607,1.08721,1.08606,1.08681,12017.5596
1687518000000,1.08681,1.08792,1.08661,1.08761,11544.0996
1687521600000,1.08762,1.08957,1.08761,1.08871,25909.4004
1687525200000,1.08873,1.09025,1.08832,1.08833,36983.7383
1687528800000,1.08832,1.08984,1.0879,1.08825,32335.6797
1687532400000,1.08823,1.08922,1.08788,1.08862,16326.0098
1687536000000,1.08862,1.08896,1.08827,1.08856,10784.5801
1687539600000,1.08858,1.08962,1.08858,1.08947,9419.3398
1687543200000,1.08947,1.0895,1.08885,1.0892,9213.3203
1687546800000,1.08917,1.08943,1.08872,1.0891,8796.8701
1687550400000,1.0891,1.08962,1.089,1.08905,5777.6201
1687726800000,1.09042,1.09048,1.08978,1.09004,551.51
1687730400000,1.09007,1.0907,1.08978,1.09063,8650.4404
1687734000000,1.09063,1.09064,1.09029,1.09062,5889.8999
1687737600000,1.09064,1.09093,1.08988,1.09053,14274.7197
1687741200000,1.09052,1.09097,1.09017,1.09037,15537.7998
1687744800000,1.09036,1.09091,1.09032,1.09046,11262.6602
1687748400000,1.09046,1.09093,1.09038,1.0906,8494.75
1687752000000,1.09061,1.09081,1.08997,1.09024,6931.9502
1687755600000,1.09024,1.09098,1.09021,1.09068,9489.2695
1687759200000,1.09068,1.09109,1.08977,1.09031,14190.1396
1687762800000,1.09032,1.09083,1.08955,1.09021,23758
1687766400000,1.09021,1.09034,1.08873,1.08919,21532.3496
1687770000000,1.08918,1.09011,1.08907,1.08965,14010.0498
1687773600000,1.08964,1.09072,1.08939,1.09044,9870.6396
1687777200000,1.09043,1.09179,1.09029,1.09177,10885.2998
1687780800000,1.09176,1.092,1.0914,1.09174,12378.2598
1687784400000,1.09174,1.09199,1.0908,1.09125,16195.6699
1687788000000,1.09126,1.09159,1.09026,1.09081,20357.0801
1687791600000,1.09082,1.09177,1.09055,1.09093,12448.2598
1687795200000,1.09092,1.09099,1.08999,1.09086,10351.4199
1687798800000,1.09087,1.0913,1.09064,1.09099,7257.9399
1687802400000,1.09099,1.09152,1.09084,1.09148,7521.2002
1687806000000,1.09148,1.09151,1.09041,1.09061,7966.5
1687809600000,1.0906,1.09085,1.0904,1.09053,2844.0701
1687813200000,1.09055,1.0908,1.09047,1.09057,891.01
1687816800000,1.09057,1.09119,1.09057,1.09107,2783.45
1687820400000,1.09108,1.09109,1.09075,1.09099,4629.4702
1687824000000,1.09097,1.09113,1.09021,1.09045,8697.0498
1687827600000,1.09046,1.0935,1.09037,1.09241,17014.0996
1687831200000,1.0924,1.09242,1.09175,1.09228,12153.79
1687834800000,1.09228,1.0929,1.09215,1.09266,9086.9502
1687838400000,1.09265,1.09286,1.09231,1.09232,8566.21
1687842000000,1.09231,1.09271,1.09174,1.09177,10550.7598
1687845600000,1.09175,1.09333,1.09161,1.0931,14049.4805
1687849200000,1.0931,1.09414,1.09291,1.09394,19374.0801
1687852800000,1.09393,1.09438,1.09347,1.09395,20426.6191
1687856400000,1.09394,1.09446,1.0926,1.09409,16146.6904
1687860000000,1.09409,1.09528,1.09385,1.09513,13452.2998
1687863600000,1.09514,1.09522,1.09427,1.09444,16158.25
1687867200000,1.09445,1.09719,1.09443,1.09651,28459.3398
1687870800000,1.09653,1.09766,1.09616,1.09658,30050.5801
1687874400000,1.09657,1.09681,1.09422,1.09488,36794.0117
1687878000000,1.09489,1.09628,1.09458,1.09598,15795.8096
1687881600000,1.09598,1.09655,1.09571,1.09587,14764.0098
1687885200000,1.09586,1.09638,1.0955,1.09618,9324.5596
1687888800000,1.09619,1.09625,1.0958,1.09597,10293.1299
1687892400000,1.09597,1.09639,1.09592,1.09625,8537.8096
1687896000000,1.09625,1.09632,1.09597,1.09605,2769.79
1687899600000,1.09602,1.09616,1.09592,1.09598,806.03
1687903200000,1.09598,1.09627,1.09563,1.0957,3841.52
1687906800000,1.0957,1.09583,1.09546,1.09575,6831.1099
1687910400000,1.09574,1.09614,1.09526,1.09546,12592.54
1687914000000,1.09548,1.09562,1.09461,1.09463,17092.1309
1687917600000,1.09461,1.09507,1.09421,1.09492,12322.1396
1687921200000,1.09492,1.09544,1.09486,1.09508,10499.8701
1687924800000,1.09508,1.09534,1.09462,1.09486,8941.3799
1687928400000,1.09487,1.09547,1.09467,1.09533,9596.5
1687932000000,1.09532,1.09548,1.0936,1.09381,16384.5
1687935600000,1.09383,1.09568,1.09383,1.09525,17481.7793
1687939200000,1.09525,1.09604,1.09455,1.09527,20650.7793
1687942800000,1.09527,1.09589,1.09441,1.09474,18349.5293
1687946400000,1.09474,1.09621,1.09453,1.09545,12777.8203
1687950000000,1.09545,1.09557,1.09375,1.09403,16529.5508
1687953600000,1.09405,1.09445,1.09259,1.09276,23276.6699
1687957200000,1.09276,1.09443,1.09236,1.09347,31701.8008
1687960800000,1.09347,1.09367,1.08968,1.08985,38322.3203
1687964400000,1.08984,1.0917,1.08979,1.09034,22946.5293
1687968000000,1.09033,1.09184,1.09029,1.09109,14189.9004
1687971600000,1.09109,1.09175,1.09098,1.09149,11871.4805
1687975200000,1.09149,1.09238,1.09149,1.09224,9034.9404
1687978800000,1.09223,1.09223,1.09138,1.09159,10853
1687982400000,1.0916,1.09168,1.09111,1.09125,3850.0701
1687986000000,1.09124,1.0914,1.09116,1.09129,1104.03
1687989600000,1.09125,1.09153,1.09125,1.09137,1380.25
1687993200000,1.09137,1.09187,1.09136,1.09151,3854.1799
1687996800000,1.09151,1.09161,1.09011,1.09068,10705.3203
1688000400000,1.09069,1.09144,1.09057,1.09063,14593.6904
1688004000000,1.09062,1.09064,1.08932,1.08934,12070.1104
1688007600000,1.08934,1.08957,1.08905,1.08929,8163.6802
1688011200000,1.08929,1.08932,1.08807,1.08854,10233.5303
1688014800000,1.08853,1.08945,1.08839,1.0894,13660.6104
1688018400000,1.08939,1.09001,1.08897,1.08973,16415.2891
1688022000000,1.08977,1.09206,1.08976,1.09165,23967.4805
1688025600000,1.09164,1.09218,1.09104,1.09143,17188.0996
1688029200000,1.09145,1.09192,1.09116,1.09167,10605.8701
1688032800000,1.09167,1.09277,1.09163,1.09276,9161.4502
1688036400000,1.09276,1.09397,1.09258,1.09385,10750.3096
1688040000000,1.09384,1.09414,1.08732,1.0881,35934.4609
1688043600000,1.08811,1.08852,1.08601,1.08688,35858.8711
1688047200000,1.08691,1.08939,1.08689,1.08896,38987.9414
1688050800000,1.08895,1.08966,1.08787,1.08804,23309.2207
1688054400000,1.08803,1.08836,1.08686,1.08706,13370.0898
1688058000000,1.08706,1.08749,1.08682,1.08724,8901.1201
1688061600000,1.08723,1.08726,1.08655,1.08669,10512.7803
1688065200000,1.0867,1.08719,1.08665,1.08692,8558.3203
1688068800000,1.08691,1.08695,1.08622,1.08624,4281.3398
1688072400000,1.08623,1.0866,1.0861,1.08633,825.82
1688076000000,1.08635,1.08668,1.08624,1.08653,4108.2402
1688079600000,1.08654,1.08679,1.08644,1.08673,3799.4099
1688083200000,1.08673,1.08739,1.08634,1.0872,10858.7197
1688086800000,1.08721,1.08754,1.08602,1.08615,14776.0303
1688090400000,1.08615,1.08713,1.08611,1.08665,10073.29
1688094000000,1.08664,1.08748,1.08657,1.08713,9990.7197
1688097600000,1.08713,1.08736,1.0868,1.08698,8409.3096
1688101200000,1.08698,1.08754,1.08668,1.08695,9970.0898
1688104800000,1.08695,1.08696,1.08566,1.08639,16786.4609
1688108400000,1.0864,1.08692,1.08533,1.08563,22023.9902
1688112000000,1.08562,1.08566,1.08352,1.08388,20625.4805
1688115600000,1.08387,1.08493,1.08356,1.08456,15568.0703
1688119200000,1.08456,1.08538,1.0841,1.08533,15251.8799
1688122800000,1.08532,1.08592,1.0849,1.08535,12069.8799
1688126400000,1.08537,1.08977,1.08531,1.08969,33627.1992
1688130000000,1.08968,1.09166,1.08962,1.09144,35398.2891
1688133600000,1.09144,1.09317,1.09086,1.09102,43732.3516
1688137200000,1.09101,1.09192,1.09065,1.0919,26162.5703
1688140800000,1.09192,1.09224,1.09121,1.09182,21259.1992
1688144400000,1.09183,1.09228,1.09098,1.09116,10959.96
1688148000000,1.09117,1.09158,1.09105,1.09108,9775.6396
1688151600000,1.0911,1.09146,1.09092,1.09129,8673.5703
1688155200000,1.0913,1.09131,1.09079,1.09095,5735.0298
1688331600000,1.09094,1.09114,1.09074,1.09089,200.81
1688335200000,1.09089,1.0913,1.09084,1.09092,3572.79
1688338800000,1.09092,1.09102,1.09064,1.09075,4865.6499
1688342400000,1.09075,1.09096,1.09004,1.09014,10325.2197
1688346000000,1.09014,1.09176,1.09011,1.0909,13738.2998
1688349600000,1.09092,1.09104,1.09064,1.09074,11224.3604
1688353200000,1.09074,1.09136,1.09064,1.09127,9939.0303
1688356800000,1.09127,1.09181,1.09125,1.09175,7778.9302
1688360400000,1.09174,1.0918,1.0903,1.09033,10901.79
1688364000000,1.09032,1.09068,1.08881,1.08902,18489.3301
1688367600000,1.089,1.08907,1.08702,1.08749,22918.9199
1688371200000,1.08748,1.0889,1.0873,1.08862,13495.1299
1688374800000,1.08862,1.08917,1.0876,1.089,14130.04
1688378400000,1.089,1.08961,1.08813,1.0892,11128.7695
1688382000000,1.0892,1.09047,1.08871,1.08991,13825.5195
1688385600000,1.08989,1.09101,1.08937,1.09088,19225.7207
1688389200000,1.09089,1.09204,1.09042,1.09136,25608.75
1688392800000,1.09132,1.09339,1.09026,1.09067,33963.2891
1688396400000,1.09066,1.09228,1.09018,1.09181,16264.04
1688400000000,1.09181,1.09212,1.09136,1.09155,11355.8701
1688403600000,1.09158,1.09163,1.09083,1.09083,4539.0698
1688407200000,1.09086,1.09126,1.09086,1.09118,4514.1299
1688410800000,1.09118,1.09118,1.09092,1.09092,2132.1201
1688414400000,1.09092,1.09144,1.09088,1.09119,1182.74
1688418000000,1.09119,1.09139,1.091,1.09112,432.4
1688421600000,1.0911,1.09153,1.09108,1.09125,2159.4399
1688425200000,1.09124,1.09149,1.09121,1.09128,2993.3101
1688428800000,1.09127,1.09136,1.09085,1.09097,6717.0801
1688432400000,1.09098,1.09163,1.0908,1.09107,6677.79
1688436000000,1.09106,1.09113,1.09024,1.09055,6244.0601
1688439600000,1.09054,1.09091,1.09039,1.09044,4803.73
1688443200000,1.09046,1.09054,1.09005,1.09005,8012.4502
1688446800000,1.09004,1.09011,1.08939,1.08953,7565.04
1688450400000,1.08952,1.09146,1.08951,1.09146,11989.1602
1688454000000,1.09146,1.09146,1.08961,1.09027,16410.0898
1688457600000,1.09028,1.09045,1.08921,1.08954,11503.6797
1688461200000,1.08954,1.09029,1.08944,1.08985,10924.1504
1688464800000,1.08984,1.09038,1.08954,1.08959,8709.0303
1688468400000,1.08961,1.09021,1.08897,1.08982,7089.7202
1688472000000,1.08982,1.0901,1.08936,1.09006,11014.5498
1688475600000,1.09006,1.09011,1.08959,1.08997,8209.7803
1688479200000,1.08998,1.09074,1.08982,1.09018,8998.46
1688482800000,1.09018,1.09027,1.08965,1.0901,7892.6099
1688486400000,1.09009,1.09012,1.08919,1.08943,7406.7402
1688490000000,1.08944,1.08971,1.08931,1.08938,1747.49
1688493600000,1.08937,1.08959,1.08869,1.08873,1933.9399
1688497200000,1.08874,1.08878,1.08809,1.08832,2612.8601
1688500800000,1.08833,1.08835,1.08768,1.08778,1653.48
1688504400000,1.08779,1.08821,1.08779,1.08791,907.81
1688508000000,1.0879,1.08815,1.08773,1.08804,2155.45
1688511600000,1.08804,1.08832,1.08794,1.08824,3260.97
1688515200000,1.08827,1.08908,1.08825,1.08867,6587.1099
1688518800000,1.08866,1.0887,1.08762,1.08769,10002.4805
1688522400000,1.08769,1.08783,1.0875,1.08781,8055.27
1688526000000,1.08782,1.08792,1.08751,1.08773,6375.1299
1688529600000,1.08774,1.08775,1.0875,1.08756,6637.8101
1688533200000,1.08755,1.08838,1.08677,1.08812,8902.3096
1688536800000,1.08814,1.08889,1.08713,1.08825,14666.5596
1688540400000,1.08826,1.09078,1.08823,1.08865,24944.7598
1688544000000,1.08865,1.0894,1.08662,1.08878,24005.1504
1688547600000,1.08878,1.08956,1.08754,1.08941,14589
1688551200000,1.08943,1.08949,1.08774,1.08782,13969.6201
1688554800000,1.08782,1.08822,1.08753,1.0879,10537.2803
1688558400000,1.0879,1.09019,1.08756,1.08942,14921.71
1688562000000,1.08942,1.09014,1.08856,1.08916,25935.8105
1688565600000,1.08914,1.0895,1.0867,1.08737,25659.2402
1688569200000,1.08736,1.0877,1.08649,1.0867,15315.3203
1688572800000,1.0867,1.0867,1.0859,1.08607,11725.2803
1688576400000,1.08608,1.08638,1.08582,1.08599,10831.8496
1688580000000,1.08598,1.08653,1.08509,1.08534,15171.9102
1688583600000,1.08535,1.08567,1.08525,1.0855,9594.2803
1688587200000,1.08548,1.08557,1.08529,1.08537,3101.5801
1688590800000,1.08535,1.08564,1.08526,1.08553,721.33
1688594400000,1.08553,1.08571,1.08527,1.08529,2692.3501
1688598000000,1.08529,1.08561,1.0852,1.08551,3076.45
1688601600000,1.08554,1.08559,1.08464,1.08489,9412.0898
1688605200000,1.08487,1.08506,1.08428,1.085,10906.5801
1688608800000,1.08499,1.08534,1.08458,1.0847,9321.4502
1688612400000,1.0847,1.0847,1.08399,1.084,8682.5996
1688616000000,1.08401,1.08435,1.08337,1.08431,11489.6699
1688619600000,1.08431,1.08563,1.08415,1.08553,12372.96
1688623200000,1.08553,1.08691,1.08531,1.08672,17235.3203
1688626800000,1.08673,1.08753,1.08521,1.08556,23818.8691
1688630400000,1.08555,1.08656,1.08454,1.08639,23283.8906
1688634000000,1.0864,1.08686,1.08601,1.08616,17006.5508
1688637600000,1.08615,1.08899,1.08612,1.08867,22224.9805
1688641200000,1.08867,1.08977,1.08834,1.08952,18647.9805
1688644800000,1.08951,1.09006,1.08583,1.08737,53474.6719
1688648400000,1.08739,1.08877,1.08671,1.08833,42909.9492
1688652000000,1.08828,1.08828,1.08338,1.0868,41397.2109
1688655600000,1.0868,1.08781,1.08583,1.08722,24755.1797
1688659200000,1.08723,1.08859,1.08708,1.08723,17477.1895
1688662800000,1.08724,1.08821,1.08721,1.0882,9740.5596
1688666400000,1.08821,1.08856,1.08773,1.08807,8596.0703
1688670000000,1.08813,1.08888,1.08813,1.08883,7965.3799
1688673600000,1.08883,1.08924,1.08852,1.08883,3132.5
1688677200000,1.08884,1.08889,1.08832,1.08882,205.23
1688680800000,1.08887,1.08913,1.08884,1.08912,1690.28
1688684400000,1.08912,1.08949,1.08896,1.08896,3870.3401
1688688000000,1.08895,1.08912,1.08823,1.08851,10045.75
1688691600000,1.08849,1.08912,1.08848,1.08869,9306.46
1688695200000,1.08869,1.08884,1.08834,1.08859,6988.7202
1688698800000,1.08859,1.08915,1.08858,1.08878,5992.4302
1688702400000,1.08876,1.08951,1.08855,1.0891,4920.0098
1688706000000,1.08912,1.0896,1.08863,1.08874,11087.1602
1688709600000,1.08875,1.09002,1.08812,1.08828,17582.8906
1688713200000,1.08828,1.0891,1.08717,1.08759,19399.0293
1688716800000,1.08758,1.08808,1.08669,1.08776,18221.8398
1688720400000,1.08776,1.08886,1.08699,1.08804,19398.2402
1688724000000,1.08803,1.08963,1.08778,1.08921,14633.6797
1688727600000,1.08922,1.0897,1.08874,1.08875,15100.4902
1688731200000,1.08878,1.09314,1.08744,1.09119,47833.3281
1688734800000,1.09118,1.09248,1.08953,1.09161,50920.5898
1688738400000,1.09162,1.09539,1.09096,1.09489,31512.1895
1688742000000,1.09489,1.09634,1.09446,1.09629,22552.6602
1688745600000,1.0963,1.09727,1.09629,1.09717,16002.7695
1688749200000,1.09716,1.09731,1.09662,1.09675,12122.5498
1688752800000,1.09675,1.09702,1.09656,1.09672,11053.9404
1688756400000,1.09672,1.09696,1.09631,1.09667,7615.8501
1688760000000,1.09666,1.09693,1.09646,1.09646,4715.0898
1688936400000,1.09593,1.09665,1.09563,1.09647,520.68
1688940000000,1.09647,1.09697,1.09647,1.09664,5472.5
1688943600000,1.09663,1.0968,1.09623,1.09669,6040.9199
1688947200000,1.0967,1.09689,1.09569,1.09641,11218.7998
1688950800000,1.09642,1.09695,1.09571,1.09603,13595.5703
1688954400000,1.09604,1.09632,1.09565,1.09605,11860.6904
1688958000000,1.09606,1.09622,1.09528,1.09559,9544
1688961600000,1.0956,1.0958,1.09525,1.0953,9928.6299
1688965200000,1.09529,1.09561,1.0946,1.09461,12640.6396
1688968800000,1.09461,1.09547,1.0945,1.09503,15868.5098
1688972400000,1.09504,1.09655,1.09483,1.09544,17325.3496
1688976000000,1.09544,1.09655,1.09527,1.09646,13575.2803
1688979600000,1.09645,1.09733,1.09608,1.09619,16467.6699
1688983200000,1.09619,1.09651,1.09545,1.09593,13470.5498
1688986800000,1.09593,1.09621,1.09533,1.09538,14178.6504
1688990400000,1.09541,1.0958,1.09434,1.09469,19775.6992
1688994000000,1.0947,1.09712,1.0947,1.09669,23233.6895
1688997600000,1.0967,1.09802,1.09665,1.09746,29781.6406
1689001200000,1.09747,1.09927,1.09747,1.099,17929.3691
1689004800000,1.09899,1.09911,1.09825,1.09893,14047.5098
1689008400000,1.09892,1.09966,1.09873,1.09952,10492.7998
1689012000000,1.09952,1.09994,1.09913,1.0999,12031.6504
1689015600000,1.09989,1.10003,1.09963,1.0998,9307.6904
1689019200000,1.09982,1.10014,1.09968,1.10008,3797.1799
1689022800000,1.10008,1.1001,1.09975,1.09995,313.73
1689026400000,1.09993,1.10025,1.0999,1.1001,2511.48
1689030000000,1.10011,1.10058,1.1001,1.10052,3456.1399
1689033600000,1.10053,1.10086,1.10014,1.10067,9231.2803
1689037200000,1.10067,1.1013,1.10056,1.10094,11344.1299
1689040800000,1.10093,1.102,1.10062,1.10188,12394.0098
1689044400000,1.10187,1.10192,1.10119,1.10173,11495.2002
1689048000000,1.10173,1.102,1.10151,1.10198,8852.96
1689051600000,1.10198,1.1022,1.10061,1.10068,13752.4199
1689055200000,1.10073,1.10269,1.10072,1.10213,25530.1406
1689058800000,1.10213,1.10228,1.10075,1.1008,25136.3398
1689062400000,1.1008,1.10155,1.10022,1.10026,16524.3496
1689066000000,1.10026,1.10084,1.09971,1.10062,15379.8301
1689069600000,1.10063,1.10125,1.10038,1.10059,11270.4502
1689073200000,1.10059,1.10063,1.0983,1.09837,15897.0498
1689076800000,1.09836,1.09902,1.09768,1.09819,18702.7109
1689080400000,1.09818,1.09936,1.09794,1.0987,26356.0098
1689084000000,1.09871,1.09933,1.09783,1.09899,21998.4902
1689087600000,1.09899,1.09946,1.09862,1.09917,14718.0498
1689091200000,1.09916,1.10031,1.09909,1.10024,9695.4404
1689094800000,1.10024,1.1009,1.10021,1.10067,8666.5498
1689098400000,1.10065,1.10077,1.09975,1.09991,8200.6299
1689102000000,1.09992,1.10073,1.0999,1.10062,8329.2402
1689105600000,1.10062,1.10089,1.10049,1.10081,3680.51
1689109200000,1.10081,1.10084,1.10059,1.10065,1686.27
1689112800000,1.10068,1.10121,1.10065,1.10119,2554.49
1689116400000,1.1012,1.10143,1.10111,1.10136,2885.6299
1689120000000,1.10137,1.10216,1.10119,1.10185,12923.3496
1689123600000,1.10185,1.10316,1.10184,1.1027,14610.5098
1689127200000,1.10271,1.10334,1.10253,1.10311,10717.0303
1689130800000,1.10312,1.10314,1.10265,1.10295,8887.0898
1689134400000,1.10295,1.10368,1.10292,1.10361,7046.7598
1689138000000,1.1036,1.10361,1.10254,1.10259,13370.3799
1689141600000,1.1026,1.10354,1.10206,1.10227,15765.6904
1689145200000,1.10227,1.10297,1.10215,1.10272,17781.0605
1689148800000,1.10271,1.10304,1.10216,1.10221,14285.3398
1689152400000,1.10219,1.10278,1.10182,1.10247,12113.3604
1689156000000,1.10246,1.10252,1.10184,1.1022,10739.1797
1689159600000,1.1022,1.10245,1.10136,1.10147,15393.2598
1689163200000,1.10149,1.10717,1.10148,1.1058,42181.6719
1689166800000,1.10582,1.11004,1.10562,1.10978,40374.8008
1689170400000,1.10978,1.11233,1.10888,1.11202,38669.7695
1689174000000,1.11203,1.11253,1.11107,1.1122,23780.9492
1689177600000,1.1122,1.11333,1.11202,1.11319,21256.3496
1689181200000,1.11318,1.11325,1.11244,1.11297,14596.0596
1689184800000,1.11299,1.11399,1.11278,1.11382,11820.79
1689188400000,1.11382,1.11403,1.11333,1.1137,9856.5801
1689192000000,1.1137,1.1138,1.11283,1.11295,4828.2202
1689195600000,1.11295,1.11331,1.11268,1.11287,579.01
1689199200000,1.11289,1.11371,1.11288,1.11352,3433.1699
1689202800000,1.11351,1.11405,1.11341,1.11405,3360.6499
1689206400000,1.11406,1.11451,1.11376,1.11383,9040.4697
1689210000000,1.11382,1.11455,1.11363,1.11448,12639.0195
1689213600000,1.11449,1.11474,1.11392,1.1146,10807.1904
1689217200000,1.1146,1.11486,1.11423,1.11456,8574.1602
1689220800000,1.11456,1.11485,1.11405,1.11409,7682.8799
1689224400000,1.11408,1.11432,1.11298,1.11309,12439.7803
1689228000000,1.11309,1.115,1.11307,1.11483,23563.5898
1689231600000,1.11482,1.11577,1.11361,1.11553,23736.7207
1689235200000,1.11553,1.11699,1.11502,1.11608,19643.2793
1689238800000,1.11608,1.11742,1.1155,1.11727,15780.4404
1689242400000,1.11728,1.11735,1.11594,1.11714,13898.0303
1689246000000,1.11713,1.11778,1.11684,1.11742,12760.4404
1689249600000,1.11742,1.11897,1.11615,1.11795,39235.5898
1689253200000,1.11797,1.11949,1.11761,1.11942,35069.8906
1689256800000,1.11943,1.11959,1.11806,1.11957,26614.8008
1689260400000,1.11959,1.11965,1.11858,1.11927,20519.5898
1689264000000,1.11928,1.12087,1.11917,1.12056,13388.3604
1689267600000,1.12056,1.12185,1.12023,1.12156,13054.7002
1689271200000,1.12155,1.12225,1.1213,1.12224,13450.6201
1689274800000,1.12225,1.1227,1.12194,1.12263,10176.2803
1689278400000,1.12262,1.12278,1.1224,1.12258,3765.98
1689282000000,1.12252,1.12254,1.12168,1.12241,857.65
1689285600000,1.12242,1.12296,1.12228,1.12245,3441.1201
1689289200000,1.12244,1.1228,1.12217,1.12234,6505.3701
1689292800000,1.12235,1.12247,1.12134,1.12226,16202.8096
1689296400000,1.12227,1.12336,1.12221,1.12329,19807.7402
1689300000000,1.12328,1.12386,1.12311,1.12353,13453.7695
1689303600000,1.12353,1.12429,1.12335,1.12413,13061.2402
1689307200000,1.12413,1.12413,1.12326,1.1233,11940.7598
1689310800000,1.12329,1.12351,1.12184,1.12192,14144.5596
1689314400000,1.12195,1.12256,1.12055,1.121,20552.7695
1689318000000,1.121,1.12216,1.12041,1.12214,20016.6309
1689321600000,1.12213,1.12357,1.12212,1.12311,16723.8203
1689325200000,1.12312,1.12448,1.12261,1.12267,14082.5703
1689328800000,1.12266,1.12266,1.12154,1.12202,15195.1699
1689332400000,1.12204,1.12342,1.12193,1.12242,13465.0195
1689336000000,1.12243,1.12269,1.12101,1.12257,20224.0703
1689339600000,1.12257,1.1244,1.12175,1.12396,22795.4492
1689343200000,1.12395,1.12442,1.12153,1.12417,41582.1914
1689346800000,1.12418,1.12441,1.12349,1.12355,14977.9805
1689350400000,1.12356,1.1243,1.1233,1.12394,10580.8496
1689354000000,1.12395,1.12395,1.12265,1.1234,10621.7998
1689357600000,1.12341,1.12366,1.12315,1.1234,11268.29
1689361200000,1.1234,1.1234,1.12258,1.12259,7467.4399
1689364800000,1.12258,1.12294,1.12231,1.12235,5876.8198
1689541200000,1.12284,1.1234,1.12238,1.12281,376.4
1689544800000,1.12273,1.12315,1.12245,1.12254,2377.27
1689548400000,1.12253,1.12293,1.12232,1.12273,6950.3501
1689552000000,1.12271,1.12296,1.1223,1.12245,7138.9199
1689555600000,1.12247,1.12273,1.12171,1.12178,10670.3701
1689559200000,1.12177,1.1228,1.12147,1.12264,6916.96
1689562800000,1.12265,1.12285,1.12244,1.12264,6266.8101
1689566400000,1.12263,1.12275,1.12223,1.12268,5547.6699
1689570000000,1.12271,1.12345,1.1222,1.12324,7416.5698
1689573600000,1.12325,1.124,1.12224,1.12333,11587.6104
1689577200000,1.12335,1.1245,1.12295,1.12447,11915.6602
1689580800000,1.12448,1.12487,1.12363,1.12379,11712.6904
1689584400000,1.12378,1.12448,1.12347,1.12433,11821.7002
1689588000000,1.12434,1.12434,1.12307,1.12311,10705.1797
1689591600000,1.12312,1.12377,1.12291,1.1234,7336.3398
1689595200000,1.12338,1.1237,1.12207,1.12354,26786.3105
1689598800000,1.12354,1.12357,1.12033,1.12213,23048.3008
1689602400000,1.12213,1.12332,1.12176,1.12317,15988.3203
1689606000000,1.1232,1.12378,1.12255,1.1235,8992.8096
1689609600000,1.12349,1.12382,1.12299,1.12329,5825.8101
1689613200000,1.12329,1.12443,1.12321,1.12403,5268.3799
1689616800000,1.12403,1.1244,1.12391,1.1243,7188.6699
1689620400000,1.12429,1.1246,1.12414,1.12436,5183.8599
1689624000000,1.12438,1.12438,1.1235,1.1235,3000.4199
1689627600000,1.1235,1.12394,1.12326,1.12362,1482.47
1689631200000,1.12362,1.12401,1.12355,1.12394,1451.52
1689634800000,1.12394,1.124,1.12368,1.12373,3537.75
1689638400000,1.12374,1.12464,1.12345,1.12417,9497.8896
1689642000000,1.12419,1.12559,1.12386,1.12451,15505.8203
1689645600000,1.12452,1.12486,1.12434,1.12476,9317.7002
1689649200000,1.12475,1.12548,1.12445,1.12537,7117.5601
1689652800000,1.12539,1.12562,1.12503,1.12516,7510.7998
1689656400000,1.12516,1.12639,1.12493,1.125,9923.2305
1689660000000,1.12502,1.12572,1.12403,1.12561,13437.4502
1689663600000,1.12561,1.12756,1.12431,1.12537,24774.3398
1689667200000,1.12538,1.12559,1.12279,1.1237,23400.3906
1689670800000,1.12372,1.12494,1.12368,1.12488,13551.7695
1689674400000,1.12489,1.12599,1.12469,1.12573,9506.9502
1689678000000,1.12572,1.12578,1.12417,1.12532,12181.7402
1689681600000,1.12533,1.12699,1.1223,1.12395,40374.0117
1689685200000,1.12396,1.12458,1.12167,1.12266,48736.6719
1689688800000,1.12265,1.12399,1.12249,1.12368,38629.6211
1689692400000,1.12367,1.12454,1.12212,1.12224,18413.8691
1689696000000,1.12225,1.12284,1.12089,1.12146,9995.1797
1689699600000,1.12145,1.1221,1.12091,1.12187,8033.1699
1689703200000,1.12185,1.12309,1.12136,1.12289,7716.48
1689706800000,1.12288,1.12307,1.12243,1.12301,8399.21
1689710400000,1.12302,1.12315,1.12269,1.12279,2854.8301
1689714000000,1.12277,1.12305,1.12252,1.12274,1322.4301
1689717600000,1.12274,1.12327,1.12274,1.12316,2576.3201
1689721200000,1.12316,1.1232,1.12251,1.12281,6784.9502
1689724800000,1.12282,1.12327,1.12271,1.12295,8489.1699
1689728400000,1.12297,1.12312,1.12215,1.12251,11883.5
1689732000000,1.12253,1.12254,1.12161,1.12216,10871.79
1689735600000,1.12216,1.12267,1.12201,1.12261,8238.1797
1689739200000,1.12262,1.12265,1.12196,1.12215,6138.3398
1689742800000,1.12218,1.12356,1.12201,1.1235,9148.3701
1689746400000,1.12352,1.12356,1.11959,1.12129,33235.6211
1689750000000,1.12128,1.12372,1.12124,1.12269,27320.4609
1689753600000,1.12269,1.12325,1.122,1.12324,20867.3008
1689757200000,1.12325,1.124,1.12255,1.12294,19263.4102
1689760800000,1.12294,1.12294,1.12156,1.12158,14752.1699
1689764400000,1.12159,1.12202,1.12099,1.12131,13153.6904
1689768000000,1.12131,1.12238,1.12088,1.12169,21678.0898
1689771600000,1.12171,1.12246,1.12132,1.12134,23913.5098
1689775200000,1.12134,1.12143,1.11742,1.11906,28553.2109
1689778800000,1.11907,1.11993,1.11895,1.11937,21748.9609
1689782400000,1.11939,1.1195,1.118,1.1192,14628.5596
1689786000000,1.11919,1.11995,1.11901,1.1199,11337.4004
1689789600000,1.1199,1.12021,1.1195,1.12017,8593.1299
1689793200000,1.12017,1.12049,1.11984,1.12037,7952.8999
1689796800000,1.12036,1.12045,1.11977,1.11977,3145.9199
1689800400000,1.11972,1.12037,1.11961,1.12,2529.9299
1689804000000,1.12,1.12039,1.11992,1.12034,3045.1699
1689807600000,1.12035,1.12051,1.12023,1.12049,3983.76
1689811200000,1.12048,1.12202,1.12037,1.1218,8996.6104
1689814800000,1.1218,1.12284,1.12154,1.12255,14773.8701
1689818400000,1.12257,1.12291,1.1221,1.12252,10195.6504
1689822000000,1.12251,1.12272,1.12185,1.12258,7809.4902
1689825600000,1.12259,1.12267,1.122,1.12211,5290.3198
1689829200000,1.12211,1.12231,1.12133,1.12169,10050.7197
1689832800000,1.12169,1.12181,1.12054,1.12107,12457.04
1689836400000,1.12106,1.12209,1.1198,1.12054,18843.8691
1689840000000,1.12053,1.12133,1.1201,1.12084,16278.75
1689843600000,1.12083,1.12142,1.12049,1.12118,13735.79
1689847200000,1.12117,1.12166,1.12015,1.1204,12727.8096
1689850800000,1.1204,1.12125,1.11987,1.12069,12016.4805
1689854400000,1.12069,1.12069,1.1177,1.11825,34242.4219
1689858000000,1.11825,1.11877,1.11719,1.11829,26184.0605
1689861600000,1.11831,1.11886,1.11405,1.11467,40313.9688
1689865200000,1.11469,1.11524,1.1132,1.11348,18609.4102
1689868800000,1.11349,1.11386,1.11184,1.11241,12577.6299
1689872400000,1.11244,1.11347,1.11219,1.11302,9047.5303
1689876000000,1.11303,1.11306,1.11234,1.11262,9023.8203
1689879600000,1.11262,1.11333,1.11261,1.11318,8917.8604
1689883200000,1.11319,1.11322,1.11282,1.11292,2201.74
1689886800000,1.11292,1.11353,1.11283,1.1135,2040.65
1689890400000,1.11347,1.11367,1.11312,1.11348,1791.22
1689894000000,1.11348,1.1138,1.11333,1.11344,4152.7202
1689897600000,1.11345,1.11381,1.11296,1.11375,8875.6602
1689901200000,1.11374,1.11405,1.11308,1.1139,13683.7695
1689904800000,1.11391,1.11417,1.11359,1.11394,9157.5703
1689908400000,1.11394,1.11405,1.11345,1.1136,5598.4199
1689912000000,1.11361,1.11397,1.11344,1.11396,6220.1299
1689915600000,1.11396,1.11437,1.11336,1.1143,8228.9199
1689919200000,1.11429,1.11449,1.11352,1.11428,15198.0303
1689922800000,1.11429,1.11446,1.11248,1.11278,23936.2305
1689926400000,1.11276,1.11376,1.11213,1.11282,23630.3008
1689930000000,1.11281,1.11321,1.11222,1.11278,16394.25
1689933600000,1.11278,1.1129,1.11203,1.11254,13373.46
1689937200000,1.11253,1.11313,1.11173,1.11182,12471.5898
1689940800000,1.11183,1.11343,1.11182,1.11282,20816.0801
1689944400000,1.11281,1.11379,1.11115,1.11186,27623.6992
1689948000000,1.11184,1.11184,1.11079,1.11131,22711.3809
1689951600000,1.11134,1.1126,1.11121,1.11195,12091.4902
1689955200000,1.11195,1.11253,1.11155,1.11233,7362.77
1689958800000,1.11232,1.11288,1.11227,1.11258,5448.3701
1689962400000,1.11259,1.11302,1.1124,1.11247,5756.3501
1689966000000,1.11247,1.11254,1.11191,1.11254,4363.04
1689969600000,1.11256,1.11291,1.11236,1.11244,3437.8501
1690146000000,1.11197,1.11321,1.11197,1.11306,709.93
1690149600000,1.11306,1.1131,1.11245,1.11282,2428.53
1690153200000,1.11281,1.11305,1.11239,1.11243,3694.48
1690156800000,1.11244,1.11327,1.11228,1.11297,7780.8901
1690160400000,1.11298,1.11307,1.11194,1.11222,12493.75
1690164000000,1.11221,1.11311,1.11208,1.11263,9326.2305
1690167600000,1.11263,1.11291,1.11248,1.11255,5618.4902
1690171200000,1.11254,1.11255,1.11168,1.112,5982.7402
1690174800000,1.11201,1.11322,1.11186,1.11319,9252.71
1690178400000,1.11319,1.1141,1.11245,1.11357,12111.5996
1690182000000,1.11358,1.11469,1.10746,1.1081,38352.5586
1690185600000,1.10811,1.10878,1.10657,1.10708,25859.2109
1690189200000,1.10708,1.10919,1.10694,1.10819,21316.0605
1690192800000,1.10816,1.10934,1.108,1.10915,13179.4199
1690196400000,1.10916,1.11091,1.10877,1.10972,16449.1797
1690200000000,1.10973,1.10998,1.10824,1.10877,17810.25
1690203600000,1.10876,1.11045,1.10747,1.10849,33126.3984
1690207200000,1.10849,1.10906,1.10691,1.10791,32839.2109
1690210800000,1.10792,1.1084,1.10709,1.1082,14667.6201
1690214400000,1.10823,1.1083,1.10716,1.10814,13877.7803
1690218000000,1.10813,1.10844,1.10685,1.10749,11139.4404
1690221600000,1.1075,1.1075,1.10672,1.10706,6999.6699
1690225200000,1.10708,1.10721,1.10602,1.10602,8323.2002
1690228800000,1.10602,1.10649,1.10602,1.10627,3951.3899
1690232400000,1.1062,1.10674,1.10619,1.10632,1729.22
1690236000000,1.10626,1.10661,1.10624,1.10624,2378.22
1690239600000,1.10624,1.10647,1.10597,1.1063,3805.6499
1690243200000,1.1063,1.107,1.10627,1.10673,9740.6699
1690246800000,1.10673,1.10769,1.1067,1.10736,13799.79
1690250400000,1.10738,1.10815,1.10702,1.10806,11371.5596
1690254000000,1.10807,1.10808,1.10757,1.10782,7294.71
1690257600000,1.10782,1.10789,1.10687,1.10702,6236.6699
1690261200000,1.107,1.10781,1.10693,1.10762,10292.5596
1690264800000,1.10759,1.10868,1.10717,1.10797,12276.4697
1690268400000,1.10797,1.10846,1.10698,1.1071,20512.5293
1690272000000,1.10712,1.10712,1.10527,1.10647,23039.0605
1690275600000,1.10647,1.10675,1.10419,1.10423,14339.8301
1690279200000,1.10422,1.10471,1.1041,1.1045,8475.6104
1690282800000,1.1045,1.10499,1.10393,1.10493,18228.3809
1690286400000,1.10492,1.10531,1.10426,1.10485,20934.8398
1690290000000,1.10487,1.10497,1.10255,1.10385,29772.0508
1690293600000,1.10381,1.10449,1.10207,1.10444,29655.6504
1690297200000,1.10445,1.10533,1.10422,1.1049,16843.1094
1690300800000,1.10491,1.10546,1.10409,1.10422,10342.8096
1690304400000,1.10422,1.10422,1.10354,1.10393,8122.7798
1690308000000,1.10393,1.10456,1.10357,1.10451,9686.4199
1690311600000,1.10449,1.1053,1.10433,1.10521,9667.1797
1690315200000,1.10521,1.10552,1.10512,1.10531,4627.1401
1690318800000,1.10526,1.10577,1.10526,1.10571,2525.21
1690322400000,1.10574,1.10574,1.1049,1.10512,2343.72
1690326000000,1.10512,1.10524,1.10485,1.10499,5188.23
1690329600000,1.105,1.1053,1.1044,1.10456,11256.0303
1690333200000,1.10455,1.10463,1.10377,1.10384,14669.5195
1690336800000,1.10384,1.10463,1.10378,1.10457,8121.3398
1690340400000,1.10457,1.10504,1.10449,1.10493,7333.02
1690344000000,1.10492,1.10531,1.10462,1.10481,6306.54
1690347600000,1.10481,1.10628,1.10475,1.10621,8510.4697
1690351200000,1.10619,1.1071,1.10566,1.10633,15715.9902
1690354800000,1.10633,1.10748,1.10571,1.10693,18389.8691
1690358400000,1.10692,1.10775,1.10663,1.10756,14816.7998
1690362000000,1.10757,1.10777,1.10686,1.10747,10557.46
1690365600000,1.10746,1.10861,1.10732,1.1082,12091.3096
1690369200000,1.10821,1.10837,1.10598,1.10627,14895.7598
1690372800000,1.10627,1.10706,1.10573,1.10682,17855.1406
1690376400000,1.10681,1.10732,1.10576,1.10651,22918.0391
1690380000000,1.10651,1.10714,1.10576,1.10635,28684.4805
1690383600000,1.10635,1.10796,1.10617,1.10767,15859.0996
1690387200000,1.10767,1.10822,1.10681,1.10718,9798.4004
1690390800000,1.10717,1.10717,1.10576,1.10576,9627.1104
1690394400000,1.10577,1.11047,1.10564,1.11035,65629.2188
1690398000000,1.11038,1.11066,1.10784,1.10963,33255.5898
1690401600000,1.10963,1.10965,1.10848,1.10854,3979.75
1690405200000,1.10853,1.10884,1.10831,1.10869,1889.9399
1690408800000,1.10866,1.10895,1.10844,1.10848,2601.1001
1690412400000,1.10847,1.10848,1.10778,1.10779,3935.3899
1690416000000,1.10778,1.10873,1.10774,1.10865,8028.3701
1690419600000,1.10865,1.11002,1.10864,1.10989,12309.2402
1690423200000,1.1099,1.11178,1.1099,1.10992,15168.3701
1690426800000,1.10992,1.11062,1.10985,1.11002,8139.7998
1690430400000,1.11002,1.11077,1.10959,1.1096,8465.5195
1690434000000,1.10959,1.10994,1.10879,1.10888,12285.5996
1690437600000,1.10888,1.11002,1.10888,1.10999,15236.5898
1690441200000,1.10999,1.1134,1.10983,1.11284,29658.7207
1690444800000,1.11284,1.11392,1.11243,1.11389,16915.0605
1690448400000,1.1139,1.11439,1.11267,1.11394,15285.7803
1690452000000,1.11395,1.11496,1.11362,1.11372,15416.0303
1690455600000,1.11373,1.11411,1.11312,1.11385,14623.6602
1690459200000,1.11384,1.11389,1.10476,1.1059,60557.5781
1690462800000,1.10591,1.10652,1.09914,1.1008,70708.7734
1690466400000,1.10079,1.10105,1.09839,1.09918,50882.3281
1690470000000,1.09918,1.10032,1.09874,1.09969,23830.6406
1690473600000,1.0997,1.1001,1.0986,1.099,14222.4404
1690477200000,1.09902,1.10105,1.09867,1.09987,35511.2891
1690480800000,1.09986,1.09988,1.09717,1.09732,22166.6895
1690484400000,1.09732,1.09741,1.09658,1.09669,15210.5801
1690488000000,1.09669,1.09769,1.09662,1.09749,3340.8401
1690491600000,1.09748,1.09778,1.09741,1.09764,750.94
1690495200000,1.09763,1.09835,1.09763,1.09827,3509.0901
1690498800000,1.09828,1.09831,1.0976,1.09781,6847.8501
1690502400000,1.0978,1.09825,1.09774,1.09801,10706.79
1690506000000,1.09802,1.0986,1.09736,1.09821,14040.04
1690509600000,1.09821,1.09858,1.09775,1.09827,10670.4404
1690513200000,1.09828,1.09882,1.09714,1.09765,29581.9902
1690516800000,1.09766,1.09786,1.09597,1.09727,26672.8496
1690520400000,1.09728,1.09863,1.09485,1.0986,25952.3203
1690524000000,1.0986,1.09911,1.09683,1.09709,31493.9395
1690527600000,1.09713,1.09874,1.09435,1.09515,39977.9492
1690531200000,1.09518,1.09686,1.09477,1.09595,24653.6406
1690534800000,1.09595,1.09771,1.09564,1.09734,15711.3096
1690538400000,1.09734,1.09965,1.09704,1.09935,13605.1104
1690542000000,1.09935,1.10181,1.09919,1.10092,17327.6309
1690545600000,1.10091,1.10333,1.10032,1.10092,36881.0586
1690549200000,1.10092,1.10173,1.09931,1.10171,35664.7383
1690552800000,1.10172,1.10475,1.1017,1.10356,33130.2891
1690556400000,1.10356,1.104,1.1022,1.10383,16051.8203
1690560000000,1.10382,1.1043,1.10249,1.10254,14328.4902
1690563600000,1.10252,1.10291,1.10151,1.10211,10470.8203
1690567200000,1.1021,1.10297,1.10159,1.10233,11787.4902
1690570800000,1.10232,1.10266,1.10191,1.1023,5181.48
1690574400000,1.10229,1.10235,1.10123,1.10125,6301.8701
1690750800000,1.10206,1.10207,1.10095,1.10184,533.4
1690754400000,1.10171,1.10276,1.10159,1.1027,2909.01
1690758000000,1.10271,1.10282,1.10236,1.10238,4680.4502
1690761600000,1.10239,1.10277,1.10193,1.10223,8867.3701
1690765200000,1.10221,1.10265,1.1014,1.10142,13643.71
1690768800000,1.10141,1.1016,1.10091,1.10153,13726.3301
1690772400000,1.10153,1.1018,1.10118,1.10123,9107.1797
1690776000000,1.10124,1.10124,1.10056,1.10058,8519.9902
1690779600000,1.10057,1.10144,1.10051,1.10144,8915.7002
1690783200000,1.10143,1.10174,1.10067,1.10108,17226.25
1690786800000,1.10109,1.10288,1.10108,1.10196,24520.6699
1690790400000,1.10198,1.1036,1.10113,1.10336,20972.3906
1690794000000,1.10341,1.10374,1.10256,1.10324,16206.1201
1690797600000,1.10324,1.10401,1.10291,1.10365,10737.0498
1690801200000,1.10364,1.10364,1.10231,1.10268,12791.7998
1690804800000,1.1027,1.10385,1.10188,1.10281,16929.0605
1690808400000,1.1028,1.10455,1.10147,1.10375,25545.8105
1690812000000,1.10376,1.10458,1.10222,1.10251,28133.3105
1690815600000,1.1025,1.10296,1.10122,1.10182,18258.5996
1690819200000,1.10183,1.10201,1.10038,1.1007,10439.4902
1690822800000,1.10069,1.10113,1.10041,1.10046,7165.1299
1690826400000,1.10045,1.10079,1.09976,1.09986,7739.4302
1690830000000,1.09986,1.10006,1.09937,1.09953,11462.54
1690833600000,1.09953,1.09976,1.09934,1.09963,4013.96
1690837200000,1.09961,1.09997,1.09931,1.09966,2790.73
1690840800000,1.09966,1.10028,1.0996,1.10009,2295.22
1690844400000,1.1001,1.10013,1.09966,1.09966,2681.03
1690848000000,1.09967,1.10015,1.09882,1.09888,9991.8398
1690851600000,1.09887,1.09908,1.0984,1.09859,9879.4404
1690855200000,1.09858,1.0987,1.09803,1.0985,7945.1499
1690858800000,1.09853,1.0989,1.09839,1.09855,6363.52
1690862400000,1.09854,1.0991,1.09819,1.099,8439.0303
1690866000000,1.099,1.0999,1.09865,1.09986,9259.8799
1690869600000,1.09987,1.10002,1.09883,1.09946,15290.5703
1690873200000,1.09945,1.09947,1.097,1.09796,24534.6895
1690876800000,1.09796,1.09866,1.09709,1.09746,17552.4297
1690880400000,1.09745,1.09767,1.09658,1.09752,13559.2402
1690884000000,1.09752,1.09845,1.09693,1.0982,12038.1504
1690887600000,1.09821,1.09821,1.09737,1.09755,12413.7002
1690891200000,1.09755,1.0977,1.09523,1.09563,20504.8301
1690894800000,1.09565,1.0978,1.09559,1.09727,24716.1699
1690898400000,1.09733,1.09892,1.09609,1.09782,45987.4219
1690902000000,1.09785,1.09848,1.09606,1.09702,17411.1406
1690905600000,1.09703,1.09781,1.09682,1.09719,7027.3999
1690909200000,1.0972,1.09763,1.09626,1.09635,6198.8599
1690912800000,1.09634,1.09744,1.09633,1.09737,5999.7202
1690916400000,1.09736,1.0985,1.09734,1.09826,7175.2798
1690920000000,1.0982,1.09851,1.09805,1.09842,2957.1899
1690923600000,1.09842,1.10192,1.0982,1.1018,10523.6504
1690927200000,1.1018,1.10181,1.09982,1.10092,5689.0298
1690930800000,1.10091,1.10166,1.10045,1.10075,7484.02
1690934400000,1.10078,1.1008,1.09926,1.09961,10541.4102
1690938000000,1.09958,1.10071,1.09912,1.09914,13299.2803
1690941600000,1.09914,1.0992,1.09803,1.09843,12510.7197
1690945200000,1.09842,1.09887,1.09802,1.09868,9131.4502
1690948800000,1.09869,1.09892,1.09814,1.0989,9537.46
1690952400000,1.09891,1.10006,1.09888,1.09942,15219.5898
1690956000000,1.09943,1.09961,1.09813,1.09896,15858.25
1690959600000,1.09897,1.09972,1.09815,1.09899,25675.9492
1690963200000,1.09902,1.09927,1.09759,1.09842,24760.2109
1690966800000,1.09841,1.09851,1.09763,1.09805,14213.5996
1690970400000,1.09804,1.09804,1.09682,1.09788,15155.4004
1690974000000,1.09789,1.09799,1.09726,1.09784,14145.7305
1690977600000,1.09783,1.09871,1.09574,1.09597,38671.0508
1690981200000,1.09597,1.09678,1.095,1.09501,30595.5195
1690984800000,1.09501,1.09506,1.09178,1.09272,39238.1914
1690988400000,1.0927,1.09441,1.0923,1.09381,20297.9492
1690992000000,1.09382,1.09528,1.09367,1.09505,16418.8594
1690995600000,1.09506,1.09575,1.0946,1.0946,12002.7402
1690999200000,1.0946,1.09495,1.09407,1.09429,11924.5801
1691002800000,1.09428,1.09456,1.09346,1.09396,9353.8398
1691006400000,1.09394,1.09394,1.09354,1.09375,3980.79
1691010000000,1.0937,1.09406,1.09366,1.09383,4331.73
1691013600000,1.0939,1.09446,1.09383,1.09444,2204.24
1691017200000,1.09445,1.09456,1.09426,1.09435,3210.1201
1691020800000,1.09433,1.09437,1.09371,1.09399,8942.6797
1691024400000,1.09398,1.09492,1.09377,1.09439,10797.1504
1691028000000,1.09439,1.09447,1.09344,1.09349,9125.6104
1691031600000,1.0935,1.09352,1.09303,1.09347,9346.2803
1691035200000,1.09347,1.09358,1.09224,1.09233,8069.48
1691038800000,1.09233,1.09407,1.0919,1.09395,12535.0303
1691042400000,1.09393,1.09432,1.09203,1.09217,21190.1992
1691046000000,1.09217,1.09277,1.09138,1.0919,31594.3203
1691049600000,1.09189,1.09247,1.09122,1.09247,22759.0195
1691053200000,1.09247,1.09383,1.09237,1.09317,18566.1504
1691056800000,1.09316,1.09356,1.09216,1.09342,15662.0195
1691060400000,1.09342,1.09487,1.0924,1.0935,28184.7207
1691064000000,1.09349,1.09561,1.09218,1.09379,40511.5313
1691067600000,1.09379,1.09401,1.09155,1.09185,36727.0781
1691071200000,1.09184,1.09478,1.0916,1.09318,48020.5391
1691074800000,1.0932,1.09545,1.09298,1.09466,23272.1309
1691078400000,1.09465,1.09628,1.09446,1.09551,11848.3096
1691082000000,1.09551,1.09569,1.09433,1.0947,9323.1299
1691085600000,1.09468,1.09522,1.09423,1.09431,8463
1691089200000,1.09434,1.09444,1.09383,1.0944,7778.6499
1691092800000,1.09437,1.09501,1.09436,1.0949,3697.6299
1691096400000,1.09489,1.09489,1.09456,1.09483,3494.4199
1691100000000,1.09487,1.09522,1.0947,1.09516,3852.72
1691103600000,1.09517,1.09533,1.09504,1.0951,3761.8701
1691107200000,1.09509,1.09555,1.09464,1.09553,7497.75
1691110800000,1.09553,1.09615,1.09539,1.09565,11634.6699
1691114400000,1.09566,1.09611,1.09524,1.09557,12247.2402
1691118000000,1.09556,1.09602,1.09536,1.09542,7836.1299
1691121600000,1.09543,1.09554,1.09493,1.09501,8343.9697
1691125200000,1.09502,1.09582,1.09478,1.09521,12427.8301
1691128800000,1.09521,1.09583,1.09461,1.09481,12685.5703
1691132400000,1.0948,1.09543,1.09441,1.09473,18984.1797
1691136000000,1.09474,1.09527,1.09378,1.09401,15454.8799
1691139600000,1.094,1.09459,1.09351,1.09446,10947.4199
1691143200000,1.09447,1.09488,1.09391,1.09442,11374.4902
1691146800000,1.09443,1.09456,1.09377,1.09378,14525.4102
1691150400000,1.09378,1.09977,1.09349,1.09889,50478.6484
1691154000000,1.09886,1.10299,1.09863,1.10122,48827.9492
1691157600000,1.10121,1.10283,1.10023,1.10233,33525.1992
1691161200000,1.10232,1.10419,1.10182,1.10348,22784.8398
1691164800000,1.10347,1.10393,1.10286,1.10338,11289.0801
1691168400000,1.10339,1.10389,1.10278,1.10284,9371.3604
1691172000000,1.10283,1.10283,1.10085,1.10091,14940.1904
1691175600000,1.10092,1.10108,1.10037,1.10076,7293.9102
1691179200000,1.1007,1.10115,1.10029,1.10029,6723.8198
1691355600000,1.10141,1.10151,1.10087,1.10115,775.73
1691359200000,1.10115,1.10139,1.10025,1.1005,5144.3198
1691362800000,1.1005,1.10051,1.1001,1.10024,6362.9399
1691366400000,1.10024,1.10117,1.10006,1.10099,7306.96
1691370000000,1.10098,1.10099,1.09952,1.10006,9153.7598
1691373600000,1.10006,1.10038,1.09971,1.10004,7871.8599
1691377200000,1.10004,1.10021,1.09951,1.09955,7787.3198
1691380800000,1.09955,1.0997,1.09918,1.09964,5147.8301
1691384400000,1.09964,1.09973,1.09819,1.09828,10477.96
1691388000000,1.09828,1.09862,1.09708,1.09801,12745.5801
1691391600000,1.09802,1.09947,1.09762,1.09927,13502.9697
1691395200000,1.09926,1.09926,1.09735,1.09746,12132.5098
1691398800000,1.09745,1.09773,1.09658,1.09662,11103.4404
1691402400000,1.09662,1.09736,1.09654,1.0973,10343
1691406000000,1.09731,1.09848,1.09716,1.09839,12649.6201
1691409600000,1.09841,1.09963,1.09795,1.09955,11879.7402
1691413200000,1.09956,1.10116,1.09916,1.09927,20377.3691
1691416800000,1.09924,1.10079,1.09856,1.10017,19054.0195
1691420400000,1.10017,1.10063,1.09941,1.09989,12495.9404
1691424000000,1.09989,1.10028,1.09921,1.10006,11648.5098
1691427600000,1.10006,1.10068,1.09954,1.10057,7656.0698
1691431200000,1.10058,1.10101,1.10045,1.10067,6908.6299
1691434800000,1.10067,1.10079,1.10028,1.10044,7646.1899
1691438400000,1.10044,1.10044,1.0999,1.1002,3717.1399
1691442000000,1.1002,1.1005,1.10017,1.10031,1444.55
1691445600000,1.10031,1.10033,1.1001,1.10017,1933.34
1691449200000,1.10018,1.1005,1.10017,1.10026,4169.9902
1691452800000,1.10026,1.10054,1.09895,1.09919,11424.1396
1691456400000,1.09919,1.09919,1.09786,1.09793,17323.1406
1691460000000,1.09792,1.09894,1.09768,1.09883,10350.2695
1691463600000,1.09883,1.09904,1.09813,1.09818,8229.3301
1691467200000,1.09817,1.09925,1.098,1.09921,8293.8203
1691470800000,1.09922,1.0999,1.09897,1.09988,9150.5303
1691474400000,1.09989,1.10111,1.09934,1.09975,19205.8301
1691478000000,1.09975,1.09981,1.09736,1.09787,25659.7305
1691481600000,1.09789,1.09872,1.0975,1.09852,16024.29
1691485200000,1.09853,1.09863,1.09669,1.09705,15117.4805
1691488800000,1.09706,1.09718,1.0952,1.09537,15332.6504
1691492400000,1.09537,1.0957,1.09368,1.09413,18596.3008
1691496000000,1.09412,1.09509,1.09347,1.09431,20021.2109
1691499600000,1.09431,1.0956,1.09333,1.09376,24586.3809
1691503200000,1.09381,1.09525,1.0929,1.09457,22591.6191
1691506800000,1.09456,1.09555,1.09414,1.09501,15411.4404
1691510400000,1.09502,1.09577,1.09476,1.09482,10912.3799
1691514000000,1.09482,1.09609,1.09478,1.09596,9721.5898
1691517600000,1.09595,1.09604,1.09522,1.09594,10347.2598
1691521200000,1.09594,1.09619,1.09566,1.09571,9406.3096
1691524800000,1.09571,1.09578,1.09531,1.09558,2980.8101
1691528400000,1.09558,1.09565,1.09539,1.0954,1233.98
1691532000000,1.0954,1.09563,1.09519,1.0952,2180.6001
1691535600000,1.0952,1.09594,1.0952,1.09592,4467.6299
1691539200000,1.09592,1.09651,1.09576,1.09576,6807.2798
1691542800000,1.09575,1.09696,1.09552,1.09635,13132.3496
1691546400000,1.09635,1.09698,1.09615,1.09683,7610.6899
1691550000000,1.09683,1.09707,1.09662,1.09665,9971.5596
1691553600000,1.09665,1.09684,1.09633,1.09667,5608.4302
1691557200000,1.09668,1.0979,1.09668,1.09766,9394.9697
1691560800000,1.09765,1.09796,1.09699,1.09726,13655.8896
1691564400000,1.09727,1.09847,1.09706,1.09842,19077.1406
1691568000000,1.09841,1.09887,1.09736,1.09836,15301.3799
1691571600000,1.09835,1.09871,1.09778,1.09784,10750.4805
1691575200000,1.09785,1.0981,1.09744,1.09762,10741.9502
1691578800000,1.09761,1.0981,1.09692,1.09698,11294.0898
1691582400000,1.09699,1.09818,1.0962,1.09815,21450.0605
1691586000000,1.09815,1.09879,1.09715,1.09802,25568.7695
1691589600000,1.09803,1.09953,1.09769,1.09828,23417.5703
1691593200000,1.09827,1.09878,1.09739,1.09742,18377.4492
1691596800000,1.09742,1.09817,1.09732,1.09783,12501.75
1691600400000,1.09783,1.09916,1.09748,1.09796,9908.4805
1691604000000,1.09797,1.09798,1.09747,1.09751,7831.6899
1691607600000,1.09752,1.0982,1.09732,1.09735,10474.9697
1691611200000,1.09733,1.09749,1.09712,1.09734,3566.1101
1691614800000,1.09733,1.09783,1.09725,1.09763,4416.2998
1691618400000,1.09762,1.09786,1.09753,1.09767,1789.47
1691622000000,1.09767,1.09775,1.09751,1.09771,3021.79
1691625600000,1.09771,1.09776,1.09673,1.09709,7187.2798
1691629200000,1.09709,1.09758,1.09675,1.09728,6581.3999
1691632800000,1.09727,1.09807,1.09713,1.09789,7642.9502
1691636400000,1.09789,1.09819,1.09778,1.09791,7504.3301
1691640000000,1.09791,1.0988,1.0979,1.09792,5960.0601
1691643600000,1.09792,1.09859,1.09785,1.09851,7158.9399
1691647200000,1.0985,1.09988,1.09829,1.09942,9977.2305
1691650800000,1.09942,1.10186,1.0993,1.10083,27692.2891
1691654400000,1.10083,1.10263,1.10081,1.10186,18031.9199
1691658000000,1.10185,1.10247,1.1016,1.10206,10709.5498
1691661600000,1.10207,1.10278,1.10191,1.10277,7446.54
1691665200000,1.10278,1.10296,1.10145,1.10165,11389.5898
1691668800000,1.10166,1.1065,1.10107,1.10422,45805.7891
1691672400000,1.1042,1.10457,1.10076,1.10395,44359.6016
1691676000000,1.10396,1.10439,1.10124,1.10186,37361.4297
1691679600000,1.10187,1.1022,1.10086,1.10151,23310.4199
1691683200000,1.10152,1.10191,1.10101,1.10133,14727.3301
1691686800000,1.10132,1.10141,1.09761,1.09799,24171.5898
1691690400000,1.09799,1.09927,1.09783,1.09907,16956.2109
1691694000000,1.09907,1.09913,1.09787,1.09791,12420.5703
1691697600000,1.09791,1.09819,1.09777,1.098,4124.2998
1691701200000,1.09801,1.09835,1.09787,1.0983,2160.8999
1691704800000,1.09832,1.09843,1.09812,1.09826,1541.6899
1691708400000,1.09827,1.09845,1.09812,1.09815,3957.78
1691712000000,1.09815,1.0989,1.09797,1.09879,5844.3599
1691715600000,1.0988,1.09979,1.0987,1.09944,10921.6797
1691719200000,1.09943,1.09943,1.09858,1.09885,7638.52
1691722800000,1.09885,1.09915,1.09857,1.09872,7884.9399
1691726400000,1.09872,1.09905,1.09838,1.09851,6488.5898
1691730000000,1.09852,1.09937,1.09839,1.09931,7754.25
1691733600000,1.0993,1.1002,1.09897,1.09909,15472.7197
1691737200000,1.09909,1.09989,1.09875,1.09922,15377.0996
1691740800000,1.09923,1.10031,1.09901,1.09994,15172.71
1691744400000,1.09994,1.10004,1.09763,1.09772,15509.75
1691748000000,1.09773,1.0996,1.09766,1.09931,12868.9297
1691751600000,1.0993,1.10025,1.09896,1.09973,14174.1797
1691755200000,1.09971,1.10049,1.09658,1.09682,36373.5
1691758800000,1.09681,1.09811,1.09548,1.09626,34628.4609
1691762400000,1.09627,1.09837,1.09577,1.09721,38787.3086
1691766000000,1.09721,1.09755,1.0951,1.09561,15491.2803
1691769600000,1.09563,1.09646,1.09457,1.09464,9363.5801
1691773200000,1.09463,1.09556,1.09429,1.0945,7565.6699
1691776800000,1.09451,1.09513,1.09435,1.09507,7098.1899
1691780400000,1.09508,1.0951,1.09432,1.09468,6273.1099
1691784000000,1.09468,1.09491,1.09433,1.09433,4348.3398
1691960400000,1.09493,1.09517,1.09475,1.09481,936.57
1691964000000,1.0948,1.09503,1.09401,1.0942,3238.8
1691967600000,1.09419,1.0945,1.09407,1.09432,2683.3401
1691971200000,1.09431,1.09467,1.09359,1.0937,7806.0698
1691974800000,1.0937,1.09407,1.09311,1.09359,9509.3398
1691978400000,1.09359,1.09379,1.09301,1.09306,7635.7598
1691982000000,1.09305,1.09337,1.09292,1.09321,8767.1797
1691985600000,1.09321,1.09357,1.09318,1.09354,6515.4199
1691989200000,1.09356,1.09404,1.09324,1.09372,11996.5
1691992800000,1.09372,1.09377,1.09261,1.09321,12935.6299
1691996400000,1.0932,1.09561,1.09296,1.09519,19208.9609
1692000000000,1.09518,1.096,1.09454,1.09461,16412.4199
1692003600000,1.09463,1.09518,1.09418,1.09496,13026.21
1692007200000,1.09496,1.0953,1.09451,1.09451,12238.6396
1692010800000,1.0945,1.09459,1.09367,1.0939,9667.5801
1692014400000,1.09389,1.09409,1.0902,1.09056,27699.2598
1692018000000,1.09055,1.09075,1.08747,1.08814,30877.8105
1692021600000,1.08814,1.09093,1.08802,1.09031,30998.4492
1692025200000,1.09033,1.09256,1.09022,1.09206,19395.0391
1692028800000,1.09205,1.09359,1.092,1.09283,12758.5
1692032400000,1.09285,1.09311,1.09151,1.09172,10124.3799
1692036000000,1.09171,1.09197,1.09037,1.09045,8082.6299
1692039600000,1.09046,1.09129,1.09028,1.09028,13094.9902
1692043200000,1.09028,1.09073,1.09026,1.09051,3594.1101
1692046800000,1.09051,1.09079,1.0902,1.09053,4151.1602
1692050400000,1.09053,1.09082,1.09045,1.09073,1454.97
1692054000000,1.09073,1.0908,1.0904,1.09077,3276.45
1692057600000,1.09076,1.09094,1.09014,1.09073,6357.6201
1692061200000,1.09073,1.09154,1.09003,1.09101,14475.8701
1692064800000,1.09101,1.09174,1.09074,1.09095,8190.4902
1692068400000,1.09095,1.09175,1.09094,1.09143,6182.3301
1692072000000,1.09145,1.09145,1.09098,1.091,3235.77
1692075600000,1.091,1.09142,1.09062,1.09116,7451.48
1692079200000,1.09116,1.09263,1.091,1.09234,17485.5898
1692082800000,1.09234,1.09304,1.09155,1.09234,21334.1094
1692086400000,1.09233,1.09343,1.09178,1.09277,21521.7402
1692090000000,1.09278,1.09448,1.09213,1.09403,15171.6699
1692093600000,1.09401,1.09429,1.09326,1.09348,19629.9102
1692097200000,1.09347,1.09361,1.09265,1.09291,12425.4805
1692100800000,1.09293,1.09323,1.08969,1.09219,47420.5586
1692104400000,1.09219,1.09524,1.09167,1.094,52164.7617
1692108000000,1.09401,1.09473,1.09239,1.09411,26491.1602
1692111600000,1.0941,1.09444,1.09233,1.09268,14429.8203
1692115200000,1.09269,1.09284,1.0915,1.09178,10921.9805
1692118800000,1.09178,1.09209,1.09157,1.09176,9116.7803
1692122400000,1.09178,1.09191,1.09035,1.09043,7487.5898
1692126000000,1.09043,1.09064,1.0899,1.09058,7970.8701
1692129600000,1.09059,1.09059,1.09013,1.09013,3071.6201
1692133200000,1.09018,1.09063,1.09011,1.09027,2300.53
1692136800000,1.09036,1.09054,1.09022,1.09028,1748.4399
1692140400000,1.09028,1.09049,1.09017,1.09038,2181.29
1692144000000,1.09038,1.09052,1.08991,1.09031,6177.1602
1692147600000,1.0903,1.09117,1.08989,1.09059,11274.96
1692151200000,1.09056,1.09109,1.09044,1.09045,11346.8203
1692154800000,1.09044,1.09103,1.0904,1.09064,8689.6904
1692158400000,1.09064,1.09134,1.09059,1.09133,6451.5
1692162000000,1.09133,1.09178,1.09115,1.09159,9397.5195
1692165600000,1.09159,1.09271,1.09105,1.09192,20397.1504
1692169200000,1.09191,1.09266,1.09167,1.09234,17261.2891
1692172800000,1.09233,1.09345,1.09224,1.0928,14357.3896
1692176400000,1.09279,1.09325,1.09207,1.09264,10955.8496
1692180000000,1.09265,1.09267,1.09158,1.09182,11368.5996
1692183600000,1.09182,1.09195,1.09064,1.09131,10475.4697
1692187200000,1.0913,1.0918,1.09023,1.09024,19494.9805
1692190800000,1.09021,1.09231,1.08961,1.09087,43961.0703
1692194400000,1.09087,1.09233,1.08963,1.09066,32562.1602
1692198000000,1.09066,1.09123,1.08966,1.09028,17434.9805
1692201600000,1.09027,1.09047,1.08861,1.08867,11110.4004
1692205200000,1.0887,1.08918,1.08838,1.08904,10945.1904
1692208800000,1.08907,1.09003,1.08773,1.08807,17136.3105
1692212400000,1.08808,1.08809,1.08714,1.08743,9145.4697
1692216000000,1.08743,1.08797,1.08742,1.08787,2667.8999
1692219600000,1.08783,1.08818,1.08759,1.08817,1068.13
1692223200000,1.08816,1.08832,1.08791,1.08791,1029.5601
1692226800000,1.08791,1.08798,1.08733,1.08743,1402.86
1692230400000,1.08744,1.08749,1.08662,1.08694,5738.5698
1692234000000,1.08696,1.08706,1.08618,1.08656,6191.5498
1692237600000,1.08658,1.08699,1.08641,1.08659,2538.6201
1692241200000,1.0866,1.08681,1.08627,1.08642,3035.9299
1692244800000,1.08642,1.0869,1.08629,1.08685,2760.04
1692248400000,1.08685,1.08738,1.08626,1.08735,3693.3701
1692252000000,1.08735,1.08866,1.087,1.08834,7373.21
1692255600000,1.08832,1.08854,1.0875,1.08804,10631.1201
1692259200000,1.08802,1.08839,1.08695,1.08729,7980.1299
1692262800000,1.08729,1.08742,1.08636,1.08736,7609.2798
1692266400000,1.08736,1.08876,1.0873,1.08835,11955.5303
1692270000000,1.08836,1.08956,1.08811,1.08945,13655.4004
1692273600000,1.08945,1.0918,1.08857,1.09063,34521.8906
1692277200000,1.09062,1.09177,1.08975,1.08993,34139.6719
1692280800000,1.08992,1.08996,1.08843,1.08894,25523.5898
1692284400000,1.08895,1.08902,1.08668,1.08735,16814.4492
1692288000000,1.08737,1.08895,1.08684,1.08778,11580.5
1692291600000,1.08779,1.08783,1.08571,1.0861,10220.7803
1692295200000,1.08611,1.08629,1.08563,1.08569,9236.8799
1692298800000,1.08569,1.08739,1.08569,1.08717,13209.1699
1692302400000,1.08716,1.08735,1.08698,1.08715,2495.5901
1692306000000,1.08714,1.08737,1.08664,1.08678,1053.59
1692309600000,1.08679,1.08744,1.08679,1.08734,2445.1299
1692313200000,1.08734,1.08755,1.08726,1.08743,3292.4099
1692316800000,1.08742,1.0892,1.08717,1.08896,9230.3203
1692320400000,1.08896,1.08924,1.08839,1.08909,11371.9697
1692324000000,1.0891,1.08938,1.08866,1.08884,8861.5898
1692327600000,1.08883,1.08889,1.08823,1.08859,7827.7598
1692331200000,1.08861,1.08879,1.08802,1.08824,7430.23
1692334800000,1.08824,1.08848,1.08759,1.08829,9369.2998
1692338400000,1.08832,1.08871,1.08709,1.08719,15596.04
1692342000000,1.08717,1.0878,1.08644,1.0873,16894.9395
1692345600000,1.0873,1.08768,1.08637,1.08673,14291.2998
1692349200000,1.08674,1.0873,1.08624,1.08683,13386.3701
1692352800000,1.08682,1.08762,1.08621,1.0863,10081.7002
1692356400000,1.08631,1.08706,1.08601,1.08629,10750.8799
1692360000000,1.0863,1.08672,1.0845,1.08555,24010.3008
1692363600000,1.08555,1.08761,1.0853,1.08707,39481.4414
1692367200000,1.08706,1.08813,1.08672,1.08721,24741.7402
1692370800000,1.0872,1.08796,1.08688,1.08743,14811.9902
1692374400000,1.08742,1.08754,1.08679,1.0873,11341.4502
1692378000000,1.08731,1.08811,1.08684,1.08792,9145.2998
1692381600000,1.08793,1.08802,1.08737,1.0878,6268.1201
1692385200000,1.0878,1.08788,1.08721,1.08725,8862.2598
1692388800000,1.08724,1.08736,1.08678,1.08678,7613.6899
1692565200000,1.08672,1.08747,1.08664,1.08741,1270.86
1692568800000,1.0874,1.08785,1.08723,1.08741,2902.95
1692572400000,1.08743,1.08751,1.08716,1.08749,3177.1399
1692576000000,1.08747,1.08841,1.08744,1.08798,4594.04
1692579600000,1.08796,1.08796,1.08695,1.08733,11091.1104
1692583200000,1.08732,1.08837,1.087,1.08813,6903.5601
1692586800000,1.08814,1.08828,1.08791,1.08803,4203.7202
1692590400000,1.08804,1.08829,1.08782,1.08811,4999.25
1692594000000,1.08812,1.08871,1.08785,1.08812,7117.46
1692597600000,1.08812,1.08823,1.08725,1.08774,11950.0303
1692601200000,1.08775,1.08888,1.08723,1.08885,22636.7891
1692604800000,1.08885,1.08896,1.08822,1.0886,14379.2598
1692608400000,1.08861,1.09047,1.08855,1.09015,12409.4502
1692612000000,1.09014,1.09043,1.08918,1.08988,11663.3203
1692615600000,1.08989,1.09136,1.08982,1.09094,13169.1396
1692619200000,1.0909,1.0913,1.08937,1.08984,17906.4199
1692622800000,1.08987,1.09001,1.08804,1.08871,25585.5898
1692626400000,1.08872,1.08902,1.08753,1.08873,21647.9902
1692630000000,1.08872,1.08923,1.08819,1.08877,13714.2998
1692633600000,1.08877,1.09042,1.08874,1.09016,8450.3799
1692637200000,1.09016,1.09033,1.08965,1.08991,10146.5898
1692640800000,1.08993,1.09029,1.08973,1.08984,8954.6904
1692644400000,1.08984,1.09015,1.08945,1.08961,7677.25
1692648000000,1.08961,1.08962,1.08927,1.08952,2864.6899
1692651600000,1.08952,1.08962,1.08924,1.08961,460.88
1692655200000,1.08961,1.08977,1.0895,1.0896,1413.9399
1692658800000,1.08959,1.09015,1.08958,1.08975,2317.8601
1692662400000,1.08974,1.09004,1.08932,1.09004,7244.3701
1692666000000,1.09005,1.09098,1.08979,1.09062,8638.9805
1692669600000,1.09063,1.09128,1.09063,1.09076,7819.8198
1692673200000,1.09077,1.09158,1.09057,1.0915,8139.1401
1692676800000,1.09149,1.09168,1.09089,1.09091,5826.6299
1692680400000,1.0909,1.09137,1.09046,1.09055,10510.2695
1692684000000,1.09053,1.09208,1.09053,1.09179,15924.0801
1692687600000,1.09177,1.09303,1.09174,1.09255,11707.4199
1692691200000,1.09255,1.09285,1.09067,1.09099,13512.3398
1692694800000,1.09098,1.09123,1.08983,1.09066,11215.0898
1692698400000,1.09068,1.09101,1.08855,1.08868,9592.5801
1692702000000,1.08867,1.08906,1.08805,1.08847,7874.3301
1692705600000,1.08849,1.08906,1.08648,1.08661,16617.0195
1692709200000,1.0866,1.08711,1.08413,1.08436,28265.7695
1692712800000,1.08437,1.0854,1.08329,1.08511,25751.5801
1692716400000,1.08511,1.08557,1.08443,1.08455,13768.9404
1692720000000,1.08455,1.08511,1.08452,1.08493,6758.98
1692723600000,1.08494,1.08549,1.08475,1.08525,6992.6699
1692727200000,1.08525,1.08553,1.08505,1.08522,6753.1001
1692730800000,1.08523,1.08524,1.08434,1.08457,8379.9697
1692734400000,1.08456,1.08489,1.08443,1.08443,4019.46
1692738000000,1.08443,1.08456,1.08443,1.08449,268.66
1692741600000,1.08448,1.08475,1.08446,1.0846,1151.01
1692745200000,1.0846,1.0848,1.08456,1.08464,2011.25
1692748800000,1.08465,1.08534,1.08457,1.0847,6302.4902
1692752400000,1.08469,1.08561,1.08446,1.08549,7806.27
1692756000000,1.08548,1.08575,1.08524,1.08544,6893.3999
1692759600000,1.08543,1.08596,1.08518,1.08574,7313
1692763200000,1.08574,1.08607,1.08549,1.08606,4823.6602
1692766800000,1.08606,1.08633,1.08583,1.08623,8810.2598
1692770400000,1.08622,1.08646,1.0852,1.08613,10717.3096
1692774000000,1.08612,1.08713,1.08118,1.08179,30056.7305
1692777600000,1.08178,1.08303,1.08154,1.0819,26659.0703
1692781200000,1.0819,1.08203,1.08083,1.08098,14848.46
1692784800000,1.08097,1.08119,1.08054,1.08075,11709.0996
1692788400000,1.08073,1.08183,1.0804,1.08111,10386.3604
1692792000000,1.08111,1.08127,1.08025,1.08042,18167.6602
1692795600000,1.08042,1.08447,1.08033,1.08377,37328.5313
1692799200000,1.08377,1.08538,1.08347,1.08455,35640.3516
1692802800000,1.08455,1.08627,1.08446,1.08613,14072.5303
1692806400000,1.08612,1.08682,1.08561,1.08629,10598.5596
1692810000000,1.08628,1.087,1.08596,1.08647,9638.75
1692813600000,1.08646,1.08647,1.08558,1.08586,8530.4902
1692817200000,1.08586,1.08666,1.08584,1.08638,7998.9399
1692820800000,1.08637,1.08656,1.0861,1.08617,4883.0898
1692824400000,1.08614,1.08665,1.08611,1.08619,2204.8799
1692828000000,1.08621,1.08672,1.08616,1.08643,3025.8501
1692831600000,1.08643,1.08659,1.08609,1.08654,3599.75
1692835200000,1.08655,1.0875,1.08633,1.08697,7267.1299
1692838800000,1.08696,1.087,1.08584,1.08609,9497.1602
1692842400000,1.08609,1.08673,1.08583,1.0865,7976.1001
1692846000000,1.0865,1.0871,1.0863,1.08657,7076.2998
1692849600000,1.08658,1.08699,1.08637,1.08697,5450.2598
1692853200000,1.08697,1.08764,1.08687,1.08707,6800.7598
1692856800000,1.08707,1.08734,1.08563,1.08567,13204.21
1692860400000,1.08568,1.08605,1.08519,1.08562,15796.3203
1692864000000,1.08561,1.08643,1.08551,1.08619,11148.8096
1692867600000,1.08619,1.08635,1.08468,1.08483,11094.4805
1692871200000,1.08484,1.08563,1.08465,1.08546,8695.8604
1692874800000,1.08546,1.08585,1.08416,1.08421,11239.2197
1692878400000,1.08423,1.08441,1.08142,1.08207,25034.8398
1692882000000,1.08207,1.08441,1.08204,1.08419,22242.4902
1692885600000,1.0842,1.08486,1.0835,1.08393,34391.6016
1692889200000,1.08392,1.08406,1.08225,1.08255,15233.7402
1692892800000,1.08254,1.08277,1.08179,1.08212,7949.3101
1692896400000,1.08213,1.08239,1.08137,1.08159,8343.8701
1692900000000,1.0816,1.08199,1.08087,1.08091,9055.3604
1692903600000,1.08091,1.08124,1.08056,1.08058,9516.8203
1692907200000,1.08057,1.08116,1.0805,1.08097,4043.75
1692910800000,1.08098,1.08159,1.08071,1.08126,1291.22
1692914400000,1.08126,1.08126,1.08065,1.08069,1400.29
1692918000000,1.0807,1.0807,1.07928,1.0799,5277.1001
1692921600000,1.07989,1.0804,1.07933,1.07945,6475.48
1692925200000,1.07943,1.0795,1.07873,1.0789,6900.71
1692928800000,1.0789,1.07894,1.07827,1.0786,7431.5498
1692932400000,1.07859,1.07875,1.07799,1.07804,4005.77
1692936000000,1.07804,1.07833,1.07768,1.07825,4189.1602
1692939600000,1.07824,1.07914,1.07782,1.07899,6445.8599
1692943200000,1.07899,1.07907,1.07798,1.07809,10903.8799
1692946800000,1.07808,1.0792,1.07683,1.07712,14182.9199
1692950400000,1.07711,1.07881,1.07661,1.07862,12205.3496
1692954000000,1.07862,1.07946,1.07847,1.07898,8407.7695
1692957600000,1.07898,1.08033,1.07895,1.08028,7530.4902
1692961200000,1.08029,1.08113,1.07993,1.08028,11039.3203
1692964800000,1.08027,1.08172,1.08004,1.08127,11760.29
1692968400000,1.08126,1.08149,1.0799,1.08078,18592.6699
1692972000000,1.08078,1.08417,1.07658,1.07716,67975.1094
1692975600000,1.07716,1.07909,1.07681,1.07862,32118.3594
1692979200000,1.07866,1.08001,1.07856,1.07963,14811.4102
1692982800000,1.07962,1.08026,1.07908,1.07987,12074.4199
1692986400000,1.07986,1.08125,1.07986,1.08073,10047.7402
1692990000000,1.08073,1.08107,1.07995,1.08028,6649.7798
1692993600000,1.08029,1.08031,1.07906,1.07906,5438.6401
1693170000000,1.07957,1.07973,1.07941,1.07952,2784.1699
1693173600000,1.07959,1.08006,1.07943,1.07946,1873.52
1693177200000,1.07947,1.0801,1.07933,1.07968,4265.2798
1693180800000,1.07969,1.08046,1.07961,1.08023,5696.1802
1693184400000,1.08022,1.08099,1.08018,1.08024,8735.0596
1693188000000,1.08026,1.08098,1.08012,1.08087,5673.3501
1693191600000,1.08086,1.08101,1.08071,1.08094,3968.6201
1693195200000,1.08093,1.08111,1.08059,1.08076,4549.5698
1693198800000,1.08076,1.08136,1.08052,1.08101,7046.4702
1693202400000,1.081,1.0819,1.081,1.0816,7056.4399
1693206000000,1.08159,1.08208,1.08078,1.08087,9927.1299
1693209600000,1.08085,1.08105,1.07993,1.08005,10477.8701
1693213200000,1.08004,1.08091,1.08,1.08077,7172.7002
1693216800000,1.08076,1.08221,1.08059,1.08117,9647.0703
1693220400000,1.08116,1.08126,1.08028,1.08043,9482.1201
1693224000000,1.08045,1.08112,1.08023,1.08102,11160.3096
1693227600000,1.08102,1.08131,1.07992,1.08071,16104.3799
1693231200000,1.08073,1.08141,1.07989,1.08056,17669.5605
1693234800000,1.08055,1.081,1.08027,1.0809,17771.8809
1693238400000,1.08089,1.08124,1.08039,1.08075,7007.0498
1693242000000,1.08075,1.08109,1.08039,1.08085,7067.1401
1693245600000,1.08084,1.08121,1.08054,1.08115,5302.1899
1693249200000,1.08116,1.08198,1.08089,1.08179,7090.0298
1693252800000,1.08179,1.08194,1.08151,1.08183,3350.1299
1693256400000,1.08183,1.08232,1.0814,1.08192,1588.14
1693260000000,1.08191,1.0827,1.0819,1.08256,1375.14
1693263600000,1.08256,1.08298,1.08241,1.08255,3030.1101
1693267200000,1.08255,1.08315,1.08213,1.08237,4979.2598
1693270800000,1.08237,1.08368,1.08234,1.08347,8250.1699
1693274400000,1.08348,1.08357,1.08295,1.08355,5860.5601
1693278000000,1.08355,1.08382,1.08329,1.08362,4516.6201
1693281600000,1.08362,1.08363,1.0824,1.08242,4052.04
1693285200000,1.08242,1.0826,1.08207,1.08216,7780.23
1693288800000,1.08215,1.08233,1.08083,1.08086,9002.0996
1693292400000,1.08086,1.08296,1.08086,1.08204,11698.1104
1693296000000,1.08205,1.08227,1.08082,1.08102,13438.2402
1693299600000,1.08101,1.08159,1.08055,1.08134,11430.6602
1693303200000,1.08134,1.08162,1.0804,1.08065,9076.1396
1693306800000,1.08065,1.0812,1.08037,1.08041,9495.1602
1693310400000,1.08042,1.08062,1.07862,1.07921,17844.7305
1693314000000,1.07921,1.08064,1.07822,1.08036,23332.4199
1693317600000,1.08037,1.08502,1.08036,1.08279,51109.6719
1693321200000,1.08279,1.08569,1.0826,1.085,23442.7695
1693324800000,1.08499,1.08641,1.08466,1.08627,11205.0498
1693328400000,1.08627,1.08768,1.08625,1.08736,14807.9404
1693332000000,1.08734,1.08734,1.08604,1.08717,11585.7695
1693335600000,1.08718,1.08919,1.08694,1.08852,11209.5498
1693339200000,1.08852,1.08854,1.08782,1.08793,3649.96
1693342800000,1.08789,1.08793,1.08727,1.08785,2345.8999
1693346400000,1.08785,1.08848,1.08779,1.08843,1821.25
1693350000000,1.08845,1.08849,1.08686,1.08691,4198.3599
1693353600000,1.08691,1.08717,1.08671,1.08698,7568.6001
1693357200000,1.08698,1.08721,1.08672,1.08686,9797.2998
1693360800000,1.08687,1.08702,1.08636,1.08672,9507.1797
1693364400000,1.08672,1.08693,1.08665,1.08691,4562.04
1693368000000,1.0869,1.08692,1.08604,1.08606,6866.46
1693371600000,1.08605,1.08708,1.08556,1.08663,12742.4404
1693375200000,1.08666,1.08766,1.08647,1.08687,12438.8604
1693378800000,1.0869,1.08736,1.08587,1.08647,15305.46
1693382400000,1.08644,1.08676,1.08551,1.08672,15981.7598
1693386000000,1.08672,1.08935,1.08661,1.08889,12911.9404
1693389600000,1.08889,1.08915,1.08797,1.08904,11164.0898
1693393200000,1.08904,1.08916,1.08785,1.08787,10918.0498
1693396800000,1.08788,1.09258,1.08746,1.0921,44318.1992
1693400400000,1.09211,1.09454,1.09131,1.09448,30684.9902
1693404000000,1.09447,1.09449,1.09253,1.09287,29590.0898
1693407600000,1.09286,1.09344,1.09229,1.09258,16831.6406
1693411200000,1.09256,1.09261,1.09181,1.09257,11963.8096
1693414800000,1.09259,1.09328,1.09192,1.09202,8645.9297
1693418400000,1.09203,1.09241,1.09168,1.09234,12537.4297
1693422000000,1.09234,1.09244,1.09189,1.09216,9765.7402
1693425600000,1.09217,1.09239,1.09209,1.09227,4202.7002
1693429200000,1.09227,1.09256,1.0919,1.09227,3798.25
1693432800000,1.09225,1.09291,1.09225,1.09264,2442.74
1693436400000,1.09264,1.09315,1.09264,1.09294,2443.9199
1693440000000,1.09292,1.09339,1.0928,1.0933,4844.9102
1693443600000,1.0933,1.09394,1.09277,1.09288,8674.4502
1693447200000,1.09292,1.09297,1.09209,1.09218,8356.2002
1693450800000,1.09217,1.09228,1.092,1.09204,4035.1001
1693454400000,1.09205,1.0923,1.09182,1.09185,4471.77
1693458000000,1.09185,1.09201,1.09168,1.09177,5909.6299
1693461600000,1.09178,1.09244,1.09067,1.09071,15418.1396
1693465200000,1.09072,1.09087,1.08899,1.08925,20748.1406
1693468800000,1.08925,1.08931,1.0877,1.08777,15895.1396
1693472400000,1.08777,1.08807,1.08646,1.08741,20016
1693476000000,1.08742,1.08765,1.08628,1.08732,10147.6299
1693479600000,1.08733,1.08733,1.08575,1.08682,11082.4502
1693483200000,1.08683,1.08849,1.08653,1.08743,29444.2598
1693486800000,1.08743,1.08746,1.08403,1.08492,32553.4004
1693490400000,1.08493,1.08564,1.08401,1.08546,24517.0391
1693494000000,1.08546,1.0859,1.08366,1.08386,11905.2197
1693497600000,1.08385,1.08441,1.08351,1.08386,13657.25
1693501200000,1.08388,1.08517,1.08365,1.08488,9834.0996
1693504800000,1.08489,1.08541,1.08436,1.08458,7015.1201
1693508400000,1.08457,1.08505,1.08424,1.08436,7846.23
1693512000000,1.08437,1.0847,1.08412,1.08426,3645.8899
1693515600000,1.08429,1.0844,1.08347,1.08418,3132.6001
1693519200000,1.08417,1.08445,1.08407,1.08418,1374.46
1693522800000,1.08417,1.08451,1.08417,1.08424,2533.8601
1693526400000,1.08422,1.08449,1.08363,1.08377,4831.8599
1693530000000,1.08377,1.08541,1.08377,1.08463,9812.5703
1693533600000,1.08463,1.08519,1.08416,1.0844,5735.3901
1693537200000,1.08439,1.08449,1.08398,1.08417,4424.9199
1693540800000,1.08416,1.0847,1.08378,1.08464,4536.1602
1693544400000,1.08463,1.08486,1.08438,1.08457,3604.04
1693548000000,1.08457,1.08496,1.08284,1.08492,12401.8799
1693551600000,1.08494,1.08595,1.08445,1.08558,19474.5801
1693555200000,1.0856,1.08563,1.08463,1.08483,11179.0996
1693558800000,1.08483,1.08558,1.08476,1.08492,8774.7305
1693562400000,1.08493,1.085,1.08436,1.08457,8576.1504
1693566000000,1.08456,1.08499,1.08331,1.08331,9622.0801
1693569600000,1.08332,1.08819,1.08324,1.08639,38901.1602
1693573200000,1.08641,1.08811,1.08425,1.0853,47225.2188
1693576800000,1.0853,1.0853,1.08042,1.08082,53797
1693580400000,1.08082,1.08082,1.07863,1.07865,19122.9707
1693584000000,1.07865,1.07865,1.078,1.07838,9222.9805
1693587600000,1.07838,1.0789,1.07819,1.07843,6502.77
1693591200000,1.07842,1.07845,1.07751,1.07786,4590.2402
1693594800000,1.07787,1.07804,1.07722,1.07749,4334.0601
1693598400000,1.07749,1.07773,1.07716,1.07717,4052.74
1693774800000,1.07748,1.07815,1.07724,1.07744,475.43
1693778400000,1.07743,1.07767,1.07718,1.07733,1759.58
1693782000000,1.07731,1.07764,1.07716,1.07756,2802.45
1693785600000,1.07758,1.07801,1.07731,1.07787,4184.8599
1693789200000,1.07786,1.0782,1.07747,1.07764,6959.4702
1693792800000,1.07765,1.07872,1.07765,1.07856,6149.2002
1693796400000,1.07857,1.0787,1.07839,1.07857,3883.1799
1693800000000,1.07857,1.0787,1.07811,1.07868,3483.6101
1693803600000,1.07869,1.07904,1.07854,1.07868,5416.5
1693807200000,1.07867,1.07941,1.07834,1.07899,8276.3701
1693810800000,1.07901,1.08068,1.07886,1.07952,18207.3496
1693814400000,1.07952,1.0801,1.07907,1.07977,9461.9404
1693818000000,1.07978,1.08009,1.07923,1.07944,8162
1693821600000,1.07947,1.08047,1.07934,1.08047,6149.8501
1693825200000,1.08047,1.08087,1.07994,1.08001,6931.6001
1693828800000,1.08002,1.08016,1.07951,1.07974,8052.4199
1693832400000,1.07973,1.08053,1.0795,1.07956,7478.5098
1693836000000,1.07955,1.07956,1.07832,1.07844,6251.98
1693839600000,1.07845,1.07995,1.07836,1.07988,5401.6699
1693843200000,1.07988,1.08,1.07922,1.07937,3435.46
1693846800000,1.07937,1.0796,1.0793,1.07949,874.74
1693850400000,1.07949,1.07963,1.07948,1.07953,467.04
1693854000000,1.07952,1.07953,1.07929,1.07938,885.51
1693857600000,1.0794,1.07968,1.07933,1.07939,1130.42
1693861200000,1.07939,1.0795,1.07897,1.07948,791.85
1693864800000,1.07947,1.07977,1.07943,1.07945,982.45
1693868400000,1.07945,1.0795,1.07912,1.07913,2152.54
1693872000000,1.07912,1.07936,1.07886,1.07931,3367.8201
1693875600000,1.07931,1.07982,1.07852,1.07885,7577.5698
1693879200000,1.07885,1.07887,1.07834,1.07873,6680.1899
1693882800000,1.07872,1.07886,1.07807,1.07884,3927.05
1693886400000,1.07884,1.07938,1.07867,1.07921,4086.96
1693890000000,1.07922,1.07937,1.07819,1.07858,7004.2402
1693893600000,1.07858,1.07863,1.07579,1.07666,17369.5
1693897200000,1.07666,1.07716,1.07544,1.07564,24882.2598
1693900800000,1.07563,1.07587,1.0742,1.07481,22780.0508
1693904400000,1.07481,1.07569,1.07446,1.07482,12602.8496
1693908000000,1.0748,1.07491,1.07385,1.07395,11356.1699
1693911600000,1.07394,1.07397,1.07292,1.07325,12276.1396
1693915200000,1.07325,1.0748,1.07167,1.07439,27976.1191
1693918800000,1.07441,1.07486,1.07258,1.0729,38841.2891
1693922400000,1.07292,1.073,1.07072,1.07082,28451.7793
1693926000000,1.07083,1.07323,1.07062,1.07265,17810.1504
1693929600000,1.07265,1.0732,1.07238,1.07295,9078.9004
1693933200000,1.07295,1.07313,1.07224,1.0723,5836.0801
1693936800000,1.07229,1.07267,1.07207,1.07215,6445.46
1693940400000,1.07216,1.07272,1.07193,1.07213,6530.4199
1693944000000,1.07213,1.07229,1.0719,1.07216,3526.5
1693947600000,1.07214,1.07246,1.0721,1.07226,1375.8199
1693951200000,1.07225,1.07262,1.07221,1.0726,810.58
1693954800000,1.07261,1.0728,1.07238,1.07244,4382.1802
1693958400000,1.07246,1.07259,1.07151,1.07193,5585.3198
1693962000000,1.07194,1.07216,1.07131,1.07143,10191.2305
1693965600000,1.07143,1.07341,1.07143,1.07339,7187.6899
1693969200000,1.07339,1.07343,1.07291,1.07332,4906.77
1693972800000,1.07331,1.0736,1.07302,1.07358,4653.1401
1693976400000,1.07358,1.07386,1.07326,1.07381,9073.6299
1693980000000,1.0738,1.07394,1.07274,1.07313,12441.21
1693983600000,1.07313,1.0748,1.07242,1.07291,23887.1699
1693987200000,1.0729,1.07375,1.07231,1.07338,12459.3398
1693990800000,1.07339,1.07349,1.07247,1.07322,13559.2197
1693994400000,1.07325,1.07441,1.07325,1.07385,9785.4502
1693998000000,1.07386,1.07488,1.07384,1.07439,10589.4902
1694001600000,1.07438,1.07454,1.07341,1.07369,16618.0508
1694005200000,1.07368,1.07402,1.07251,1.07373,27959.2793
1694008800000,1.07375,1.07375,1.07025,1.07089,53710.4609
1694012400000,1.07091,1.07186,1.0705,1.0713,13794.46
1694016000000,1.07129,1.0721,1.07112,1.07208,10241.3701
1694019600000,1.07207,1.0729,1.07201,1.07279,5952.6001
1694023200000,1.07279,1.07295,1.07223,1.07257,5449.1499
1694026800000,1.07258,1.07281,1.07231,1.07261,6482.8701
1694030400000,1.07266,1.0728,1.07237,1.07268,3260.52
1694034000000,1.07268,1.07268,1.07214,1.07241,972.7
1694037600000,1.07243,1.07275,1.07243,1.07251,1867.62
1694041200000,1.0725,1.07253,1.07221,1.07238,1686.45
1694044800000,1.07238,1.07258,1.0719,1.07222,4099.1602
1694048400000,1.07221,1.07308,1.072,1.07307,5545.75
1694052000000,1.07307,1.07307,1.07229,1.07278,5558.79
1694055600000,1.07278,1.07317,1.07247,1.07297,3015.97
1694059200000,1.07295,1.07302,1.07179,1.0719,4837.3701
1694062800000,1.07191,1.07214,1.07155,1.07191,8710.4805
1694066400000,1.07191,1.07256,1.07148,1.07165,12922.7695
1694070000000,1.07166,1.07196,1.07081,1.07155,18555.5898
1694073600000,1.07155,1.07168,1.07077,1.07103,14592.1797
1694077200000,1.07105,1.07177,1.0707,1.07146,12060.7402
1694080800000,1.07145,1.07148,1.0704,1.07061,10719.2305
1694084400000,1.07062,1.07134,1.0703,1.07053,7846.5
1694088000000,1.07052,1.07107,1.06861,1.06934,24780.1797
1694091600000,1.06932,1.07041,1.06911,1.06915,24043.7695
1694095200000,1.06915,1.07099,1.06863,1.07031,19666.0703
1694098800000,1.07032,1.07087,1.06946,1.07032,12641.5
1694102400000,1.07032,1.07096,1.07031,1.0704,6663.0498
1694106000000,1.07039,1.07094,1.06985,1.06992,6887.3599
1694109600000,1.0699,1.07037,1.06941,1.06941,5565.1001
1694113200000,1.06941,1.07013,1.06937,1.06949,5890.1299
1694116800000,1.06949,1.06986,1.06947,1.06961,2635.8799
1694120400000,1.06962,1.06981,1.06955,1.06969,627.65
1694124000000,1.06969,1.06986,1.06955,1.06955,940.76
1694127600000,1.06956,1.06974,1.06941,1.06973,1785.5601
1694131200000,1.06975,1.07149,1.06971,1.07141,7292.4199
1694134800000,1.0714,1.07212,1.07047,1.0717,11772.1699
1694138400000,1.07172,1.07232,1.07143,1.07177,8229.8096
1694142000000,1.07178,1.07183,1.07148,1.07164,4523.6699
1694145600000,1.07165,1.07168,1.07126,1.07134,3793.21
1694149200000,1.07136,1.07261,1.07134,1.07239,5699.6401
1694152800000,1.07238,1.07279,1.07145,1.07153,13490.4297
1694156400000,1.07155,1.0719,1.07076,1.07086,21328.9492
1694160000000,1.07087,1.07174,1.07076,1.07116,12668.0303
1694163600000,1.07116,1.07116,1.06992,1.07032,15292.9404
1694167200000,1.07031,1.07047,1.06965,1.07003,11598.0996
1694170800000,1.07005,1.07048,1.06941,1.0699,11115.1104
1694174400000,1.0699,1.07134,1.06977,1.07023,16926.4004
1694178000000,1.07023,1.07262,1.06994,1.07262,26152.1504
1694181600000,1.07264,1.07438,1.07142,1.07152,25561.2402
1694185200000,1.07151,1.07172,1.07067,1.07087,12991.5498
1694188800000,1.07088,1.07134,1.07004,1.07043,9794.9199
1694192400000,1.07042,1.07106,1.07026,1.07056,11363.0303
1694196000000,1.07056,1.07085,1.06969,1.06978,9822.2998
1694199600000,1.06979,1.07005,1.06971,1.06992,4658.29
1694203200000,1.06992,1.0703,1.06974,1.06974,5922.1001
1694379600000,1.07147,1.07198,1.07112,1.0715,537.96
1694383200000,1.0715,1.0715,1.07075,1.07114,3612.3799
1694386800000,1.07114,1.07204,1.07082,1.07162,6772.04
1694390400000,1.07165,1.0721,1.07099,1.07133,8719.1104
1694394000000,1.07132,1.07208,1.07102,1.07194,9823.46
1694397600000,1.07194,1.0728,1.07188,1.07239,6761.73
1694401200000,1.07239,1.07251,1.07193,1.07225,5842.6699
1694404800000,1.07226,1.07376,1.07216,1.07353,7708.1499
1694408400000,1.07353,1.07412,1.07285,1.07287,13512.4004
1694412000000,1.07286,1.07354,1.07241,1.07331,11881.6602
1694415600000,1.07331,1.07374,1.0725,1.07258,13516.5
1694419200000,1.07258,1.07332,1.07222,1.07285,11916.4404
1694422800000,1.07285,1.07343,1.07234,1.07325,9675.3203
1694426400000,1.07324,1.07338,1.07264,1.0732,10552.4297
1694430000000,1.0732,1.07322,1.07183,1.07197,10248.1699
1694433600000,1.07197,1.07277,1.07154,1.07275,16771.9902
1694437200000,1.07274,1.07369,1.07222,1.07357,21618.5801
1694440800000,1.07358,1.07593,1.07347,1.07457,22125.1797
1694444400000,1.07456,1.07497,1.0741,1.07425,9911.4199
1694448000000,1.07426,1.07578,1.07426,1.07509,7487.0898
1694451600000,1.07511,1.07523,1.07441,1.07458,5991.3501
1694455200000,1.07457,1.07513,1.07443,1.07451,4435.2402
1694458800000,1.07454,1.07503,1.07445,1.07489,5115
1694462400000,1.07489,1.07507,1.07478,1.07497,2862.2
1694466000000,1.07497,1.07533,1.07414,1.07493,2303.8201
1694469600000,1.07495,1.07523,1.07495,1.07497,938.68
1694473200000,1.07497,1.07507,1.07475,1.07476,2282.6399
1694476800000,1.07476,1.07478,1.07422,1.07439,5752.0098
1694480400000,1.07439,1.07692,1.07375,1.0741,11221.5898
1694484000000,1.0741,1.07512,1.0739,1.07509,7204.6899
1694487600000,1.0751,1.07512,1.07444,1.07463,7391.1201
1694491200000,1.07462,1.07464,1.07386,1.0739,7345.2598
1694494800000,1.0739,1.07407,1.07357,1.07362,9366.7002
1694498400000,1.07362,1.07408,1.07303,1.07324,11053.0303
1694502000000,1.07324,1.07347,1.07121,1.07135,17105.3008
1694505600000,1.07135,1.07234,1.07122,1.07144,13163.4102
1694509200000,1.07143,1.07259,1.07132,1.07224,14239.6797
1694512800000,1.07223,1.07243,1.07121,1.07161,10014.8096
1694516400000,1.07161,1.07185,1.07085,1.07181,11050.79
1694520000000,1.07181,1.07208,1.07057,1.07073,19688.3398
1694523600000,1.07072,1.07188,1.07055,1.07173,18065.5703
1694527200000,1.07174,1.0718,1.07104,1.07138,11055.0703
1694530800000,1.07138,1.073,1.07137,1.07253,9941.5303
1694534400000,1.07256,1.07375,1.07215,1.07232,9057.4902
1694538000000,1.07233,1.0734,1.07233,1.07259,6196.3198
1694541600000,1.07258,1.07343,1.07245,1.07321,6048.54
1694545200000,1.07322,1.07337,1.07275,1.07281,6598.0801
1694548800000,1.07281,1.07648,1.07276,1.07534,4905.75
1694552400000,1.07529,1.07629,1.07486,1.0759,1821.42
1694556000000,1.0759,1.07604,1.07545,1.07558,2087.52
1694559600000,1.07558,1.07578,1.07525,1.07531,4003.72
1694563200000,1.0753,1.07641,1.07529,1.07593,5540.1201
1694566800000,1.07592,1.07648,1.07556,1.07576,8972.6699
1694570400000,1.07576,1.07598,1.07451,1.07465,9691.9004
1694574000000,1.07466,1.07501,1.07446,1.07471,4794.8701
1694577600000,1.07472,1.07536,1.0746,1.07522,4766.2998
1694581200000,1.07522,1.07545,1.07419,1.07443,8280.8398
1694584800000,1.07442,1.07471,1.07348,1.07383,17415.5898
1694588400000,1.07383,1.07488,1.0731,1.07437,15901.5596
1694592000000,1.07436,1.07447,1.07316,1.0735,16056.5303
1694595600000,1.07351,1.07397,1.07288,1.07298,12855.0303
1694599200000,1.07298,1.07381,1.07285,1.07377,8132.6299
1694602800000,1.07377,1.07409,1.07302,1.07366,9030.1299
1694606400000,1.07364,1.07614,1.0711,1.07478,49388.1094
1694610000000,1.07478,1.07558,1.07292,1.07386,46596.25
1694613600000,1.07387,1.07427,1.07271,1.07379,28088.2598
1694617200000,1.07381,1.07449,1.07312,1.07356,12119.3398
1694620800000,1.07357,1.07464,1.07346,1.07406,12371.0498
1694624400000,1.07407,1.07491,1.07372,1.07446,9981.0898
1694628000000,1.07446,1.07461,1.0732,1.0732,6796.8198
1694631600000,1.07321,1.07324,1.07278,1.07318,6433.8999
1694635200000,1.07318,1.0732,1.0729,1.07291,1661.59
1694638800000,1.07287,1.07306,1.07281,1.07299,3061.1001
1694642400000,1.07299,1.0734,1.0729,1.07328,2389.4099
1694646000000,1.07329,1.07346,1.07303,1.07327,2936.76
1694649600000,1.07327,1.07423,1.07301,1.074,6719.77
1694653200000,1.07401,1.07432,1.07353,1.07371,10701.2998
1694656800000,1.07371,1.07404,1.07316,1.07404,5908.2598
1694660400000,1.07407,1.07464,1.07407,1.07445,7304.9702
1694664000000,1.07446,1.07488,1.07441,1.07469,5244.23
1694667600000,1.07471,1.07521,1.07463,1.07477,7024.7002
1694671200000,1.07478,1.07487,1.07406,1.07427,9120.9902
1694674800000,1.07428,1.07432,1.0733,1.07336,12160.54
1694678400000,1.07336,1.074,1.07321,1.07338,11510.25
1694682000000,1.07335,1.07371,1.07245,1.07285,8600.0996
1694685600000,1.07283,1.07372,1.07273,1.0735,10627.4902
1694689200000,1.0735,1.07374,1.07288,1.07303,9919.1104
1694692800000,1.07302,1.07476,1.06553,1.06767,57122.0117
1694696400000,1.06767,1.06972,1.06606,1.06642,56858.5586
1694700000000,1.06643,1.06738,1.06539,1.06639,30476.1094
1694703600000,1.06639,1.06755,1.06563,1.06587,17198.6309
1694707200000,1.06588,1.0663,1.0645,1.06485,16779.2891
1694710800000,1.06484,1.06506,1.06318,1.06366,10052.2998
1694714400000,1.06366,1.06403,1.06333,1.06346,7150.9399
1694718000000,1.06348,1.06442,1.06342,1.06426,9565.6797
1694721600000,1.06425,1.06468,1.06416,1.06425,4911.9902
1694725200000,1.06421,1.06437,1.06395,1.0642,493.52
1694728800000,1.06421,1.06436,1.06391,1.06423,1835.21
1694732400000,1.06421,1.06423,1.06349,1.0635,2392.25
1694736000000,1.06349,1.06436,1.06342,1.06423,7087.4702
1694739600000,1.06421,1.06435,1.06332,1.06394,8803.1904
1694743200000,1.06394,1.06483,1.06394,1.0643,9093.8701
1694746800000,1.06433,1.06478,1.06416,1.06474,5498.2002
1694750400000,1.06476,1.06535,1.06443,1.06533,5317.73
1694754000000,1.06533,1.06563,1.06487,1.06561,7792.8599
1694757600000,1.06563,1.06674,1.06518,1.06606,13306.0996
1694761200000,1.06607,1.06654,1.06498,1.06635,17954.5703
1694764800000,1.06635,1.06688,1.06616,1.06655,10548
1694768400000,1.06655,1.06692,1.06607,1.06628,8364.5498
1694772000000,1.06631,1.06683,1.06542,1.0656,6638.7402
1694775600000,1.0656,1.06595,1.06529,1.06546,9465.4102
1694779200000,1.06547,1.06619,1.06451,1.06503,17769.4199
1694782800000,1.06504,1.06677,1.06496,1.06619,23805.75
1694786400000,1.06624,1.06877,1.06618,1.06642,42503.5781
1694790000000,1.06641,1.06765,1.06618,1.06721,21459.2305
1694793600000,1.06724,1.06802,1.06702,1.06721,10687.5
1694797200000,1.06722,1.06763,1.06682,1.06716,6571.04
1694800800000,1.06717,1.06717,1.06606,1.06607,5637.2202
1694804400000,1.06606,1.06637,1.06596,1.06598,6048.4302
1694808000000,1.06598,1.06628,1.06561,1.06576,9034.0303
1694984400000,1.06588,1.06643,1.06578,1.0663,594.76
1694988000000,1.06634,1.0669,1.06628,1.06638,2160.3999
1694991600000,1.06639,1.06684,1.06624,1.06679,2905.9199
1694995200000,1.0668,1.06718,1.06676,1.06715,4201.9502
1694998800000,1.06715,1.06736,1.06609,1.06624,8625.6104
1695002400000,1.06623,1.06682,1.06621,1.06653,6456.1001
1695006000000,1.06654,1.06686,1.06635,1.06641,3999.52
1695009600000,1.06641,1.06692,1.06631,1.06687,3488.1499
1695013200000,1.0669,1.0673,1.06681,1.06687,4260.1802
1695016800000,1.0669,1.06777,1.06584,1.06584,12139.7305
1695020400000,1.06584,1.06658,1.06578,1.06621,11640.4404
1695024000000,1.06621,1.06655,1.06562,1.06639,9624.8701
1695027600000,1.06639,1.06741,1.0662,1.06728,8752.29
1695031200000,1.06728,1.06747,1.0667,1.06678,7279.4199
1695034800000,1.06678,1.06703,1.06621,1.06631,7416.02
1695038400000,1.06631,1.0669,1.0656,1.06569,13890.3096
1695042000000,1.06568,1.06715,1.06546,1.06621,17157.9902
1695045600000,1.06623,1.06755,1.06594,1.0675,15107.0195
1695049200000,1.0675,1.06986,1.06741,1.0694,15738.0996
1695052800000,1.0694,1.06953,1.06843,1.06921,13605.1699
1695056400000,1.06922,1.0698,1.06869,1.06869,6177.75
1695060000000,1.06869,1.06874,1.06778,1.06782,6196.2202
1695063600000,1.06782,1.06868,1.06782,1.06866,7532.02
1695067200000,1.06865,1.06922,1.06861,1.06913,3768.53
1695070800000,1.06912,1.06936,1.0685,1.06918,1457.21
1695074400000,1.06918,1.06927,1.06889,1.06912,1539.63
1695078000000,1.06913,1.06937,1.06911,1.06919,2551.6001
1695081600000,1.06918,1.06965,1.06878,1.06884,5703.8398
1695085200000,1.06884,1.06894,1.06807,1.06836,5393.7002
1695088800000,1.06837,1.06876,1.06821,1.06845,3897.6201
1695092400000,1.06845,1.06856,1.06824,1.06826,3436.77
1695096000000,1.06826,1.0685,1.06788,1.06801,3254.1001
1695099600000,1.06797,1.0682,1.06762,1.06795,5022.3501
1695103200000,1.06796,1.06837,1.06762,1.06785,10672.2402
1695106800000,1.06786,1.06952,1.0675,1.06942,14081.6797
1695110400000,1.06941,1.06942,1.06839,1.06865,11606.5703
1695114000000,1.06864,1.06907,1.06819,1.06889,7834.02
1695117600000,1.06893,1.07095,1.06866,1.07004,10804.3799
1695121200000,1.07004,1.07097,1.06994,1.07087,10928.9297
1695124800000,1.07086,1.0718,1.06941,1.06996,21077.8691
1695128400000,1.06997,1.07013,1.0683,1.06916,22549.3008
1695132000000,1.06916,1.06935,1.06823,1.06895,13511.9502
1695135600000,1.06896,1.06928,1.068,1.06831,10913.7998
1695139200000,1.06831,1.06863,1.06783,1.06847,6222
1695142800000,1.06847,1.06917,1.06821,1.06847,6032.6699
1695146400000,1.06846,1.06853,1.06771,1.06776,6884.27
1695150000000,1.06772,1.0681,1.06761,1.06805,4912.0098
1695153600000,1.06806,1.06812,1.06785,1.06787,2337.9199
1695157200000,1.06785,1.06804,1.06746,1.06795,982.69
1695160800000,1.06794,1.06828,1.06778,1.06819,1619.24
1695164400000,1.0682,1.06834,1.06807,1.06813,3711.1699
1695168000000,1.06814,1.06859,1.06792,1.06847,5766.6299
1695171600000,1.06848,1.06874,1.068,1.06863,6579.77
1695175200000,1.06863,1.06897,1.06826,1.06829,5285.5098
1695178800000,1.06828,1.06841,1.06781,1.06795,4642.3599
1695182400000,1.06794,1.06811,1.06782,1.06785,2735.49
1695186000000,1.06785,1.06839,1.06783,1.06808,4461.3599
1695189600000,1.06808,1.06929,1.06729,1.06818,18597.6797
1695193200000,1.06817,1.0693,1.06752,1.06903,18740.4609
1695196800000,1.06904,1.06968,1.06897,1.06961,12133.6104
1695200400000,1.06962,1.06999,1.06932,1.06985,9296.0703
1695204000000,1.06987,1.07049,1.06986,1.07031,7524.6099
1695207600000,1.07031,1.07048,1.06971,1.07015,4927
1695211200000,1.07014,1.07035,1.06921,1.06979,11017.7695
1695214800000,1.0698,1.07182,1.06971,1.07169,18327.8594
1695218400000,1.0717,1.07271,1.07129,1.07196,16702.8203
1695222000000,1.07195,1.07245,1.07135,1.07142,9827.3301
1695225600000,1.07142,1.07368,1.07137,1.07351,9349.1504
1695229200000,1.07352,1.07353,1.07244,1.07265,6742.0298
1695232800000,1.07265,1.07265,1.06739,1.06866,71476.9531
1695236400000,1.06866,1.06889,1.06579,1.06586,23255.3809
1695240000000,1.06587,1.06624,1.06501,1.06601,5236.6401
1695243600000,1.06598,1.06642,1.06566,1.06633,865.34
1695247200000,1.06636,1.06643,1.06526,1.06551,3903.22
1695250800000,1.06552,1.06552,1.06478,1.06498,3973.51
1695254400000,1.06498,1.06503,1.063,1.06312,11577.1299
1695258000000,1.06312,1.06395,1.06276,1.06374,11448.5498
1695261600000,1.06373,1.06413,1.06167,1.06271,11686.6699
1695265200000,1.06274,1.06378,1.06269,1.06365,5726.1602
1695268800000,1.06366,1.06373,1.06333,1.0637,4940.9102
1695272400000,1.0637,1.06386,1.06326,1.06346,6196.0498
1695276000000,1.06343,1.06546,1.06336,1.06503,11869.2402
1695279600000,1.06501,1.0658,1.06386,1.06551,24820.3906
1695283200000,1.06551,1.06637,1.06521,1.06555,16968.4102
1695286800000,1.06555,1.06645,1.06514,1.06534,13699.1299
1695290400000,1.06534,1.06627,1.0647,1.06505,12596.9502
1695294000000,1.06501,1.06501,1.06335,1.06356,23472.8809
1695297600000,1.06357,1.0642,1.06246,1.0642,28265.9395
1695301200000,1.06421,1.06611,1.06387,1.06408,32659.9102
1695304800000,1.06408,1.06734,1.06378,1.06599,31624.1406
1695308400000,1.06598,1.06686,1.0655,1.06634,16175.5098
1695312000000,1.06633,1.06664,1.06544,1.06557,10759.0703
1695315600000,1.06558,1.06704,1.06556,1.06657,8366.0898
1695319200000,1.06658,1.06708,1.06613,1.06616,8592.6797
1695322800000,1.06618,1.06668,1.06589,1.06592,7636.5898
1695326400000,1.06591,1.06629,1.06574,1.06599,5383.52
1695330000000,1.06599,1.06613,1.06558,1.06585,1319.78
1695333600000,1.06584,1.06637,1.06579,1.06613,3046.9099
1695337200000,1.06613,1.06617,1.06587,1.06603,4141.5898
1695340800000,1.06603,1.06626,1.06534,1.06575,5905.2002
1695344400000,1.06574,1.06576,1.06409,1.06432,8509.5
1695348000000,1.06432,1.06515,1.06423,1.06479,8584.8301
1695351600000,1.06478,1.0653,1.06475,1.06514,5994.4502
1695355200000,1.06514,1.06569,1.06511,1.06546,6408.4502
1695358800000,1.06547,1.06576,1.06492,1.06493,5770.1299
1695362400000,1.06491,1.06598,1.06471,1.06594,13431.0098
1695366000000,1.06595,1.06678,1.0615,1.06457,42154.9883
1695369600000,1.06456,1.06516,1.06392,1.06462,23978.4609
1695373200000,1.06461,1.06486,1.0634,1.06384,12271.79
1695376800000,1.06383,1.06471,1.06345,1.06354,9462.5703
1695380400000,1.06355,1.06419,1.06355,1.06363,7860.5698
1695384000000,1.06363,1.06606,1.06363,1.06556,19467.1699
1695387600000,1.06556,1.06622,1.06421,1.06606,26380.4395
1695391200000,1.06605,1.06716,1.06573,1.06581,20326.9902
1695394800000,1.0658,1.06653,1.06536,1.06592,10357.7197
1695398400000,1.06594,1.06616,1.06549,1.06554,6793.52
1695402000000,1.06555,1.06614,1.06516,1.06518,7615.8101
1695405600000,1.06518,1.06527,1.06391,1.06469,6796.2202
1695409200000,1.06469,1.06512,1.06436,1.06436,6567.7598
1695412800000,1.06436,1.06473,1.06415,1.06419,8013.6299
1695589200000,1.06513,1.06515,1.06424,1.06448,433.35
1695592800000,1.06448,1.06517,1.06446,1.06489,3335.3999
1695596400000,1.06489,1.06518,1.06472,1.06482,4085.6299
1695600000000,1.06482,1.06555,1.0648,1.06545,5196.7798
1695603600000,1.06546,1.0655,1.06443,1.06466,6694.3701
1695607200000,1.06466,1.06494,1.0643,1.06489,6535.21
1695610800000,1.06489,1.06506,1.06475,1.0648,4542.2798
1695614400000,1.06479,1.06504,1.06457,1.06487,3499.5801
1695618000000,1.06488,1.065,1.06421,1.06439,5134.04
1695621600000,1.06441,1.06531,1.06426,1.06462,8941.6699
1695625200000,1.06461,1.06528,1.06316,1.06378,13965.1299
1695628800000,1.06379,1.0643,1.06241,1.06256,20036.5605
1695632400000,1.06257,1.06369,1.06239,1.06346,15735.9004
1695636000000,1.06347,1.06417,1.06339,1.06372,11091.5898
1695639600000,1.06374,1.06435,1.06292,1.06305,9488.1797
1695643200000,1.06303,1.06346,1.06192,1.06221,13930.9404
1695646800000,1.06221,1.06243,1.05958,1.06019,22776.4707
1695650400000,1.0602,1.06069,1.05753,1.05773,25599.5801
1695654000000,1.05775,1.05928,1.0576,1.05901,15548.7197
1695657600000,1.059,1.05962,1.05876,1.05891,9785.0801
1695661200000,1.0589,1.05973,1.05886,1.05948,4910.0698
1695664800000,1.05948,1.05986,1.05856,1.0587,4551.29
1695668400000,1.0587,1.05933,1.05854,1.05928,4975.23
1695672000000,1.05927,1.05947,1.05909,1.05924,3092.3201
1695675600000,1.05923,1.05933,1.059,1.05922,1567.89
1695679200000,1.05923,1.05966,1.05917,1.05938,4698.2002
1695682800000,1.05937,1.05952,1.05912,1.05912,1866.13
1695686400000,1.05912,1.05919,1.05806,1.05843,7795.1201
1695690000000,1.05843,1.05877,1.05834,1.05864,6249.1899
1695693600000,1.05862,1.05874,1.05798,1.05799,4953.79
1695697200000,1.058,1.05866,1.05783,1.05858,5890.0098
1695700800000,1.05857,1.05928,1.05843,1.05925,4348.1802
1695704400000,1.05924,1.05929,1.0582,1.05877,6635.1001
1695708000000,1.05878,1.05888,1.0571,1.05716,11638.29
1695711600000,1.05715,1.05886,1.05699,1.05849,16549.4805
1695715200000,1.05849,1.05999,1.05827,1.05959,17369.2598
1695718800000,1.05959,1.0603,1.05933,1.05972,11230.9697
1695722400000,1.05971,1.06015,1.05931,1.0596,8382.4404
1695726000000,1.0596,1.06033,1.05895,1.05994,9709.9102
1695729600000,1.05993,1.0609,1.05984,1.06057,16538.1602
1695733200000,1.06059,1.06065,1.05855,1.0592,23856.1406
1695736800000,1.0592,1.05988,1.05781,1.05837,31976.2793
1695740400000,1.05837,1.05844,1.05677,1.05724,16178.1699
1695744000000,1.05725,1.05767,1.0568,1.05691,7972.6401
1695747600000,1.0569,1.05761,1.05671,1.05708,6266.1499
1695751200000,1.05709,1.05715,1.0562,1.05663,7987.23
1695754800000,1.05664,1.05717,1.05645,1.05701,4469.9702
1695758400000,1.05701,1.05755,1.05694,1.05717,3700.48
1695762000000,1.05714,1.0572,1.05676,1.05707,724.15
1695765600000,1.05706,1.05739,1.05696,1.05712,2330.98
1695769200000,1.05712,1.05732,1.05676,1.05691,4799.98
1695772800000,1.05691,1.0572,1.05559,1.05598,8130.2998
1695776400000,1.05598,1.057,1.05587,1.05694,8493.21
1695780000000,1.05695,1.05696,1.05588,1.05644,7665.2798
1695783600000,1.05644,1.05649,1.05595,1.05619,6561.6201
1695787200000,1.05619,1.05632,1.05572,1.05601,5905.3398
1695790800000,1.056,1.0564,1.05548,1.056,7986.4502
1695794400000,1.05599,1.05706,1.05572,1.05692,11421.7402
1695798000000,1.05692,1.0574,1.05644,1.0565,12266.8398
1695801600000,1.05653,1.05698,1.05573,1.05598,12559.2402
1695805200000,1.05597,1.05636,1.0553,1.05598,12341.1797
1695808800000,1.05598,1.05618,1.05525,1.05542,10414.9404
1695812400000,1.05541,1.05547,1.05343,1.05394,14512.8799
1695816000000,1.05395,1.05513,1.05348,1.05466,23934.2207
1695819600000,1.05466,1.05488,1.05121,1.05202,29863.1992
1695823200000,1.05201,1.05258,1.05084,1.05087,30175.6699
1695826800000,1.05087,1.05238,1.05081,1.05087,20521.2695
1695830400000,1.0509,1.05097,1.05007,1.05029,15181.7305
1695834000000,1.05028,1.05106,1.04904,1.04988,18417.4902
1695837600000,1.04989,1.05092,1.0488,1.05068,16490.9609
1695841200000,1.05069,1.05187,1.05012,1.05056,12623.4297
1695844800000,1.05057,1.05057,1.04985,1.05018,6308.7202
1695848400000,1.05017,1.05081,1.05002,1.05054,1937.88
1695852000000,1.05053,1.05075,1.05031,1.05034,1601.63
1695855600000,1.05032,1.0507,1.05022,1.05052,4668.6401
1695859200000,1.05053,1.05153,1.0505,1.05151,7012.21
1695862800000,1.05152,1.0516,1.05096,1.05104,7774.3701
1695866400000,1.05106,1.05117,1.04987,1.04995,7248.4199
1695870000000,1.04995,1.05055,1.04991,1.0504,4698.6099
1695873600000,1.0504,1.05059,1.0497,1.05041,4959.8301
1695877200000,1.05044,1.05096,1.04958,1.05088,7727.0698
1695880800000,1.05087,1.05089,1.0491,1.04951,15025.25
1695884400000,1.04952,1.05188,1.04943,1.05085,20626.4707
1695888000000,1.05084,1.05242,1.05047,1.05166,23306.4492
1695891600000,1.05169,1.05413,1.05152,1.05394,20109.2109
1695895200000,1.05393,1.05417,1.05316,1.05397,13066.9805
1695898800000,1.05398,1.05483,1.05371,1.05413,10614.0703
1695902400000,1.05412,1.05572,1.05178,1.0518,44711.6719
1695906000000,1.0518,1.05548,1.05176,1.05493,53194.5
1695909600000,1.05493,1.05676,1.05455,1.05628,28015.1699
1695913200000,1.05628,1.05788,1.05581,1.05762,21720.2109
1695916800000,1.05762,1.05782,1.05563,1.05578,14199.4297
1695920400000,1.05578,1.05639,1.05501,1.05508,14289.8203
1695924000000,1.05507,1.05644,1.05498,1.05549,7714.0698
1695927600000,1.05551,1.05644,1.05525,1.05639,8104.5498
1695931200000,1.05639,1.05672,1.05628,1.05647,4931.8398
1695934800000,1.05645,1.05659,1.05591,1.05645,1759.6899
1695938400000,1.05644,1.05674,1.05642,1.05648,1655.5699
1695942000000,1.05647,1.05648,1.05619,1.05621,2279.23
1695945600000,1.05622,1.05647,1.05579,1.05641,6016.2202
1695949200000,1.05641,1.05761,1.05619,1.05736,8457.0498
1695952800000,1.05737,1.05827,1.05735,1.05792,5727.5601
1695956400000,1.05792,1.05803,1.05753,1.05754,4099.5801
1695960000000,1.05753,1.05812,1.0575,1.05801,4509.0298
1695963600000,1.058,1.05861,1.05755,1.05763,6193.79
1695967200000,1.05765,1.05919,1.05743,1.05899,18321.6191
1695970800000,1.05898,1.06106,1.0588,1.06062,24350.1602
1695974400000,1.06063,1.06165,1.05993,1.06093,17239.6992
1695978000000,1.06096,1.06169,1.06039,1.06143,15921.5898
1695981600000,1.06143,1.06163,1.06064,1.06091,10587.5703
1695985200000,1.06092,1.0611,1.05901,1.05943,14173.3701
1695988800000,1.05942,1.06102,1.05882,1.05996,27803.5898
1695992400000,1.05997,1.06073,1.05746,1.05806,29594.1895
1695996000000,1.05806,1.05928,1.05698,1.05869,37797.6719
1695999600000,1.0587,1.05903,1.05728,1.05833,27322.8496
1696003200000,1.05834,1.05867,1.05746,1.05776,15180.6396
1696006800000,1.05775,1.05777,1.05641,1.0565,13684.5098
1696010400000,1.05651,1.05797,1.05638,1.05776,11439.29
1696014000000,1.05774,1.05791,1.05699,1.05722,9165.6104
1696017600000,1.05723,1.05761,1.05684,1.05694,6094.0698
1696194000000,1.05672,1.05721,1.05633,1.05673,1284.13
1696197600000,1.05676,1.05713,1.05578,1.0559,5546.4199
1696201200000,1.05591,1.05647,1.05578,1.0564,5463.73
1696204800000,1.05641,1.05682,1.05623,1.05641,6539.02
1696208400000,1.05641,1.05703,1.0564,1.05678,5102.8501
1696212000000,1.05678,1.05707,1.05678,1.0568,5293.6001
1696215600000,1.05679,1.05702,1.05678,1.05698,4457.3398
1696219200000,1.05697,1.05711,1.05679,1.05686,2919.1599
1696222800000,1.05687,1.05693,1.05601,1.05616,4835.9102
1696226400000,1.05617,1.05897,1.05609,1.05895,17452.7305
1696230000000,1.05896,1.05919,1.05712,1.05722,22056.9805
1696233600000,1.05721,1.0578,1.05599,1.05621,12030.8896
1696237200000,1.05619,1.05626,1.05347,1.0539,17372.5605
1696240800000,1.05388,1.05437,1.05337,1.05395,11346.0303
1696244400000,1.05396,1.05424,1.05301,1.05313,13462.1504
1696248000000,1.05313,1.05375,1.05248,1.05294,21282.9297
1696251600000,1.05293,1.05325,1.0515,1.0516,29578.3594
1696255200000,1.0516,1.05275,1.04922,1.04954,37785.3281
1696258800000,1.04955,1.05126,1.04955,1.04988,22180.2402
1696262400000,1.04989,1.04993,1.04883,1.04892,12669.1602
1696266000000,1.04892,1.05051,1.0489,1.04957,10287.1504
1696269600000,1.04956,1.05023,1.04905,1.04925,8005.0801
1696273200000,1.04925,1.0494,1.04807,1.04809,11591.5
1696276800000,1.04806,1.04827,1.04769,1.04769,3950.97
1696280400000,1.04769,1.04794,1.04767,1.04791,958.72
1696284000000,1.04796,1.04827,1.04764,1.04766,2635.8701
1696287600000,1.04767,1.04827,1.04752,1.04798,4469.25
1696291200000,1.04798,1.04803,1.04647,1.04723,10303.21
1696294800000,1.04724,1.04747,1.04676,1.04712,7151.4199
1696298400000,1.04713,1.04713,1.04638,1.04665,6014.1899
1696302000000,1.04665,1.04706,1.0465,1.04683,4681.9399
1696305600000,1.04683,1.04703,1.04598,1.04632,5655.8198
1696309200000,1.04632,1.04662,1.04607,1.04657,8879.75
1696312800000,1.04657,1.04746,1.04623,1.04728,14345.0098
1696316400000,1.04729,1.04842,1.04689,1.04824,14041.1504
1696320000000,1.04823,1.04933,1.04784,1.04853,14095.3496
1696323600000,1.04853,1.04912,1.04803,1.04839,11295.0596
1696327200000,1.04838,1.04854,1.04754,1.04759,12505.3096
1696330800000,1.04758,1.04815,1.04692,1.04735,14339.6904
1696334400000,1.04735,1.04787,1.0462,1.04661,19997.8809
1696338000000,1.04661,1.04857,1.04639,1.04808,26587.9492
1696341600000,1.04808,1.04827,1.04497,1.04756,64944.8516
1696345200000,1.04756,1.04757,1.04483,1.04525,29527.9902
1696348800000,1.04524,1.04724,1.04518,1.04623,17691.2109
1696352400000,1.04622,1.04749,1.04621,1.04691,12210.0596
1696356000000,1.0469,1.04795,1.04595,1.04746,8184.9702
1696359600000,1.04748,1.04785,1.04705,1.04714,6094.6499
1696363200000,1.04715,1.04735,1.04646,1.04658,3434.3701
1696366800000,1.04656,1.04688,1.04637,1.04642,492
1696370400000,1.04647,1.04679,1.04641,1.04645,2453.05
1696374000000,1.04646,1.04696,1.0463,1.04686,3558.3201
1696377600000,1.04684,1.04755,1.04655,1.04713,5700.4702
1696381200000,1.04713,1.04718,1.04602,1.04668,9011.9502
1696384800000,1.0467,1.04682,1.04598,1.04634,5928.5
1696388400000,1.04632,1.04665,1.0457,1.04592,3925.9199
1696392000000,1.04593,1.04699,1.04581,1.04699,4510.4502
1696395600000,1.04701,1.04739,1.04668,1.04681,6566.0098
1696399200000,1.04682,1.04693,1.04542,1.04604,11105.6699
1696402800000,1.04604,1.04853,1.04514,1.04846,21656.7305
1696406400000,1.04846,1.04887,1.04791,1.0486,17401.1895
1696410000000,1.04861,1.0504,1.04847,1.04983,13788.54
1696413600000,1.04983,1.05115,1.04955,1.05032,13559.1797
1696417200000,1.05033,1.05164,1.04978,1.0498,16695.7402
1696420800000,1.04979,1.05321,1.04962,1.05252,38392.6094
1696424400000,1.05251,1.05258,1.05052,1.05072,35938.7305
1696428000000,1.05072,1.05118,1.04829,1.04927,42589.8086
1696431600000,1.04927,1.05199,1.04901,1.05176,26302.0801
1696435200000,1.05178,1.05217,1.0511,1.05123,14913.8604
1696438800000,1.05121,1.0513,1.05009,1.05029,13333.2402
1696442400000,1.05027,1.05068,1.04978,1.05031,12080.9102
1696446000000,1.05032,1.05194,1.05017,1.05154,8842.9697
1696449600000,1.05152,1.0516,1.05028,1.05033,5384.7402
1696453200000,1.05033,1.05067,1.0503,1.05065,1333.95
1696456800000,1.05066,1.05085,1.05053,1.05062,1517.45
1696460400000,1.05063,1.05091,1.05052,1.05069,2697.6101
1696464000000,1.05068,1.0522,1.05022,1.05202,6946.6401
1696467600000,1.05201,1.05288,1.052,1.05285,10265
1696471200000,1.05286,1.05288,1.05208,1.05231,5938.2402
1696474800000,1.0523,1.05284,1.05213,1.0525,5004.1499
1696478400000,1.05249,1.05263,1.05205,1.05205,4051.49
1696482000000,1.05207,1.0526,1.05165,1.05173,5385.71
1696485600000,1.05174,1.05209,1.05047,1.0507,11057.6602
1696489200000,1.05069,1.05145,1.05014,1.05087,16249.5801
1696492800000,1.05087,1.05202,1.05027,1.05041,14921.6396
1696496400000,1.05042,1.05163,1.05032,1.05077,14500
1696500000000,1.05078,1.0523,1.05051,1.0519,13423.5195
1696503600000,1.05189,1.05252,1.05111,1.05236,12132.0596
1696507200000,1.05237,1.05297,1.05,1.05147,32652.8008
1696510800000,1.05147,1.05319,1.0508,1.05252,35372.5508
1696514400000,1.05252,1.05331,1.05126,1.05301,29445.7695
1696518000000,1.05302,1.05373,1.05203,1.05257,26675.5996
1696521600000,1.05257,1.05399,1.0524,1.05359,16815.6602
1696525200000,1.05359,1.05398,1.0529,1.05377,9075.6104
1696528800000,1.05379,1.05515,1.05379,1.05508,9171.8203
1696532400000,1.05507,1.05515,1.05447,1.05495,7180.54
1696536000000,1.05495,1.05518,1.05479,1.05492,3909.53
1696539600000,1.05475,1.05495,1.0545,1.05483,2877.5801
1696543200000,1.05483,1.05506,1.05479,1.05481,1363.1801
1696546800000,1.0548,1.05484,1.05461,1.05462,2053.29
1696550400000,1.05463,1.05479,1.05411,1.05415,6702.3799
1696554000000,1.05416,1.05445,1.05381,1.05431,8032.0698
1696557600000,1.0543,1.05473,1.05413,1.05448,5132.9102
1696561200000,1.05448,1.05463,1.05403,1.05423,4514.3701
1696564800000,1.05424,1.05444,1.05398,1.05404,3201.47
1696568400000,1.05403,1.05417,1.05334,1.0535,6100.8101
1696572000000,1.05349,1.05402,1.05314,1.05346,9586.5098
1696575600000,1.05345,1.0551,1.0534,1.05497,20017.0508
1696579200000,1.05497,1.05532,1.05421,1.05482,18368.2793
1696582800000,1.05482,1.05576,1.05457,1.05527,12132.2695
1696586400000,1.05526,1.05633,1.05526,1.05547,10332.1699
1696590000000,1.05545,1.05672,1.05504,1.0566,10808.29
1696593600000,1.0566,1.05684,1.04824,1.04962,52081.7891
1696597200000,1.04965,1.05227,1.04883,1.05118,57335.0703
1696600800000,1.05121,1.05554,1.0505,1.05376,46241.5781
1696604400000,1.05377,1.05999,1.0536,1.05946,36185.6406
1696608000000,1.05945,1.05953,1.05755,1.05791,40607.3516
1696611600000,1.0579,1.05924,1.05771,1.05881,10078.4502
1696615200000,1.05882,1.05996,1.0587,1.05933,7669.9702
1696618800000,1.05934,1.05961,1.05887,1.05897,7897.5298
1696622400000,1.05897,1.05897,1.05823,1.05828,6200.02
1696798800000,1.05529,1.05583,1.05494,1.0555,1222.87
1696802400000,1.05545,1.0563,1.05501,1.0558,7487.4502
1696806000000,1.05581,1.05682,1.05581,1.05661,4111.6899
1696809600000,1.05662,1.05742,1.0562,1.05736,3824.01
1696813200000,1.05734,1.05741,1.05568,1.05631,4188.23
1696816800000,1.05632,1.05655,1.05587,1.05614,2786.96
1696820400000,1.05612,1.05613,1.05515,1.05521,2270.1101
1696824000000,1.05522,1.05543,1.05478,1.055,2062.3101
1696827600000,1.05504,1.05568,1.05499,1.05536,2574.73
1696831200000,1.05539,1.05585,1.05315,1.0537,7942.2202
1696834800000,1.05371,1.05395,1.05194,1.0523,10673.7002
1696838400000,1.0523,1.05417,1.05203,1.05416,9868.46
1696842000000,1.05416,1.0545,1.05307,1.05335,13052.3896
1696845600000,1.05335,1.05337,1.05233,1.0528,8930.29
1696849200000,1.05281,1.05403,1.05268,1.05282,9001.5
1696852800000,1.05281,1.0536,1.05224,1.0533,18224.4707
1696856400000,1.05329,1.05547,1.05324,1.0553,29519.9902
1696860000000,1.05529,1.05576,1.05374,1.05453,28744.5195
1696863600000,1.05452,1.05528,1.05391,1.05397,14105.4297
1696867200000,1.05396,1.0544,1.05344,1.05353,10022.29
1696870800000,1.05355,1.05648,1.05351,1.05633,14989.2305
1696874400000,1.05633,1.05674,1.05601,1.05642,11029.2002
1696878000000,1.05641,1.05702,1.05641,1.05691,10325.3604
1696881600000,1.05691,1.05722,1.05649,1.0566,5549.1299
1696885200000,1.05659,1.05672,1.05606,1.05654,8713.8496
1696888800000,1.05654,1.05717,1.05649,1.05686,1776.25
1696892400000,1.05686,1.05796,1.05678,1.05786,4831.6099
1696896000000,1.05788,1.05836,1.05707,1.05727,17136.9395
1696899600000,1.05727,1.05806,1.05705,1.05731,14970.71
1696903200000,1.05731,1.05769,1.05665,1.0567,8172.54
1696906800000,1.05669,1.05703,1.0566,1.05694,6577.3198
1696910400000,1.05693,1.05693,1.05605,1.05615,7061.3901
1696914000000,1.05612,1.05668,1.05588,1.05614,7552.7002
1696917600000,1.05617,1.0569,1.05546,1.05613,21738.7793
1696921200000,1.05612,1.05723,1.05542,1.05716,27039.2793
1696924800000,1.05717,1.06095,1.05698,1.06043,29118.4609
1696928400000,1.06043,1.0611,1.05973,1.0602,20535.1504
1696932000000,1.06019,1.06046,1.05908,1.05921,14681.04
1696935600000,1.05922,1.05922,1.05718,1.05757,15155.71
1696939200000,1.05755,1.05953,1.05742,1.05934,25944.25
1696942800000,1.05932,1.05968,1.05847,1.05941,34390.5898
1696946400000,1.05942,1.06064,1.05892,1.05972,29140.3105
1696950000000,1.0597,1.06195,1.0596,1.0617,24237.4004
1696953600000,1.0617,1.06198,1.06093,1.06171,16080.3301
1696957200000,1.0617,1.06184,1.05933,1.05948,18818.6309
1696960800000,1.05948,1.0601,1.05924,1.05986,12694.5
1696964400000,1.05986,1.06063,1.05938,1.06046,9658.2197
1696968000000,1.06048,1.06064,1.0602,1.06048,4339.4902
1696971600000,1.06047,1.06064,1.05998,1.0605,3850.8
1696975200000,1.0605,1.06068,1.06028,1.06052,1457.64
1696978800000,1.06052,1.06096,1.06034,1.06042,4004.0801
1696982400000,1.06043,1.06142,1.06043,1.06106,7724.0298
1696986000000,1.06105,1.06123,1.06012,1.0608,9169.4004
1696989600000,1.06081,1.06097,1.0602,1.06077,7332.3301
1696993200000,1.06077,1.06081,1.06036,1.06047,4239.2402
1696996800000,1.06047,1.06076,1.06026,1.06026,3386.23
1697000400000,1.06027,1.06103,1.06005,1.06014,6886.3501
1697004000000,1.06014,1.06145,1.05991,1.06102,10342.2695
1697007600000,1.06102,1.06283,1.05953,1.05998,29202.0703
1697011200000,1.05999,1.06136,1.05933,1.06084,23429.5293
1697014800000,1.06082,1.06147,1.06044,1.06044,12381.5996
1697018400000,1.06046,1.06065,1.05976,1.06018,13629.71
1697022000000,1.06019,1.06087,1.05964,1.06039,12795.4502
1697025600000,1.06038,1.06143,1.05806,1.06143,34376.7188
1697029200000,1.06144,1.06346,1.06063,1.06291,35221.0391
1697032800000,1.0629,1.06344,1.06183,1.06241,36181.5195
1697036400000,1.06242,1.06245,1.06101,1.06127,17896.4492
1697040000000,1.06127,1.06128,1.05995,1.06072,13657.0098
1697043600000,1.0607,1.06097,1.05849,1.05926,14732.4902
1697047200000,1.05925,1.06083,1.05909,1.06071,17752.5391
1697050800000,1.06071,1.06158,1.0607,1.06125,6115.7798
1697054400000,1.06125,1.06202,1.06116,1.06194,2760.01
1697058000000,1.06188,1.06201,1.06127,1.06198,1184.6899
1697061600000,1.06197,1.06218,1.06185,1.0619,2519.46
1697065200000,1.06191,1.06256,1.06187,1.06234,3385.74
1697068800000,1.06234,1.06279,1.06199,1.06224,5810.5601
1697072400000,1.06224,1.06267,1.06202,1.06246,7500.5298
1697076000000,1.06246,1.0626,1.06203,1.06238,5336.3999
1697079600000,1.06238,1.0629,1.06208,1.06287,4204.04
1697083200000,1.06285,1.06316,1.06271,1.06309,4119.1802
1697086800000,1.06308,1.06336,1.06292,1.06311,6921.0601
1697090400000,1.06311,1.06397,1.06277,1.06356,12308.8701
1697094000000,1.06355,1.06361,1.062,1.062,12238.8701
1697097600000,1.06201,1.06268,1.06193,1.06263,9886.4199
1697101200000,1.06264,1.06272,1.0616,1.06181,9470.6104
1697104800000,1.0618,1.06267,1.06168,1.06185,6683.3599
1697108400000,1.06186,1.062,1.06132,1.06195,9186.5801
1697112000000,1.06194,1.06271,1.05719,1.05816,46021.25
1697115600000,1.05816,1.05861,1.05474,1.05495,45520.8906
1697119200000,1.05494,1.05625,1.05444,1.05555,26151.1797
1697122800000,1.05556,1.056,1.05454,1.05519,18628.3301
1697126400000,1.05521,1.05608,1.05462,1.05485,10825.5195
1697130000000,1.05484,1.05492,1.0532,1.05344,20019.3008
1697133600000,1.05344,1.05369,1.05257,1.05266,12112.7305
1697137200000,1.05267,1.05339,1.05265,1.05306,6772.48
1697140800000,1.05308,1.05315,1.05275,1.05277,2961.48
1697144400000,1.05273,1.0531,1.05268,1.05304,1852.91
1697148000000,1.05305,1.0532,1.05294,1.05314,2281.49
1697151600000,1.05314,1.05374,1.05307,1.05355,3544.8101
1697155200000,1.05358,1.05395,1.05345,1.05389,5321.5298
1697158800000,1.0539,1.05432,1.05375,1.05422,6549.6099
1697162400000,1.05421,1.05466,1.054,1.0546,6874.5801
1697166000000,1.0546,1.0548,1.05425,1.05455,4634.6001
1697169600000,1.05453,1.05499,1.05432,1.05497,4688.3301
1697173200000,1.05498,1.05508,1.0544,1.05484,9154.3896
1697176800000,1.05483,1.05484,1.05333,1.05365,11857.5801
1697180400000,1.05364,1.05578,1.05313,1.05517,20432.9707
1697184000000,1.05516,1.05584,1.05504,1.05537,16257.0303
1697187600000,1.05536,1.05548,1.05278,1.05294,18374.0898
1697191200000,1.05295,1.05309,1.05156,1.05179,13988.7998
1697194800000,1.05178,1.05306,1.05139,1.05244,14074.6299
1697198400000,1.05247,1.05473,1.0521,1.05375,26427.1895
1697202000000,1.05374,1.05412,1.05166,1.05259,30179.4199
1697205600000,1.05259,1.05262,1.04995,1.05032,41015.3594
1697209200000,1.05033,1.05052,1.04954,1.05006,23539.0508
1697212800000,1.05007,1.0515,1.04995,1.0509,12889.2998
1697216400000,1.05092,1.05116,1.05007,1.0505,12188.2803
1697220000000,1.05049,1.05123,1.05041,1.0511,9730.5703
1697223600000,1.0511,1.05158,1.05094,1.05138,7993.2402
1697227200000,1.05137,1.05138,1.05056,1.05073,5106.8599
1697403600000,1.05083,1.05225,1.05025,1.05211,3393.29
1697407200000,1.05213,1.05253,1.05144,1.05213,4446.1299
1697410800000,1.05212,1.05225,1.0517,1.0522,4824.6401
1697414400000,1.05221,1.05236,1.05156,1.05175,6646.4102
1697418000000,1.05178,1.05253,1.05178,1.05219,6238.29
1697421600000,1.05221,1.05257,1.052,1.05216,4085.03
1697425200000,1.05218,1.0524,1.05199,1.05235,4358.8901
1697428800000,1.05234,1.05268,1.05223,1.0526,4169.4702
1697432400000,1.05262,1.05304,1.05229,1.05294,6450.27
1697436000000,1.05293,1.05382,1.05265,1.05348,12999.5303
1697439600000,1.05348,1.05358,1.05235,1.05341,17027.2109
1697443200000,1.0534,1.05428,1.05235,1.05406,13244.5898
1697446800000,1.05405,1.05423,1.05317,1.0532,11289.3896
1697450400000,1.05318,1.05346,1.05277,1.05323,8819.9805
1697454000000,1.05322,1.05387,1.0526,1.05365,9687.3496
1697457600000,1.05365,1.0546,1.05293,1.05416,21415.9199
1697461200000,1.05416,1.05438,1.05281,1.05299,20719.4805
1697464800000,1.05298,1.05554,1.05256,1.05497,21718.6191
1697468400000,1.05497,1.05526,1.05394,1.05446,11462.4502
1697472000000,1.05447,1.05491,1.05403,1.05473,8266.3301
1697475600000,1.05473,1.0556,1.05436,1.05551,6164.0298
1697479200000,1.0555,1.05565,1.05517,1.05541,4944.7798
1697482800000,1.0554,1.05627,1.05526,1.05626,6654.0098
1697486400000,1.05627,1.05627,1.05582,1.05597,4990.9302
1697490000000,1.05597,1.05608,1.05569,1.05585,3015.54
1697493600000,1.05589,1.05619,1.05556,1.05561,2929.3701
1697497200000,1.05561,1.05573,1.05529,1.05543,2814.5
1697500800000,1.05543,1.05607,1.05543,1.05556,6281.3999
1697504400000,1.05556,1.05558,1.05494,1.05523,7022.8301
1697508000000,1.05524,1.05528,1.05462,1.05499,4797.5498
1697511600000,1.055,1.05541,1.0548,1.05498,5012.1299
1697515200000,1.05499,1.055,1.05453,1.05473,4051.8501
1697518800000,1.05474,1.05504,1.05436,1.05441,6469.6401
1697522400000,1.05442,1.0545,1.0534,1.0537,9592.4404
1697526000000,1.0537,1.05547,1.05341,1.05486,14624.2803
1697529600000,1.05485,1.05487,1.05328,1.05358,12481.8496
1697533200000,1.05362,1.05544,1.05361,1.05536,11371.7305
1697536800000,1.05537,1.05625,1.05461,1.05533,14539.8398
1697540400000,1.05534,1.05793,1.05532,1.05752,12350.4902
1697544000000,1.05751,1.05778,1.05383,1.05471,35083.6602
1697547600000,1.0547,1.05614,1.05397,1.05491,34832.7695
1697551200000,1.0549,1.05869,1.05481,1.05751,32118.4297
1697554800000,1.05752,1.05927,1.05752,1.05921,18384.1602
1697558400000,1.05921,1.05948,1.05786,1.05795,11679.5996
1697562000000,1.05794,1.05811,1.05647,1.0567,9850.4102
1697565600000,1.0567,1.05744,1.05641,1.05689,8514.6396
1697569200000,1.0569,1.0581,1.0569,1.05769,9794.29
1697572800000,1.05768,1.05776,1.05734,1.05767,3518.8999
1697576400000,1.05762,1.05776,1.05742,1.05742,3470.2
1697580000000,1.05743,1.05772,1.05743,1.05757,2063.51
1697583600000,1.05758,1.05761,1.05718,1.05727,3382.1101
1697587200000,1.05726,1.05743,1.05604,1.05643,6120.6899
1697590800000,1.05644,1.057,1.05612,1.05694,6664.1201
1697594400000,1.05696,1.05789,1.05696,1.05754,7873.6899
1697598000000,1.05753,1.05779,1.05723,1.05754,4186.46
1697601600000,1.05754,1.05786,1.05732,1.05756,4262.2798
1697605200000,1.05756,1.05846,1.05744,1.05825,6882.02
1697608800000,1.05824,1.05941,1.0577,1.05788,14983.8799
1697612400000,1.05788,1.05831,1.05704,1.05788,17735.0801
1697616000000,1.05787,1.05849,1.05733,1.05831,11656.4805
1697619600000,1.05829,1.05867,1.05657,1.05691,12690.46
1697623200000,1.0569,1.05695,1.05542,1.05559,12578.4805
1697626800000,1.05559,1.05682,1.05521,1.05606,13512.5898
1697630400000,1.05606,1.05744,1.05491,1.05568,22935.9609
1697634000000,1.0557,1.05641,1.05487,1.05505,29493.1992
1697637600000,1.05505,1.05603,1.05322,1.05375,31974.9492
1697641200000,1.05375,1.05427,1.05259,1.05311,19170.5098
1697644800000,1.05312,1.05378,1.05231,1.05369,15032.79
1697648400000,1.05369,1.05536,1.05344,1.05501,17163.5605
1697652000000,1.05499,1.05513,1.05348,1.05356,9421.7197
1697655600000,1.05357,1.05378,1.05315,1.05354,7736.54
1697659200000,1.05353,1.05375,1.05341,1.05362,3236.6799
1697662800000,1.0536,1.05368,1.05327,1.05358,8440.5498
1697666400000,1.05358,1.05396,1.05355,1.05369,1180.42
1697670000000,1.0537,1.05396,1.05363,1.05379,3278.3899
1697673600000,1.05381,1.05398,1.05327,1.05388,6942.46
1697677200000,1.05389,1.05418,1.05323,1.05364,9488.4404
1697680800000,1.05364,1.05395,1.05342,1.0535,6220.6602
1697684400000,1.0535,1.05369,1.05324,1.05338,4687.6401
1697688000000,1.05336,1.0535,1.05305,1.05335,4742.3101
1697691600000,1.05335,1.05349,1.05301,1.05331,5284.2798
1697695200000,1.0533,1.05421,1.05282,1.05401,10679.2402
1697698800000,1.05402,1.05482,1.05356,1.05375,17693.7598
1697702400000,1.05375,1.05437,1.05294,1.05356,17037.5801
1697706000000,1.05357,1.05453,1.05351,1.05443,13252.4902
1697709600000,1.05442,1.05523,1.05429,1.0551,9420.7002
1697713200000,1.05512,1.05635,1.05512,1.05578,14654.6504
1697716800000,1.05577,1.05796,1.0556,1.05762,27616.4492
1697720400000,1.05763,1.05816,1.05656,1.0575,25540.1797
1697724000000,1.0575,1.05793,1.05654,1.05688,25266.0293
1697727600000,1.05688,1.05783,1.05668,1.05696,19689.4004
1697731200000,1.05698,1.06163,1.05561,1.05963,58470.2109
1697734800000,1.05963,1.06064,1.05837,1.05984,41231.7305
1697738400000,1.05984,1.06046,1.0578,1.05807,21119.4199
1697742000000,1.05807,1.05901,1.05807,1.0588,13003.8301
1697745600000,1.05879,1.05879,1.05803,1.05819,3954.71
1697749200000,1.05815,1.05837,1.05781,1.05821,1124.48
1697752800000,1.05821,1.05834,1.05791,1.05809,1972.0601
1697756400000,1.05802,1.05865,1.05782,1.05863,3790.4399
1697760000000,1.05862,1.05864,1.05737,1.0576,8340.0898
1697763600000,1.05759,1.05761,1.05683,1.05725,9627.9502
1697767200000,1.05725,1.05798,1.05709,1.0578,6688.54
1697770800000,1.0578,1.058,1.05746,1.05759,4112.04
1697774400000,1.0576,1.05773,1.05733,1.05753,3714.3999
1697778000000,1.05753,1.05787,1.05716,1.05737,5757.79
1697781600000,1.0574,1.0576,1.05649,1.0574,11790.8604
1697785200000,1.05742,1.05766,1.05684,1.05705,15611.8096
1697788800000,1.05707,1.05953,1.05683,1.05877,17779.75
1697792400000,1.05877,1.05933,1.05797,1.05898,11524.5703
1697796000000,1.05897,1.05928,1.05838,1.05852,9064.9697
1697799600000,1.05851,1.05989,1.05848,1.05908,10054.6904
1697803200000,1.05907,1.05922,1.05653,1.05836,28521.1406
1697806800000,1.05836,1.05948,1.05788,1.0579,28661.9609
1697810400000,1.0579,1.06008,1.05721,1.05876,28372.9492
1697814000000,1.05877,1.05963,1.0587,1.0591,19432.6699
1697817600000,1.05909,1.05912,1.05812,1.05894,11835.9902
1697821200000,1.05895,1.06035,1.05877,1.05956,12267.8096
1697824800000,1.05957,1.05964,1.05863,1.05924,8471.4199
1697828400000,1.05925,1.05946,1.05882,1.05921,5388.8398
1697832000000,1.05921,1.05955,1.0591,1.05927,6147.7002
1698008400000,1.0595,1.05968,1.05928,1.05933,1256.77
1698012000000,1.05939,1.05949,1.05883,1.05913,4119.5098
1698015600000,1.05913,1.05934,1.05886,1.05896,2974.0901
1698019200000,1.05893,1.05902,1.0584,1.05871,5045.6602
1698022800000,1.05872,1.05872,1.05817,1.05834,5292.1499
1698026400000,1.05834,1.05834,1.05733,1.05736,4938.1099
1698030000000,1.05735,1.05782,1.05735,1.05751,3887.96
1698033600000,1.0575,1.05771,1.05739,1.05762,3601.75
1698037200000,1.05761,1.05792,1.05753,1.05774,4445.75
1698040800000,1.05773,1.05864,1.05714,1.05824,8460.25
1698044400000,1.05826,1.05976,1.05765,1.05976,16388.6094
1698048000000,1.05976,1.06105,1.05949,1.06025,20371.4395
1698051600000,1.06025,1.06147,1.05907,1.0593,14113.3398
1698055200000,1.05928,1.06043,1.05904,1.06042,9532.71
1698058800000,1.06044,1.06097,1.06008,1.06017,13500.6904
1698062400000,1.06016,1.06188,1.0595,1.06097,18883.1895
1698066000000,1.06099,1.06131,1.0591,1.06051,31307.8008
1698069600000,1.06052,1.06318,1.06048,1.06287,35964.8008
1698073200000,1.06286,1.06466,1.0628,1.06453,15220.1396
1698076800000,1.06453,1.06646,1.06409,1.06645,10483.8496
1698080400000,1.06645,1.06727,1.06595,1.06683,13319.6797
1698084000000,1.06681,1.06779,1.06656,1.06741,9304.0596
1698087600000,1.06742,1.06747,1.06603,1.06655,12084.4902
1698091200000,1.06654,1.06697,1.06634,1.06689,2926.8701
1698094800000,1.06686,1.06706,1.06634,1.06679,3070.0701
1698098400000,1.06679,1.06719,1.06678,1.06678,1940.99
1698102000000,1.06678,1.06703,1.06668,1.06698,4299.9399
1698105600000,1.06699,1.06734,1.06668,1.06722,7308.3799
1698109200000,1.06723,1.06748,1.06678,1.06704,9824.2998
1698112800000,1.06705,1.06871,1.06689,1.06814,9949.7402
1698116400000,1.06815,1.0686,1.06807,1.06824,4885.3198
1698120000000,1.06825,1.06834,1.06789,1.06789,5513.8599
1698123600000,1.06789,1.06829,1.06771,1.06809,5008.7998
1698127200000,1.06809,1.06865,1.06769,1.06853,12035.4004
1698130800000,1.06852,1.06942,1.06569,1.06627,23397.8301
1698134400000,1.06627,1.06627,1.06441,1.06503,17787.0391
1698138000000,1.06503,1.06511,1.06358,1.06367,12315.4004
1698141600000,1.06366,1.06396,1.06217,1.06253,11959.8398
1698145200000,1.06253,1.06415,1.06218,1.06353,12458.9199
1698148800000,1.06352,1.06364,1.06121,1.06158,20752.2402
1698152400000,1.06157,1.06242,1.05964,1.06113,27112.5
1698156000000,1.06114,1.06162,1.05905,1.05996,27163.4395
1698159600000,1.05996,1.05998,1.0583,1.05936,18469.0391
1698163200000,1.05937,1.06021,1.05834,1.05868,13065.8301
1698166800000,1.05866,1.0594,1.05865,1.05888,9593.7402
1698170400000,1.05887,1.0591,1.05843,1.05884,6662.7998
1698174000000,1.05883,1.05936,1.0587,1.05918,4936.02
1698177600000,1.05917,1.05943,1.05888,1.05895,3688.79
1698181200000,1.05893,1.05928,1.05892,1.05923,1542.1899
1698184800000,1.05923,1.05936,1.05891,1.05934,2300.3101
1698188400000,1.05932,1.0595,1.05917,1.05949,2577.4099
1698192000000,1.05952,1.05987,1.05897,1.05926,8499.0703
1698195600000,1.05928,1.05977,1.05918,1.05945,7415.7598
1698199200000,1.05945,1.06044,1.05945,1.06036,6185.0498
1698202800000,1.06037,1.0605,1.06016,1.0602,4422.6602
1698206400000,1.06019,1.06063,1.06009,1.06062,3349.8701
1698210000000,1.06061,1.06067,1.05975,1.0601,4992.4199
1698213600000,1.06009,1.0604,1.05925,1.05925,6968.8599
1698217200000,1.05923,1.05926,1.05783,1.05871,13702.1299
1698220800000,1.0587,1.05968,1.05834,1.0585,11108.5898
1698224400000,1.05851,1.05851,1.05666,1.05689,11418.29
1698228000000,1.05689,1.05772,1.05658,1.05743,10455.3701
1698231600000,1.05744,1.05789,1.05697,1.05727,7675.48
1698235200000,1.05728,1.05796,1.05695,1.05747,14123.1201
1698238800000,1.05747,1.05827,1.05668,1.05809,18394.4609
1698242400000,1.05809,1.05913,1.05681,1.05851,36420.7109
1698246000000,1.05852,1.05956,1.05829,1.05829,23658.6797
1698249600000,1.05829,1.05859,1.05707,1.05745,11854.6201
1698253200000,1.05745,1.05765,1.05658,1.05711,15321.1699
1698256800000,1.05711,1.05734,1.05658,1.05664,10860.5
1698260400000,1.05665,1.05699,1.05658,1.05677,7237.6699
1698264000000,1.05678,1.05697,1.05653,1.05653,5951.3701
1698267600000,1.0565,1.0569,1.0564,1.05674,1890.83
1698271200000,1.05678,1.05678,1.05642,1.05653,2188.5601
1698274800000,1.05652,1.05668,1.05601,1.05661,3443.6599
1698278400000,1.05661,1.05691,1.05576,1.05596,5804.3101
1698282000000,1.05596,1.05613,1.0554,1.05549,6953.02
1698285600000,1.05549,1.05562,1.05436,1.05452,6452.9199
1698289200000,1.05452,1.05478,1.05414,1.05467,6332.3101
1698292800000,1.05467,1.0548,1.05423,1.05455,3731.8101
1698296400000,1.05455,1.05491,1.05413,1.05427,6620.8999
1698300000000,1.05427,1.05453,1.0533,1.05385,13067.0801
1698303600000,1.05385,1.05494,1.0538,1.05482,14632
1698307200000,1.05481,1.05525,1.05444,1.05453,10309.9199
1698310800000,1.05452,1.05519,1.05401,1.05456,8697.5996
1698314400000,1.05454,1.05492,1.0535,1.05372,9486.7402
1698318000000,1.05372,1.05389,1.0531,1.05362,8893.8096
1698321600000,1.05362,1.05589,1.05221,1.05589,42797.0117
1698325200000,1.0559,1.05603,1.05414,1.0547,34596.2188
1698328800000,1.05467,1.05483,1.0531,1.05427,26760.8594
1698332400000,1.05428,1.05449,1.05252,1.05317,18519.7695
1698336000000,1.05316,1.05368,1.05249,1.05284,15205.6299
1698339600000,1.05285,1.05523,1.05282,1.05505,15182.2695
1698343200000,1.05506,1.05645,1.0549,1.05609,11223.9102
1698346800000,1.05608,1.05632,1.05483,1.05566,9529.2598
1698350400000,1.05565,1.05642,1.05551,1.05618,3585.71
1698354000000,1.05618,1.05626,1.05555,1.05603,2878.1499
1698357600000,1.05607,1.05649,1.05603,1.05642,1262.23
1698361200000,1.05644,1.05657,1.05626,1.05638,4611.3301
1698364800000,1.05637,1.05645,1.05558,1.05578,8355.6904
1698368400000,1.05577,1.05622,1.05525,1.05587,6005.5601
1698372000000,1.05589,1.05666,1.05588,1.05644,4440.5801
1698375600000,1.05645,1.05654,1.0561,1.05644,3585
1698379200000,1.05644,1.05677,1.05633,1.05671,3059.8101
1698382800000,1.05671,1.05698,1.05651,1.05692,5486.98
1698386400000,1.05691,1.05697,1.05547,1.05559,9678.9805
1698390000000,1.05558,1.0563,1.0552,1.05584,7844.1699
1698393600000,1.05583,1.05625,1.05537,1.05619,7915.71
1698397200000,1.05619,1.05655,1.05601,1.05644,7360.7002
1698400800000,1.05644,1.05671,1.05557,1.05557,6414.1602
1698404400000,1.05557,1.05562,1.05354,1.0537,8217.3799
1698408000000,1.0537,1.05693,1.05355,1.05559,19065.6504
1698411600000,1.05561,1.0592,1.05554,1.05799,30501.9902
1698415200000,1.05799,1.05947,1.05657,1.05781,27091.1191
1698418800000,1.05782,1.0597,1.05774,1.05912,15510.4697
1698422400000,1.05913,1.05964,1.05808,1.05829,9215.0195
1698426000000,1.05829,1.0583,1.05573,1.05672,12218.2197
1698429600000,1.05671,1.05734,1.05622,1.05678,10299.25
1698433200000,1.05677,1.05708,1.0562,1.05705,7312.6299
1698436800000,1.05707,1.05707,1.05605,1.05605,6026.1602
1698613200000,1.05644,1.05749,1.05616,1.05657,960.07
1698616800000,1.05654,1.05678,1.05588,1.05611,2674.8301
1698620400000,1.0561,1.05639,1.05588,1.05618,3970.28
1698624000000,1.05618,1.0563,1.05551,1.05624,8296.2803
1698627600000,1.05625,1.05638,1.05594,1.05637,7789.3701
1698631200000,1.05636,1.05658,1.05616,1.05624,4534.9399
1698634800000,1.05628,1.05635,1.05587,1.05604,3311.0901
1698638400000,1.05603,1.05623,1.05584,1.05609,2385.3601
1698642000000,1.05609,1.05618,1.05588,1.05615,2695.0801
1698645600000,1.05615,1.05656,1.05564,1.0565,5526.3501
1698649200000,1.0565,1.05674,1.0553,1.05566,10921.8398
1698652800000,1.05565,1.05606,1.05471,1.05598,15062
1698656400000,1.05597,1.0586,1.05597,1.05824,14323.2002
1698660000000,1.05823,1.0588,1.05739,1.05748,10502.7598
1698663600000,1.05748,1.05962,1.05732,1.05851,10086.2695
1698667200000,1.05852,1.06084,1.05819,1.06068,15398.0596
1698670800000,1.06068,1.06148,1.05964,1.06095,27987.1992
1698674400000,1.06096,1.06182,1.05909,1.06053,30724.9902
1698678000000,1.06053,1.0625,1.06048,1.06191,20100.2695
1698681600000,1.06189,1.06207,1.06051,1.06071,10808.9297
1698685200000,1.06073,1.06143,1.06002,1.06113,7850
1698688800000,1.06114,1.06187,1.06101,1.06177,5770.8198
1698692400000,1.06176,1.06215,1.06139,1.06169,6712
1698696000000,1.06169,1.06174,1.06139,1.06144,2206.78
1698699600000,1.06145,1.06161,1.06136,1.06151,947.39
1698703200000,1.0615,1.06172,1.06118,1.06119,1692.01
1698706800000,1.06118,1.0615,1.06117,1.06138,2718.23
1698710400000,1.06139,1.06143,1.06094,1.06114,5837.3901
1698714000000,1.06114,1.06126,1.06033,1.06098,8946.4004
1698717600000,1.06098,1.06114,1.05987,1.06008,6251.3701
1698721200000,1.06009,1.06011,1.05906,1.05943,10674.6396
1698724800000,1.05943,1.0597,1.05907,1.05938,5869.8799
1698728400000,1.05938,1.05988,1.05926,1.05985,5513.4702
1698732000000,1.05987,1.06091,1.05942,1.06086,7905.3501
1698735600000,1.06086,1.06258,1.06034,1.06212,12154.3799
1698739200000,1.06212,1.06458,1.06154,1.06453,15305.3398
1698742800000,1.06452,1.06748,1.06354,1.06684,22185.2598
1698746400000,1.06681,1.06701,1.06522,1.06641,16420.4199
1698750000000,1.0664,1.06668,1.06553,1.06557,14914.6602
1698753600000,1.06556,1.06609,1.06212,1.0624,28014.5703
1698757200000,1.0624,1.06257,1.06012,1.06037,31826.8203
1698760800000,1.06036,1.06157,1.05948,1.06022,32786.9688
1698764400000,1.06023,1.06055,1.05662,1.05669,32240.3594
1698768000000,1.05672,1.05745,1.05574,1.05675,20986.6094
1698771600000,1.05674,1.05802,1.05658,1.0575,12100.9697
1698775200000,1.05748,1.05819,1.05709,1.05813,9958.8301
1698778800000,1.05812,1.05856,1.05801,1.05807,8426.8701
1698782400000,1.05809,1.05835,1.05723,1.05725,4158.9399
1698786000000,1.05721,1.05767,1.0572,1.05749,1055.5601
1698789600000,1.05749,1.05794,1.05748,1.05793,1769.54
1698793200000,1.05795,1.05804,1.05771,1.0578,3442.26
1698796800000,1.05778,1.05806,1.05686,1.05733,6807.4199
1698800400000,1.05733,1.05764,1.05673,1.0569,6508.1699
1698804000000,1.0569,1.05729,1.05664,1.05702,4631.3599
1698807600000,1.05703,1.05738,1.05687,1.05705,5589.5
1698811200000,1.05704,1.05718,1.05659,1.05672,4645.9302
1698814800000,1.05671,1.05692,1.05651,1.05678,5647.7998
1698818400000,1.05679,1.05763,1.05679,1.05739,6587.7798
1698822000000,1.05739,1.05774,1.0559,1.05646,10330.2695
1698825600000,1.05646,1.0568,1.05572,1.05582,16846.4902
1698829200000,1.05581,1.05626,1.05454,1.05492,10658.2803
1698832800000,1.05493,1.05537,1.05456,1.05481,6860.3398
1698836400000,1.05482,1.05506,1.05408,1.05428,12241.7305
1698840000000,1.05429,1.05575,1.05368,1.05385,37361.7109
1698843600000,1.05385,1.05396,1.05216,1.05308,26778.6992
1698847200000,1.0531,1.05708,1.05308,1.05525,49236.5195
1698850800000,1.05524,1.05591,1.05358,1.05372,18411.1406
1698854400000,1.05372,1.05417,1.05321,1.05337,10483.2998
1698858000000,1.05338,1.05357,1.05275,1.05337,11926.1299
1698861600000,1.05339,1.05522,1.05167,1.0542,67753.9297
1698865200000,1.0542,1.05706,1.05414,1.05672,40727.9219
1698868800000,1.05671,1.05757,1.05671,1.05697,5603.0098
1698872400000,1.05694,1.0571,1.05667,1.05682,1208.4301
1698876000000,1.05683,1.05788,1.05681,1.05783,1676.87
1698879600000,1.05785,1.05867,1.05772,1.05866,6474.4199
1698883200000,1.05866,1.0602,1.05837,1.06017,10189.3096
1698886800000,1.06018,1.06021,1.05964,1.05977,9767.1797
1698890400000,1.05976,1.05986,1.05932,1.05958,6703.8301
1698894000000,1.05956,1.06003,1.05939,1.05998,4094.79
1698897600000,1.05999,1.05999,1.05951,1.05959,4808.1401
1698901200000,1.05958,1.06019,1.05953,1.05971,6309.6201
1698904800000,1.05971,1.06018,1.05936,1.05999,6537.8599
1698908400000,1.06,1.061,1.05963,1.06033,12756.7695
1698912000000,1.06032,1.06084,1.0591,1.06003,23100.7305
1698915600000,1.06004,1.06247,1.05989,1.06236,21211.2305
1698919200000,1.06238,1.0637,1.06209,1.06344,10398.8896
1698922800000,1.06344,1.06388,1.06304,1.06337,9130.3896
1698926400000,1.06338,1.06675,1.06324,1.0664,33554.8594
1698930000000,1.0664,1.06668,1.06418,1.06477,33230.0508
1698933600000,1.06475,1.06478,1.06272,1.06396,25889.3496
1698937200000,1.06396,1.06431,1.06168,1.06173,20290.8906
1698940800000,1.06172,1.06229,1.06105,1.06153,14456
1698944400000,1.06154,1.06298,1.06138,1.06282,9553.1396
1698948000000,1.06282,1.06323,1.06233,1.06258,8688.6797
1698951600000,1.06257,1.06263,1.06166,1.06231,6483.02
1698955200000,1.06231,1.06234,1.06169,1.06211,2311.7
1698958800000,1.06213,1.06244,1.06179,1.06207,1572.3101
1698962400000,1.06207,1.06224,1.0617,1.06171,1610.4399
1698966000000,1.0617,1.06187,1.06154,1.06155,2537.99
1698969600000,1.06158,1.06217,1.06148,1.0618,3703.3
1698973200000,1.0618,1.06226,1.06146,1.06221,4532.8901
1698976800000,1.06221,1.06284,1.06214,1.06262,3980.6799
1698980400000,1.06263,1.06287,1.06243,1.06253,2211.3799
1698984000000,1.06254,1.06286,1.06248,1.06264,3176.99
1698987600000,1.06264,1.06314,1.0626,1.06297,3705.8
1698991200000,1.06298,1.06338,1.06279,1.0631,4438.6401
1698994800000,1.0631,1.06336,1.0625,1.06292,7659.02
1698998400000,1.06291,1.06322,1.06197,1.0627,10090.5801
1699002000000,1.06269,1.06483,1.06241,1.06479,9403.2197
1699005600000,1.06478,1.06481,1.06419,1.0643,7975.0098
1699009200000,1.06428,1.06526,1.06408,1.06467,9797.71
1699012800000,1.06469,1.07194,1.06454,1.07096,39957.0586
1699016400000,1.07095,1.07243,1.0696,1.07163,43347.6094
1699020000000,1.07164,1.07343,1.06934,1.07197,48877.8203
1699023600000,1.07199,1.07353,1.07153,1.07321,22160.4492
1699027200000,1.0732,1.07393,1.07253,1.07391,16342
1699030800000,1.07391,1.07467,1.07307,1.07366,13117.4102
1699034400000,1.07366,1.07397,1.07326,1.07356,8006.6499
1699038000000,1.07357,1.07374,1.07224,1.07247,9314.9297
1699041600000,1.07248,1.07325,1.07247,1.07295,5916.3198
1699221600000,1.07232,1.07264,1.07207,1.07256,623.18
1699225200000,1.07257,1.07334,1.07238,1.07313,3256.96
1699228800000,1.07316,1.07321,1.07227,1.07242,5881.3599
1699232400000,1.07243,1.07294,1.07222,1.07283,8364.0098
1699236000000,1.07284,1.07333,1.07263,1.07329,4606.73
1699239600000,1.07329,1.07343,1.07311,1.07343,4097.21
1699243200000,1.07343,1.07375,1.07338,1.07356,3326.28
1699246800000,1.07355,1.07387,1.07331,1.07355,4452.98
1699250400000,1.07355,1.074,1.07344,1.0736,5491.2402
1699254000000,1.07363,1.07437,1.07318,1.0733,9362.9902
1699257600000,1.07333,1.07562,1.07315,1.07501,15906.3896
1699261200000,1.07502,1.07561,1.07426,1.07471,11033.7402
1699264800000,1.07472,1.07557,1.07449,1.07483,7985.3999
1699268400000,1.07484,1.0754,1.07441,1.07514,9070.5498
1699272000000,1.07513,1.07541,1.0739,1.07435,11538.6904
1699275600000,1.07436,1.07446,1.07351,1.07373,16533.0195
1699279200000,1.07373,1.07459,1.07361,1.07388,20228.9297
1699282800000,1.07388,1.07442,1.07261,1.07436,19031.4199
1699286400000,1.07437,1.07492,1.074,1.07459,11300.9102
1699290000000,1.0746,1.07461,1.07338,1.07355,7310.0098
1699293600000,1.07354,1.07368,1.07289,1.07358,7077.2002
1699297200000,1.07359,1.07368,1.0722,1.07242,9633.8096
1699300800000,1.07238,1.0724,1.07193,1.07198,7561.29
1699304400000,1.07199,1.07207,1.07161,1.07168,2990.0901
1699308000000,1.07168,1.07218,1.07149,1.07205,1348.96
1699311600000,1.07209,1.07221,1.07176,1.07182,2798.98
1699315200000,1.07184,1.07193,1.07117,1.07138,3504.9299
1699318800000,1.07136,1.07136,1.07079,1.07103,7654.3398
1699322400000,1.07105,1.07124,1.07058,1.07112,4484.2598
1699326000000,1.07113,1.07139,1.07075,1.07089,6038.1899
1699329600000,1.07089,1.0711,1.07051,1.07064,5450.1299
1699333200000,1.07065,1.07107,1.07051,1.07104,4700.1802
1699336800000,1.07105,1.07116,1.07,1.07006,8471.21
1699340400000,1.07005,1.07013,1.06918,1.06968,9477.8096
1699344000000,1.06966,1.07063,1.06948,1.07036,11607.2305
1699347600000,1.07037,1.07037,1.0683,1.06836,12961.4102
1699351200000,1.06835,1.06974,1.06805,1.06815,11519.1396
1699354800000,1.06815,1.06832,1.06655,1.06738,13509.4102
1699358400000,1.0674,1.06846,1.06739,1.06786,11252.3896
1699362000000,1.06787,1.06867,1.0672,1.06761,18370.3496
1699365600000,1.06762,1.0677,1.0664,1.0676,28083.4707
1699369200000,1.0676,1.06898,1.06738,1.06849,17846.5391
1699372800000,1.06849,1.06927,1.06834,1.06858,14932.2598
1699376400000,1.06858,1.06863,1.06724,1.06773,13096.6504
1699380000000,1.06772,1.06997,1.0676,1.06989,12907.7803
1699383600000,1.06988,1.07047,1.06941,1.06952,10790.1504
1699387200000,1.06951,1.06982,1.06894,1.06948,9023.4805
1699390800000,1.06947,1.07008,1.06945,1.06992,3692.1201
1699394400000,1.06993,1.07002,1.06961,1.0698,3516.1201
1699398000000,1.06981,1.06993,1.06952,1.06956,1738.35
1699401600000,1.06956,1.06977,1.06894,1.06902,4294.1401
1699405200000,1.06903,1.06938,1.06863,1.06918,6562.0698
1699408800000,1.06919,1.06992,1.06891,1.06936,6495.9199
1699412400000,1.06935,1.06957,1.06884,1.06898,3851.6499
1699416000000,1.06899,1.06926,1.06886,1.0692,3562.3999
1699419600000,1.0692,1.06928,1.06852,1.0686,4155.7202
1699423200000,1.0686,1.0688,1.0681,1.06815,6461.3901
1699426800000,1.06819,1.06841,1.06755,1.06803,10254.5498
1699430400000,1.06804,1.06827,1.06713,1.06724,16055.6904
1699434000000,1.06731,1.06742,1.06602,1.0665,13904.7197
1699437600000,1.06651,1.06689,1.06593,1.06681,10788.5498
1699441200000,1.06682,1.06777,1.06682,1.0677,9472.8896
1699444800000,1.06771,1.06772,1.0667,1.06681,11006.6797
1699448400000,1.0668,1.06724,1.06601,1.06692,14216.0703
1699452000000,1.06692,1.06921,1.06689,1.06904,19782.7598
1699455600000,1.06904,1.07077,1.06826,1.07051,18759.0898
1699459200000,1.07052,1.0716,1.07036,1.07143,18365.7305
1699462800000,1.07144,1.07146,1.07011,1.07077,11221.5801
1699466400000,1.07078,1.07141,1.07021,1.0709,15943.2305
1699470000000,1.07089,1.07108,1.07012,1.07021,6275.3101
1699473600000,1.07022,1.07108,1.06999,1.07097,6168.1201
1699477200000,1.07096,1.0711,1.0708,1.0708,4021.0901
1699480800000,1.07079,1.07097,1.07041,1.07079,4013.5901
1699484400000,1.07073,1.07112,1.07066,1.07112,2449.49
1699488000000,1.07113,1.07127,1.07024,1.07033,4630.8599
1699491600000,1.07034,1.07146,1.07028,1.0712,5938.77
1699495200000,1.07118,1.07156,1.07088,1.07095,4057.96
1699498800000,1.07095,1.07114,1.07065,1.07078,2592.6499
1699502400000,1.07079,1.07117,1.07078,1.07088,3877.3601
1699506000000,1.07088,1.071,1.07022,1.07024,4589.3901
1699509600000,1.07025,1.07095,1.07014,1.07074,4814.4102
1699513200000,1.07075,1.07094,1.07022,1.07052,8940.6396
1699516800000,1.07052,1.07098,1.06936,1.07015,14543.3096
1699520400000,1.07015,1.07047,1.06941,1.06978,11667.21
1699524000000,1.06978,1.06996,1.0685,1.06865,8736.3398
1699527600000,1.06866,1.0692,1.06804,1.06882,8815.3701
1699531200000,1.06882,1.06927,1.06871,1.06902,7512.8101
1699534800000,1.06904,1.07087,1.06865,1.07074,21222.5996
1699538400000,1.07074,1.07254,1.07002,1.07241,22917.5605
1699542000000,1.07241,1.07247,1.07075,1.0715,24406.0996
1699545600000,1.0715,1.0717,1.07051,1.07097,13718.0898
1699549200000,1.07097,1.07126,1.06999,1.07047,8297.8896
1699552800000,1.07046,1.07055,1.06727,1.06943,35163.1289
1699556400000,1.06943,1.06953,1.06601,1.06672,39190.9688
1699560000000,1.06673,1.06755,1.06624,1.06638,12541.4502
1699563600000,1.06639,1.06689,1.06637,1.06671,4076.54
1699567200000,1.06671,1.06702,1.06651,1.0668,4167.0098
1699570800000,1.06681,1.06695,1.06642,1.06669,2233.9399
1699574400000,1.06671,1.06704,1.06629,1.06683,5781.0098
1699578000000,1.06683,1.0675,1.06667,1.06718,5821.6499
1699581600000,1.06717,1.06743,1.06701,1.06723,5297.0298
1699585200000,1.06723,1.06741,1.06689,1.06699,3294.3899
1699588800000,1.067,1.06713,1.0667,1.06712,4661.25
1699592400000,1.06712,1.06719,1.06657,1.0669,2918.27
1699596000000,1.06689,1.06699,1.06635,1.06655,5445.8101
1699599600000,1.06654,1.06696,1.0656,1.06629,11048.7002
1699603200000,1.0663,1.06783,1.0663,1.0671,12282
1699606800000,1.0671,1.068,1.06643,1.06771,12829.2695
1699610400000,1.06771,1.0688,1.06692,1.06868,12119.9404
1699614000000,1.06869,1.06889,1.06739,1.06768,12308.3799
1699617600000,1.06769,1.06883,1.06699,1.06817,12115.79
1699621200000,1.06818,1.06927,1.06771,1.06886,15517.6504
1699624800000,1.06889,1.06896,1.06703,1.06726,20397.6992
1699628400000,1.06726,1.06796,1.06624,1.06698,28203.2402
1699632000000,1.067,1.06795,1.0663,1.06694,14199.4404
1699635600000,1.06693,1.06818,1.0664,1.06792,10800.6602
1699639200000,1.06793,1.06845,1.06729,1.06812,8550.1699
1699642800000,1.06813,1.06875,1.06789,1.06796,9936.2305
1699646400000,1.06795,1.06874,1.0677,1.06852,5502.1602
1699650000000,1.0685,1.06871,1.06825,1.06848,4161.2998
1699826400000,1.06818,1.06851,1.06799,1.06835,3432.23
1699830000000,1.06842,1.06906,1.06842,1.06905,2143.48
1699833600000,1.06902,1.06905,1.06821,1.06838,4571.98
1699837200000,1.06838,1.06886,1.0681,1.06866,4966.73
1699840800000,1.06868,1.06873,1.06814,1.06831,5031.9902
1699844400000,1.06831,1.0686,1.06816,1.06856,2794.6699
1699848000000,1.06856,1.0689,1.06841,1.06842,3162.5
1699851600000,1.06842,1.06866,1.06835,1.06857,2550.3201
1699855200000,1.06858,1.06922,1.06836,1.069,4208.8398
1699858800000,1.06901,1.06974,1.06888,1.06927,8457.4902
1699862400000,1.06924,1.06947,1.06855,1.06913,12159.9297
1699866000000,1.06914,1.07013,1.06856,1.06896,9508.1602
1699869600000,1.06895,1.06995,1.06871,1.06972,6748.4902
1699873200000,1.06973,1.0698,1.0685,1.06871,6975.8101
1699876800000,1.06872,1.06879,1.06697,1.06731,9560.8799
1699880400000,1.0673,1.06737,1.0665,1.06725,13746.0098
1699884000000,1.06726,1.06801,1.0668,1.06769,15661.71
1699887600000,1.06769,1.06927,1.06749,1.06887,24931.3203
1699891200000,1.06887,1.07038,1.06852,1.06993,12686.1299
1699894800000,1.06991,1.07061,1.06935,1.06958,9663.25
1699898400000,1.06957,1.07051,1.069,1.07016,6298.96
1699902000000,1.07017,1.07056,1.06972,1.0702,7725.2998
1699905600000,1.07019,1.07042,1.06989,1.0699,6424.79
1699909200000,1.06993,1.06994,1.06975,1.06975,3024.6599
1699912800000,1.06975,1.07014,1.06975,1.0699,2043.85
1699916400000,1.06989,1.07013,1.06978,1.07012,1451.92
1699920000000,1.07013,1.07023,1.06981,1.06996,3514.45
1699923600000,1.06998,1.07004,1.06945,1.06987,5114.6602
1699927200000,1.06987,1.07022,1.06966,1.06979,3790.52
1699930800000,1.0698,1.06983,1.06952,1.06965,4036.2
1699934400000,1.06964,1.06997,1.0696,1.06963,1945.17
1699938000000,1.06962,1.06964,1.06928,1.06955,2923.8501
1699941600000,1.06954,1.06997,1.06941,1.06991,4018.53
1699945200000,1.06992,1.07096,1.06977,1.07061,8194.4805
1699948800000,1.07061,1.07099,1.06962,1.06981,9976.3301
1699952400000,1.0698,1.07176,1.0696,1.07156,13937.3799
1699956000000,1.07157,1.07305,1.07148,1.07217,12201.8604
1699959600000,1.07217,1.07236,1.07149,1.07193,9442.3096
1699963200000,1.07193,1.07268,1.07184,1.0721,6977.1899
1699966800000,1.0721,1.08001,1.07049,1.07893,46339.25
1699970400000,1.0789,1.08355,1.07887,1.08333,56774.9688
1699974000000,1.08331,1.08423,1.0823,1.08376,37481.3008
1699977600000,1.08373,1.0864,1.08364,1.08603,23600.9199
1699981200000,1.08604,1.08736,1.08541,1.08729,16335.2598
1699984800000,1.08728,1.08765,1.08687,1.08698,9392.54
1699988400000,1.08699,1.08826,1.08677,1.08814,7413.4302
1699992000000,1.08813,1.08875,1.08774,1.08825,8095.1802
1699995600000,1.08824,1.08824,1.08755,1.08784,2410.25
1699999200000,1.08784,1.08791,1.08727,1.08729,1046.9
1700002800000,1.08743,1.08828,1.08743,1.08777,3157.48
1700006400000,1.08776,1.08782,1.08656,1.08695,11261.1904
1700010000000,1.08694,1.08741,1.08673,1.08719,6442.25
1700013600000,1.0872,1.08798,1.08707,1.08785,7527.8198
1700017200000,1.08784,1.08827,1.08759,1.0882,4507.8301
1700020800000,1.08824,1.08836,1.08777,1.08777,2034.26
1700024400000,1.08778,1.08794,1.08725,1.08727,6244.0801
1700028000000,1.08727,1.08768,1.08714,1.0873,5652.1201
1700031600000,1.08732,1.08764,1.08647,1.08727,16547.25
1700035200000,1.08728,1.08794,1.08666,1.08704,16446.7402
1700038800000,1.08704,1.08705,1.08439,1.08521,19721.7402
1700042400000,1.0852,1.08587,1.08505,1.08568,7798.96
1700046000000,1.08569,1.08681,1.08557,1.08661,6708.6401
1700049600000,1.08662,1.0868,1.08542,1.08636,9000
1700053200000,1.08636,1.08858,1.08399,1.0859,37562.5586
1700056800000,1.08589,1.0861,1.08315,1.0836,35488.1211
1700060400000,1.08359,1.08653,1.08338,1.08651,23096.4297
1700064000000,1.08652,1.08687,1.08483,1.08522,17640.6797
1700067600000,1.08522,1.08562,1.08432,1.08541,10812.8701
1700071200000,1.08539,1.08546,1.08421,1.08461,9847.6299
1700074800000,1.0846,1.0848,1.0841,1.08462,7406.9502
1700078400000,1.08463,1.0847,1.08423,1.0843,6871.1699
1700082000000,1.0843,1.08475,1.08426,1.08461,2858.7
1700085600000,1.08461,1.0851,1.08454,1.08477,3685.6924
1700089200000,1.08472,1.08541,1.08472,1.08541,1228.11
1700092800000,1.08542,1.08555,1.08507,1.08551,3866.9399
1700096400000,1.08552,1.08558,1.08419,1.08438,6832.2002
1700100000000,1.08438,1.0844,1.083,1.08333,10535.96
1700103600000,1.08333,1.08358,1.08316,1.08324,5950.3198
1700107200000,1.08326,1.08373,1.08322,1.08369,2121.3
1700110800000,1.08369,1.08395,1.08334,1.08379,3362.3
1700114400000,1.0838,1.08409,1.08363,1.08391,5770.1699
1700118000000,1.0839,1.08458,1.08339,1.08409,9265.5596
1700121600000,1.08407,1.0855,1.08383,1.08549,13089.4502
1700125200000,1.08549,1.08607,1.08479,1.08509,10935.6904
1700128800000,1.08509,1.08516,1.08429,1.0845,10853.5498
1700132400000,1.08451,1.08583,1.08446,1.08522,7508.1602
1700136000000,1.08521,1.08531,1.0839,1.08424,12899.5498
1700139600000,1.08424,1.08814,1.08416,1.0881,28306.0703
1700143200000,1.0881,1.08811,1.08583,1.0876,29608.9004
1700146800000,1.08762,1.08955,1.08717,1.08781,30969.4102
1700150400000,1.08782,1.08828,1.08463,1.08499,24294.6699
1700154000000,1.08499,1.08608,1.08472,1.08598,11335.2695
1700157600000,1.086,1.08655,1.08563,1.0859,6527.1499
1700161200000,1.08589,1.08601,1.08519,1.08556,8360.79
1700164800000,1.08557,1.08581,1.08449,1.08462,8773.9502
1700168400000,1.08463,1.08537,1.08463,1.08517,2671.99
1700172000000,1.08517,1.08526,1.08434,1.08526,6776.7998
1700175600000,1.08526,1.08556,1.0851,1.08529,1187.01
1700179200000,1.0853,1.08557,1.08487,1.08531,5151.0898
1700182800000,1.08533,1.08569,1.08505,1.08529,5084
1700186400000,1.08528,1.08569,1.08492,1.08551,4977.0898
1700190000000,1.08552,1.08569,1.08531,1.08539,5761.27
1700193600000,1.0854,1.0855,1.085,1.08502,5024.0298
1700197200000,1.08504,1.08557,1.08479,1.08531,5104.3398
1700200800000,1.08533,1.08563,1.0851,1.08511,4707.6099
1700204400000,1.08512,1.08512,1.08351,1.08383,13496.9297
1700208000000,1.08385,1.08494,1.08247,1.08482,20438.9805
1700211600000,1.08481,1.08583,1.08452,1.08528,15448.3896
1700215200000,1.08528,1.08712,1.08515,1.08706,13559.3301
1700218800000,1.08707,1.08746,1.08586,1.08662,12356.8203
1700222400000,1.0866,1.08686,1.08573,1.08631,11479.8799
1700226000000,1.08632,1.08774,1.08613,1.08711,22671.9707
1700229600000,1.0871,1.08845,1.08585,1.08691,29016.8301
1700233200000,1.08693,1.08933,1.08684,1.08867,22075.75
1700236800000,1.08868,1.089,1.08748,1.08784,19104.3594
1700240400000,1.08785,1.08912,1.08781,1.08903,9259.7998
1700244000000,1.08903,1.09045,1.08884,1.09031,7683.8198
1700247600000,1.09032,1.09035,1.08954,1.08996,9496.9199
1700251200000,1.08997,1.09091,1.08972,1.09083,9381.3896
1700254800000,1.09082,1.09148,1.09047,1.09138,5295.0098
1700431200000,1.09095,1.09109,1.09074,1.09092,2860.99
1700434800000,1.09091,1.0911,1.09054,1.09055,3941.8601
1700438400000,1.09054,1.09055,1.08974,1.09012,6817.3501
1700442000000,1.09014,1.09106,1.09014,1.09082,8576.7002
1700445600000,1.09084,1.09239,1.09081,1.09223,8674.5703
1700449200000,1.09223,1.09249,1.09176,1.09238,7144.0298
1700452800000,1.09238,1.09358,1.09217,1.0922,6365.2998
1700456400000,1.09219,1.09277,1.09185,1.09186,6460.5
1700460000000,1.09189,1.09231,1.09157,1.09169,8953.0098
1700463600000,1.09169,1.09196,1.09129,1.0916,11281.0801
1700467200000,1.0916,1.09296,1.09152,1.09191,14617.7598
1700470800000,1.09192,1.09401,1.09184,1.09366,15148.9199
1700474400000,1.09367,1.09367,1.09226,1.0926,8639.5703
1700478000000,1.0926,1.09294,1.09213,1.09228,9460.1699
1700481600000,1.09228,1.09305,1.09206,1.09297,8929.3701
1700485200000,1.09298,1.09322,1.09245,1.09264,15512.75
1700488800000,1.09265,1.09457,1.09187,1.09404,18713.7793
1700492400000,1.09405,1.09416,1.09263,1.09382,15012.0703
1700496000000,1.09381,1.0945,1.09376,1.09443,12521.9404
1700499600000,1.09442,1.09515,1.09351,1.09376,9120.4697
1700503200000,1.09376,1.09517,1.09369,1.09452,16908.25
1700506800000,1.09453,1.09471,1.09388,1.09464,7033.9702
1700510400000,1.09463,1.09475,1.09418,1.09418,5757.73
1700514000000,1.09418,1.09445,1.09393,1.09394,3314.46
1700517600000,1.09394,1.09433,1.09379,1.09406,1411.66
1700521200000,1.09413,1.09468,1.09407,1.09446,2801.46
1700524800000,1.09447,1.0952,1.09421,1.09454,6171.6699
1700528400000,1.09454,1.09574,1.0943,1.09522,12092.9502
1700532000000,1.09514,1.09621,1.09481,1.09598,9301.9697
1700535600000,1.09601,1.09641,1.09583,1.09635,6240.52
1700539200000,1.09633,1.09651,1.0958,1.09586,5240.71
1700542800000,1.09589,1.09637,1.09537,1.09558,7630.3701
1700546400000,1.0956,1.09609,1.09522,1.09585,6702.0298
1700550000000,1.09584,1.0963,1.09507,1.09538,10714.5098
1700553600000,1.09538,1.09639,1.09436,1.0946,19403.0195
1700557200000,1.09459,1.09507,1.09424,1.09436,16373.8096
1700560800000,1.09437,1.09537,1.09424,1.09452,8268.9102
1700564400000,1.09452,1.09466,1.0939,1.09392,9804.3496
1700568000000,1.09393,1.09506,1.09391,1.09481,8475.9404
1700571600000,1.09482,1.09612,1.0939,1.09449,25684.7207
1700575200000,1.0945,1.09593,1.09439,1.09529,21565.0996
1700578800000,1.09531,1.09591,1.09313,1.09341,25011.3691
1700582400000,1.09342,1.09437,1.09223,1.09228,18354.2207
1700586000000,1.09235,1.09265,1.09188,1.09209,9559.4805
1700589600000,1.09208,1.09215,1.09027,1.09082,14058.4697
1700593200000,1.09085,1.09158,1.09001,1.09151,13263.7598
1700596800000,1.09152,1.09166,1.09112,1.09117,7006.1001
1700600400000,1.09118,1.09145,1.091,1.09101,2792.6499
1700604000000,1.091,1.09125,1.09098,1.09107,763.03
1700607600000,1.09103,1.09185,1.091,1.09169,2141.5601
1700611200000,1.0917,1.09196,1.09143,1.09196,6673.6699
1700614800000,1.09195,1.09229,1.09088,1.09134,9821.5703
1700618400000,1.09135,1.09202,1.09117,1.09161,6789.1602
1700622000000,1.09159,1.0919,1.09128,1.09142,5122.5698
1700625600000,1.09142,1.09156,1.09107,1.09137,4209.8901
1700629200000,1.09136,1.09145,1.0905,1.09072,7166.6099
1700632800000,1.09072,1.09075,1.08956,1.09003,10661.8604
1700636400000,1.09001,1.09166,1.08998,1.09145,9320.8301
1700640000000,1.09145,1.09197,1.08826,1.08855,19131
1700643600000,1.08854,1.09121,1.08851,1.09025,13611.5596
1700647200000,1.09024,1.09056,1.0895,1.09008,12769.1699
1700650800000,1.09008,1.09078,1.08978,1.08999,12053
1700654400000,1.09,1.09121,1.0898,1.09066,13286.0996
1700658000000,1.09064,1.09177,1.08913,1.0896,33337.6797
1700661600000,1.08963,1.08984,1.08713,1.08744,38095.4688
1700665200000,1.08744,1.08744,1.08522,1.08657,34560.2305
1700668800000,1.08657,1.08733,1.08614,1.08703,14866.7002
1700672400000,1.08704,1.08835,1.08687,1.08786,9752.8799
1700676000000,1.08784,1.0887,1.08775,1.08846,8395.4004
1700679600000,1.08845,1.08878,1.08798,1.08838,10545.9502
1700683200000,1.08838,1.08882,1.08817,1.08873,5663.2002
1700686800000,1.08873,1.08893,1.08861,1.08881,2766.8601
1700690400000,1.08875,1.08875,1.08838,1.08859,878.5
1700694000000,1.08858,1.08883,1.08834,1.08878,1029.35
1700697600000,1.0888,1.08924,1.08878,1.08919,2751.8701
1700701200000,1.08919,1.08958,1.08885,1.08948,4874.96
1700704800000,1.0895,1.09046,1.08946,1.09035,3855.72
1700708400000,1.09035,1.09057,1.09014,1.09049,2955.8999
1700712000000,1.0905,1.09054,1.09019,1.09025,2547.25
1700715600000,1.09025,1.09116,1.09009,1.09105,3674.45
1700719200000,1.09106,1.09176,1.09065,1.09083,5707.3599
1700722800000,1.09082,1.09147,1.09055,1.09138,7913.1699
1700726400000,1.09137,1.09303,1.08955,1.09175,26073.9102
1700730000000,1.09179,1.09237,1.09055,1.09231,23657.8105
1700733600000,1.09231,1.0924,1.09151,1.09189,8864.5596
1700737200000,1.09193,1.09198,1.09122,1.09146,10107.2695
1700740800000,1.09146,1.09151,1.09002,1.09033,9029.6904
1700744400000,1.09033,1.09055,1.08967,1.09017,9964.6504
1700748000000,1.09016,1.09029,1.0887,1.08962,13360.79
1700751600000,1.08962,1.09104,1.08959,1.09097,9001.4297
1700755200000,1.09096,1.09099,1.09027,1.09061,5786.1401
1700758800000,1.09062,1.09069,1.09024,1.09057,2254.72
1700762400000,1.09057,1.0906,1.09032,1.09035,808.61
1700766000000,1.09035,1.09073,1.09034,1.09036,1106.83
1700769600000,1.09037,1.09064,1.09026,1.09055,1125.38
1700773200000,1.09053,1.09067,1.09021,1.09037,606.45
1700776800000,1.09037,1.09067,1.09037,1.09064,1364.13
1700780400000,1.09064,1.0907,1.09036,1.09038,1592.79
1700784000000,1.09037,1.09098,1.09028,1.09067,4549.0898
1700787600000,1.09069,1.09102,1.09012,1.09019,7269.3198
1700791200000,1.09019,1.09034,1.08951,1.08954,6043.4199
1700794800000,1.08953,1.08994,1.08949,1.0899,2521.1799
1700798400000,1.08992,1.09035,1.08973,1.09035,3756.8601
1700802000000,1.09035,1.09119,1.09034,1.09116,4501.3301
1700805600000,1.09116,1.09116,1.09038,1.09073,4318.71
1700809200000,1.09073,1.09108,1.0903,1.09079,6524.5698
1700812800000,1.09079,1.09193,1.09052,1.09189,13084.5898
1700816400000,1.09187,1.09207,1.09014,1.09027,11633.2197
1700820000000,1.09028,1.09102,1.09017,1.09096,6832.6001
1700823600000,1.09094,1.09165,1.09067,1.09141,8631.1104
1700827200000,1.09141,1.09282,1.09121,1.09166,9035.54
1700830800000,1.09167,1.09225,1.09068,1.09219,13917.9902
1700834400000,1.09219,1.09385,1.09173,1.09367,17871.4492
1700838000000,1.09366,1.09452,1.09342,1.09398,17774.6406
1700841600000,1.09397,1.09414,1.093,1.09332,12493.7305
1700845200000,1.09332,1.09406,1.09282,1.09404,6166.04
1700848800000,1.09405,1.09486,1.094,1.09475,3127.3201
1700852400000,1.09476,1.09476,1.09381,1.09459,10121.7695
1700856000000,1.09458,1.09475,1.09407,1.09434,2350.6101
1700859600000,1.09435,1.0946,1.09341,1.09341,4248.1699
1701036000000,1.09438,1.09456,1.09424,1.09442,1103.6
1701039600000,1.09443,1.09474,1.09384,1.09396,3532.3999
1701043200000,1.09397,1.09405,1.09285,1.09286,6158.5601
1701046800000,1.09287,1.09496,1.09267,1.09467,8421.1602
1701050400000,1.09468,1.09471,1.09379,1.09428,6656.1499
1701054000000,1.0943,1.09457,1.09392,1.09452,6020.52
1701057600000,1.09453,1.09497,1.09419,1.09473,3786
1701061200000,1.09472,1.09504,1.09442,1.09493,4487.1499
1701064800000,1.09494,1.0956,1.0948,1.095,5305.75
1701068400000,1.09501,1.09592,1.09454,1.09475,11146.9805
1701072000000,1.09474,1.09521,1.09392,1.09429,13474.9404
1701075600000,1.09429,1.09522,1.09409,1.09483,9132.6299
1701079200000,1.09483,1.09564,1.09454,1.09546,10014.6104
1701082800000,1.09545,1.09555,1.09456,1.09536,7119
1701086400000,1.09537,1.09551,1.09458,1.09496,9209.71
1701090000000,1.09497,1.09551,1.09435,1.09438,29109.0098
1701093600000,1.09437,1.09449,1.09254,1.09281,20817.2793
1701097200000,1.0928,1.09392,1.09251,1.09326,31939.1094
1701100800000,1.09327,1.09377,1.09278,1.09363,22502.2793
1701104400000,1.09362,1.09383,1.09293,1.09343,8874.7803
1701108000000,1.09341,1.09424,1.09322,1.0942,9253.2305
1701111600000,1.09422,1.09566,1.09421,1.09562,6993.8901
1701115200000,1.09562,1.09574,1.09506,1.09568,7743.23
1701118800000,1.09569,1.09569,1.09519,1.09531,4445.3101
1701122400000,1.09528,1.0956,1.095,1.09537,1321.29
1701126000000,1.09536,1.09591,1.09536,1.09589,2328.02
1701129600000,1.09589,1.09615,1.09553,1.0958,5875.8901
1701133200000,1.0958,1.09617,1.09541,1.09577,8040.1001
1701136800000,1.09577,1.09628,1.09533,1.09576,6343.6401
1701140400000,1.09576,1.09591,1.09543,1.0955,4385.8398
1701144000000,1.0955,1.09552,1.0952,1.09524,3079.21
1701147600000,1.09523,1.09533,1.09498,1.0951,4321.4302
1701151200000,1.0951,1.0952,1.0946,1.09469,4136.0801
1701154800000,1.09468,1.09474,1.09344,1.09358,11338.2305
1701158400000,1.09358,1.095,1.09358,1.09474,14352.4004
1701162000000,1.09474,1.0955,1.09468,1.09536,13009.9502
1701165600000,1.09535,1.09568,1.09465,1.0952,11256.1299
1701169200000,1.0952,1.09575,1.09486,1.09499,7543.02
1701172800000,1.09499,1.09624,1.09472,1.09507,10371.2305
1701176400000,1.09507,1.09738,1.09454,1.09723,27041.9609
1701180000000,1.09721,1.09847,1.09641,1.09788,31444.8301
1701183600000,1.09787,1.10019,1.09679,1.09809,36447.2891
1701187200000,1.09809,1.10058,1.09775,1.10051,31921.2793
1701190800000,1.10055,1.10088,1.09852,1.09868,21115.3008
1701194400000,1.09869,1.09881,1.09732,1.09811,15969.7002
1701198000000,1.09811,1.09936,1.09811,1.09911,9673.6904
1701201600000,1.0991,1.09912,1.09759,1.09882,8813.8701
1701205200000,1.0988,1.09953,1.09859,1.09918,2858.4299
1701208800000,1.09918,1.09953,1.09904,1.09936,1751.84
1701212400000,1.09936,1.10055,1.0993,1.10039,3722.96
1701216000000,1.10041,1.10076,1.09975,1.10059,6628.3799
1701219600000,1.10061,1.10171,1.10048,1.1006,12852.6504
1701223200000,1.10062,1.10084,1.09978,1.10065,10769.1699
1701226800000,1.10065,1.10076,1.09982,1.09984,5113.1001
1701230400000,1.09983,1.10033,1.09967,1.10025,5161.8599
1701234000000,1.10024,1.10043,1.09979,1.1002,5908.4399
1701237600000,1.10018,1.10045,1.09962,1.10011,8656.9697
1701241200000,1.1001,1.1001,1.09819,1.09845,16761.6602
1701244800000,1.09845,1.09983,1.09764,1.09897,28877.6094
1701248400000,1.09893,1.09906,1.09717,1.09744,19675.5293
1701252000000,1.09744,1.09777,1.09691,1.09766,11559.0996
1701255600000,1.09766,1.09849,1.09712,1.09847,10730.4004
1701259200000,1.09845,1.09886,1.0979,1.0985,12244.2402
1701262800000,1.09852,1.09948,1.09717,1.09726,34979.8086
1701266400000,1.09726,1.09907,1.09643,1.09766,31698.3691
1701270000000,1.09767,1.09909,1.09601,1.09747,34905.9883
1701273600000,1.09746,1.09777,1.09615,1.09683,17142.4199
1701277200000,1.09683,1.09783,1.0966,1.09759,9513.0303
1701280800000,1.09758,1.09855,1.09723,1.09844,8747.3301
1701284400000,1.09844,1.09947,1.09771,1.09831,10245.5303
1701288000000,1.0983,1.09838,1.09711,1.09723,9305.4297
1701291600000,1.09725,1.09746,1.09682,1.09686,2581.8
1701295200000,1.09681,1.09723,1.09678,1.09714,2492.3401
1701298800000,1.09716,1.09741,1.09702,1.09732,1430.2
1701302400000,1.09731,1.09838,1.0972,1.09825,4497.9702
1701306000000,1.09825,1.09825,1.09685,1.09695,8401.2002
1701309600000,1.09694,1.09778,1.09672,1.09765,7489.2002
1701313200000,1.09764,1.09772,1.0973,1.09742,2913.48
1701316800000,1.09742,1.09761,1.09682,1.09689,4874.4199
1701320400000,1.0969,1.0973,1.09651,1.09722,5301.9702
1701324000000,1.09722,1.09817,1.0972,1.09786,6737.25
1701327600000,1.09787,1.09787,1.09404,1.09514,17289.5898
1701331200000,1.09515,1.09592,1.09204,1.09232,21061.9199
1701334800000,1.09231,1.09388,1.092,1.09249,20312.1504
1701338400000,1.09248,1.09303,1.09095,1.0918,13614.04
1701342000000,1.0918,1.09193,1.0909,1.09157,12098.2598
1701345600000,1.09157,1.09318,1.0911,1.09254,11169.9502
1701349200000,1.09255,1.09496,1.0914,1.09157,36588.3906
1701352800000,1.09159,1.09224,1.08924,1.09084,40293.2617
1701356400000,1.09085,1.09182,1.08941,1.0911,41682.3906
1701360000000,1.0911,1.09168,1.09016,1.09068,28513.5
1701363600000,1.09067,1.09121,1.08881,1.08901,16223.4902
1701367200000,1.089,1.08998,1.08836,1.08894,8769.9902
1701370800000,1.08895,1.08947,1.08848,1.08901,9402.75
1701374400000,1.089,1.08919,1.08794,1.08849,12421.9297
1701378000000,1.08849,1.08912,1.08837,1.08865,3432.6799
1701381600000,1.08854,1.08914,1.08814,1.08912,4396.04
1701385200000,1.08911,1.08946,1.08894,1.08916,2308.9399
1701388800000,1.08917,1.09029,1.08916,1.09017,6182.2202
1701392400000,1.09017,1.091,1.09013,1.09069,10436.5703
1701396000000,1.09068,1.09127,1.09062,1.09076,5776.8901
1701399600000,1.09077,1.09094,1.08997,1.09006,5753.1499
1701403200000,1.09005,1.09066,1.08982,1.09066,3556.95
1701406800000,1.09066,1.09122,1.09048,1.09109,5588.1802
1701410400000,1.09107,1.09117,1.09062,1.09087,7024.7202
1701414000000,1.09087,1.09118,1.08944,1.08946,13952.9902
1701417600000,1.08949,1.09029,1.0886,1.08933,21101.6602
1701421200000,1.08929,1.09046,1.08896,1.08978,21244.9297
1701424800000,1.08977,1.09037,1.08853,1.08906,9396.1104
1701428400000,1.08906,1.08973,1.08826,1.08973,13346.7803
1701432000000,1.08974,1.0901,1.08756,1.08766,13341.2305
1701435600000,1.08767,1.08846,1.08662,1.08675,25029.7695
1701439200000,1.08674,1.08702,1.08415,1.08439,24390.4004
1701442800000,1.0844,1.08663,1.08327,1.08378,41303.4883
1701446400000,1.08377,1.08854,1.08287,1.08772,41547.2383
1701450000000,1.08771,1.08842,1.08716,1.08816,28740.2695
1701453600000,1.08815,1.08928,1.08785,1.0889,19529.1309
1701457200000,1.08891,1.08925,1.087,1.08719,11730.3096
1701460800000,1.08721,1.08797,1.08707,1.08793,6303.3901
1701464400000,1.08794,1.08846,1.08776,1.08788,5313.2998
1701640800000,1.08771,1.08896,1.08766,1.08829,2471.1201
1701644400000,1.08834,1.08948,1.08795,1.08857,12474.8096
1701648000000,1.08858,1.08865,1.08699,1.08716,12288.8301
1701651600000,1.08715,1.08772,1.08665,1.08731,15461.7998
1701655200000,1.0873,1.08843,1.08699,1.08826,8084.23
1701658800000,1.08826,1.08858,1.088,1.08801,6946.02
1701662400000,1.088,1.08805,1.08699,1.08714,8039.9199
1701666000000,1.08715,1.08726,1.08682,1.08693,6483.9502
1701669600000,1.08692,1.08764,1.08668,1.08686,8932.8799
1701673200000,1.08686,1.0869,1.08498,1.08538,17062.6602
1701676800000,1.08538,1.0873,1.08538,1.08638,21323.4395
1701680400000,1.08639,1.08807,1.08627,1.08746,16983.1602
1701684000000,1.08746,1.08756,1.08587,1.08681,11660.1299
1701687600000,1.08681,1.08788,1.08677,1.0869,10933.8496
1701691200000,1.0869,1.08724,1.08594,1.08691,9552
1701694800000,1.0869,1.08759,1.08533,1.08544,21092.3008
1701698400000,1.08544,1.0855,1.08196,1.08396,29078.9395
1701702000000,1.08396,1.08434,1.0804,1.08147,34802.2383
1701705600000,1.08148,1.08247,1.08116,1.0823,22134.6797
1701709200000,1.08229,1.08267,1.08176,1.08256,13185.0596
1701712800000,1.08256,1.08265,1.0815,1.08165,11074.7402
1701716400000,1.08166,1.0829,1.08159,1.08276,7740.21
1701720000000,1.08276,1.08354,1.08276,1.08339,7314.21
1701723600000,1.0834,1.08368,1.08331,1.08356,2222.4099
1701727200000,1.08351,1.08354,1.0831,1.08346,1604.83
1701730800000,1.08346,1.08377,1.0834,1.08373,2546.28
1701734400000,1.08373,1.08461,1.08363,1.08433,6216.0298
1701738000000,1.08433,1.08443,1.08345,1.08391,8158.4702
1701741600000,1.08391,1.08427,1.08346,1.08365,6429.3599
1701745200000,1.08365,1.0843,1.08361,1.08404,6715.4199
1701748800000,1.08403,1.08444,1.08393,1.0844,3509.1299
1701752400000,1.0844,1.08474,1.08397,1.08473,4906.6899
1701756000000,1.08473,1.08474,1.08316,1.0834,10158.1797
1701759600000,1.08338,1.08338,1.0804,1.08071,20679.9102
1701763200000,1.08071,1.08342,1.08059,1.08338,21734.0098
1701766800000,1.08338,1.08425,1.08305,1.08318,19885.8398
1701770400000,1.08318,1.08396,1.08295,1.08322,15684.2803
1701774000000,1.08324,1.08365,1.08152,1.08187,14429.0498
1701777600000,1.08187,1.08215,1.08123,1.08141,11865.0303
1701781200000,1.0814,1.08338,1.08136,1.08285,21648.5996
1701784800000,1.08284,1.08302,1.08014,1.08091,34528.7695
1701788400000,1.08091,1.08388,1.0799,1.08055,53425
1701792000000,1.08055,1.08132,1.07819,1.07859,24119.0293
1701795600000,1.07859,1.07975,1.07856,1.07918,17036.7695
1701799200000,1.07919,1.0793,1.07781,1.07849,11168.3203
1701802800000,1.07848,1.07864,1.0781,1.07838,9428.5996
1701806400000,1.07839,1.07978,1.07818,1.07951,6539.98
1701810000000,1.07952,1.07987,1.07935,1.07954,1688.77
1701813600000,1.0795,1.07981,1.07913,1.07973,4437.4302
1701817200000,1.07973,1.07973,1.07907,1.07932,2220.3
1701820800000,1.07933,1.07965,1.07892,1.07952,5402.4702
1701824400000,1.07953,1.07984,1.07879,1.0792,8751.9004
1701828000000,1.07919,1.07935,1.07881,1.0792,6322.6602
1701831600000,1.07921,1.07985,1.07916,1.07966,3928.46
1701835200000,1.07965,1.07996,1.07935,1.07943,4717.98
1701838800000,1.07942,1.08017,1.07916,1.08011,4603.6401
1701842400000,1.08011,1.08011,1.07876,1.07877,6296.8501
1701846000000,1.07876,1.07933,1.0778,1.07901,16645.5703
1701849600000,1.07898,1.07901,1.0775,1.07866,20003.3398
1701853200000,1.07863,1.07977,1.0786,1.0791,15939.1504
1701856800000,1.07911,1.0796,1.07875,1.07908,11856.3604
1701860400000,1.07907,1.07907,1.0778,1.07798,11667.71
1701864000000,1.07798,1.07805,1.07725,1.07773,11869.3398
1701867600000,1.07772,1.07996,1.0777,1.07981,27839.4004
1701871200000,1.07979,1.08047,1.07886,1.07947,24534.75
1701874800000,1.07946,1.08004,1.07854,1.079,26398.3203
1701878400000,1.07899,1.08002,1.07836,1.07891,18165.2598
1701882000000,1.0789,1.07918,1.07808,1.07815,12715.25
1701885600000,1.07814,1.07842,1.07711,1.07782,9183.7695
1701889200000,1.07782,1.07787,1.07671,1.07684,7375.3101
1701892800000,1.07683,1.07695,1.07586,1.07621,6886.5801
1701896400000,1.07621,1.07661,1.07619,1.07636,2713.6001
1701900000000,1.07631,1.07682,1.07631,1.07671,3603.05
1701903600000,1.0767,1.07674,1.07644,1.07661,2303.3799
1701907200000,1.07664,1.07721,1.07655,1.07687,4336.4102
1701910800000,1.07686,1.07711,1.0764,1.07671,7576.6401
1701914400000,1.0767,1.07708,1.0762,1.07649,6580.9502
1701918000000,1.07648,1.07654,1.07593,1.07596,7044.71
1701921600000,1.07595,1.07626,1.0758,1.07603,8918.8398
1701925200000,1.07604,1.07629,1.07569,1.07616,6428.5601
1701928800000,1.07616,1.07667,1.07585,1.07639,8821.1201
1701932400000,1.07638,1.07811,1.07552,1.07807,19129.4492
1701936000000,1.07808,1.07827,1.07719,1.07801,21341.5605
1701939600000,1.07801,1.07845,1.07717,1.07797,17502.4004
1701943200000,1.07797,1.07832,1.07638,1.07711,19282.3398
1701946800000,1.07711,1.07772,1.07636,1.07707,15936.3496
1701950400000,1.07706,1.07742,1.07593,1.07692,14763.71
1701954000000,1.07691,1.07979,1.07611,1.07901,39821.7813
1701957600000,1.07902,1.07916,1.07703,1.07703,31861.1094
1701961200000,1.07702,1.07934,1.0767,1.07839,31548.6094
1701964800000,1.07839,1.07955,1.07839,1.07937,29025.8906
1701968400000,1.07936,1.08175,1.0789,1.08137,20516.4707
1701972000000,1.08136,1.08137,1.08027,1.08053,13720.6904
1701975600000,1.08053,1.08061,1.07981,1.07981,8089.6401
1701979200000,1.07982,1.08037,1.07951,1.07953,5335.0098
1701982800000,1.07953,1.07962,1.07905,1.07933,4414.5601
1701986400000,1.07931,1.07974,1.07907,1.07919,6284.9502
1701990000000,1.07924,1.07967,1.07894,1.07895,2761.49
1701993600000,1.07896,1.07979,1.07884,1.07959,11942.8799
1701997200000,1.0796,1.08005,1.07852,1.0788,18118.2109
1702000800000,1.0788,1.07898,1.07836,1.07894,8740.1299
1702004400000,1.07895,1.07955,1.07879,1.07919,9208.9199
1702008000000,1.07917,1.07919,1.07827,1.07829,8984.2695
1702011600000,1.07828,1.07891,1.07823,1.07838,8552.3799
1702015200000,1.07836,1.07872,1.07787,1.07792,7421.5698
1702018800000,1.07795,1.07824,1.0773,1.07791,16173.4102
1702022400000,1.07792,1.07911,1.07768,1.07893,22298.1094
1702026000000,1.07892,1.07893,1.07723,1.07767,19107.2305
1702029600000,1.07767,1.07898,1.07752,1.0784,13511.96
1702033200000,1.0784,1.07873,1.0778,1.07827,13297.7695
1702036800000,1.07827,1.07859,1.07751,1.07773,10123.8896
1702040400000,1.07772,1.07797,1.07236,1.07469,49218.4609
1702044000000,1.07469,1.07531,1.07304,1.0746,42653.3086
1702047600000,1.07464,1.07856,1.07464,1.07682,44006.4219
1702051200000,1.07683,1.07703,1.07437,1.07447,21567.0293
1702054800000,1.07448,1.07575,1.07402,1.0756,13292.0195
1702058400000,1.0756,1.07623,1.07528,1.07571,8298.7998
1702062000000,1.07572,1.07616,1.07565,1.07587,6773.4102
1702065600000,1.07587,1.07664,1.07569,1.07636,5543.2002
1702069200000,1.07636,1.07642,1.07578,1.07592,5284.6401
1702245600000,1.07592,1.07617,1.07556,1.07611,1080.1801
1702249200000,1.07614,1.07676,1.07614,1.07651,2773.1101
1702252800000,1.07653,1.07734,1.0765,1.07719,6570.5298
1702256400000,1.0772,1.07739,1.07671,1.07674,9672.04
1702260000000,1.07673,1.07679,1.07639,1.0766,5571.8999
1702263600000,1.0766,1.07678,1.07635,1.07649,3449.45
1702267200000,1.07648,1.0765,1.07608,1.0763,3653.3101
1702270800000,1.07629,1.07683,1.0762,1.07679,3360.8301
1702274400000,1.07678,1.07709,1.07665,1.07694,5040.3501
1702278000000,1.07694,1.07694,1.0753,1.07557,15723.1904
1702281600000,1.07557,1.07706,1.07513,1.07651,16253.2695
1702285200000,1.0765,1.07679,1.07573,1.07669,12318.7197
1702288800000,1.07668,1.07789,1.07667,1.07733,11834.7002
1702292400000,1.07732,1.07779,1.07635,1.07682,12096.3896
1702296000000,1.07681,1.07704,1.07553,1.07611,10499.9697
1702299600000,1.0761,1.07666,1.07522,1.07635,15577.4199
1702303200000,1.07636,1.07636,1.07439,1.0753,22804.0391
1702306800000,1.0753,1.076,1.07417,1.07441,19160.3398
1702310400000,1.07442,1.07496,1.07415,1.07459,14123.2803
1702314000000,1.07458,1.0755,1.07432,1.0744,9741.8896
1702317600000,1.0744,1.0765,1.07425,1.07634,14462.1699
1702321200000,1.07634,1.07696,1.07607,1.07612,10239.6699
1702324800000,1.07612,1.07649,1.07605,1.07646,5383.23
1702328400000,1.07645,1.0765,1.07636,1.0764,3410.47
1702332000000,1.0764,1.07643,1.07586,1.07635,2314.0901
1702335600000,1.07634,1.07654,1.07632,1.07653,1300.88
1702339200000,1.07653,1.0766,1.07633,1.07649,5172.6201
1702342800000,1.07649,1.07696,1.07641,1.07648,5491.5898
1702346400000,1.07647,1.07703,1.07615,1.07617,3878.3601
1702350000000,1.07616,1.07692,1.07612,1.07682,3719.3501
1702353600000,1.07682,1.07693,1.07641,1.07651,2789.6201
1702357200000,1.07654,1.07709,1.07653,1.07689,4078.04
1702360800000,1.07692,1.07798,1.07685,1.07793,5096.0898
1702364400000,1.07792,1.07832,1.07738,1.07777,11281.8301
1702368000000,1.07777,1.0792,1.07731,1.07852,13358.4697
1702371600000,1.07852,1.07975,1.07805,1.07932,12751.5195
1702375200000,1.07931,1.08072,1.07926,1.0801,14136.71
1702378800000,1.08011,1.08016,1.07921,1.07963,8304.1396
1702382400000,1.07963,1.08058,1.07956,1.07981,8901.8301
1702386000000,1.07981,1.08279,1.07735,1.07766,49061.4297
1702389600000,1.07764,1.08001,1.07671,1.07742,43510.1797
1702393200000,1.07742,1.07898,1.07692,1.07842,25622.0703
1702396800000,1.07846,1.07931,1.0781,1.07887,13702.6797
1702400400000,1.07888,1.07956,1.07839,1.0788,9088.4805
1702404000000,1.07879,1.07986,1.07868,1.07931,14792.8203
1702407600000,1.07931,1.07936,1.07875,1.07902,6971.9702
1702411200000,1.07901,1.07983,1.07891,1.07971,8132.1201
1702414800000,1.07971,1.07991,1.07937,1.07937,4244.9302
1702418400000,1.07937,1.07959,1.07934,1.07959,2981.5
1702422000000,1.07959,1.07992,1.07952,1.07982,1547.52
1702425600000,1.07983,1.07998,1.07913,1.07939,4563.1401
1702429200000,1.07938,1.07961,1.07912,1.07934,5920.2202
1702432800000,1.07933,1.07939,1.07842,1.07874,6623.0801
1702436400000,1.07874,1.07884,1.07844,1.07873,2929.71
1702440000000,1.07872,1.07896,1.07857,1.07862,3380.26
1702443600000,1.07864,1.07911,1.07864,1.079,3734.3899
1702447200000,1.079,1.07922,1.0781,1.07838,6595.4302
1702450800000,1.07841,1.07889,1.07801,1.07853,10759.9199
1702454400000,1.07851,1.07928,1.07827,1.07893,14538.9805
1702458000000,1.07892,1.07917,1.07806,1.07872,12347.29
1702461600000,1.07872,1.07873,1.07731,1.07777,12244.2002
1702465200000,1.07776,1.07849,1.07737,1.07836,8106.6099
1702468800000,1.07836,1.07895,1.0781,1.07817,9484.9297
1702472400000,1.07819,1.08036,1.07819,1.08005,22694.6094
1702476000000,1.08003,1.08093,1.07825,1.07911,25307.6797
1702479600000,1.07909,1.07956,1.07844,1.07944,17012.8594
1702483200000,1.07945,1.07967,1.07856,1.07919,11723.9902
1702486800000,1.0792,1.07939,1.07831,1.07841,9271.8604
1702490400000,1.07839,1.07896,1.07799,1.07856,8217.54
1702494000000,1.07853,1.08914,1.07832,1.08878,84871.8438
1702497600000,1.08881,1.08965,1.08648,1.08812,43738.6914
1702501200000,1.08812,1.08839,1.08728,1.08728,7265.1899
1702504800000,1.08728,1.08826,1.08707,1.08761,4584.3999
1702508400000,1.0876,1.08847,1.08756,1.08825,4579.4199
1702512000000,1.08826,1.0895,1.08791,1.08931,13800.9102
1702515600000,1.08932,1.08983,1.08854,1.08964,15445.7998
1702519200000,1.08965,1.0905,1.08931,1.09044,10726.7402
1702522800000,1.09045,1.09153,1.09043,1.09058,11918.8096
1702526400000,1.09058,1.09095,1.08992,1.08993,12118.9404
1702530000000,1.08993,1.08999,1.0893,1.08938,11807.5801
1702533600000,1.08938,1.0903,1.08938,1.09013,13640.9502
1702537200000,1.09015,1.09079,1.08808,1.08809,29639.7109
1702540800000,1.08811,1.09049,1.088,1.09018,31631.4609
1702544400000,1.09017,1.0913,1.09,1.09039,25493.0098
1702548000000,1.09039,1.09142,1.08982,1.09131,16159.1699
1702551600000,1.09131,1.09317,1.0913,1.09296,16799.4395
1702555200000,1.09295,1.09397,1.0923,1.09237,27063.9609
1702558800000,1.0924,1.09512,1.09062,1.09439,52112.2813
1702562400000,1.09438,1.09926,1.09359,1.09908,51468.0195
1702566000000,1.0991,1.09972,1.09681,1.09935,38542.9492
1702569600000,1.09936,1.1003,1.09905,1.09961,23442.7207
1702573200000,1.09962,1.10092,1.09891,1.10048,16527.2305
1702576800000,1.1005,1.10059,1.09821,1.09827,20847.8906
1702580400000,1.09827,1.09952,1.09795,1.0992,15891.6104
1702584000000,1.09922,1.09968,1.09879,1.09928,10666.9297
1702587600000,1.09928,1.09935,1.0988,1.09915,6323.2798
1702591200000,1.09915,1.0995,1.09906,1.09914,5121.3701
1702594800000,1.09915,1.09964,1.09898,1.09932,5348.8101
1702598400000,1.09934,1.09942,1.09768,1.09829,9652.96
1702602000000,1.0983,1.09895,1.09817,1.09845,10813.4805
1702605600000,1.09845,1.09986,1.09845,1.09973,8357.8096
1702609200000,1.09972,1.10007,1.09936,1.09989,5670.7402
1702612800000,1.09991,1.10036,1.09967,1.0998,6232.6899
1702616400000,1.0998,1.09981,1.09835,1.09842,11736.3301
1702620000000,1.09843,1.09878,1.09806,1.09872,9456.0303
1702623600000,1.09874,1.09953,1.09829,1.09938,16823.5703
1702627200000,1.09938,1.09992,1.0946,1.0956,38034.3516
1702630800000,1.0956,1.09675,1.09491,1.09603,19160.4707
1702634400000,1.09602,1.09675,1.09566,1.09643,14597.0996
1702638000000,1.09642,1.09693,1.09567,1.09683,12205.71
1702641600000,1.09684,1.09694,1.09407,1.09432,12596.5801
1702645200000,1.09434,1.09482,1.09041,1.09164,32655.8691
1702648800000,1.09164,1.09282,1.09103,1.09196,45191.2188
1702652400000,1.09198,1.09235,1.0905,1.09157,31226.9707
1702656000000,1.09157,1.09166,1.09015,1.09053,18360.8809
1702659600000,1.09053,1.09163,1.09042,1.09103,12522.4902
1702663200000,1.09102,1.09108,1.08885,1.08937,14616.9805
1702666800000,1.08936,1.08996,1.08898,1.08995,13451.5498
1702670400000,1.08995,1.0909,1.08941,1.08941,8134.4302
1702674000000,1.08942,1.08964,1.0892,1.08922,7484.9199
1702850400000,1.08973,1.0898,1.0895,1.0895,1056.78
1702854000000,1.08952,1.08973,1.0892,1.08948,5354.4399
1702857600000,1.08948,1.09013,1.08939,1.09004,5878.5601
1702861200000,1.09005,1.09005,1.08945,1.08973,6711.5601
1702864800000,1.08974,1.09052,1.08973,1.09038,6018.46
1702868400000,1.09038,1.09136,1.0903,1.09109,5268.0498
1702872000000,1.09109,1.0913,1.09089,1.09128,4429.27
1702875600000,1.0913,1.09157,1.09106,1.09153,5872.1099
1702879200000,1.09153,1.09199,1.09117,1.09184,6696.8599
1702882800000,1.09183,1.09299,1.09161,1.09216,10971.5703
1702886400000,1.09215,1.09236,1.09158,1.0918,16155.29
1702890000000,1.0918,1.09282,1.09138,1.09196,14260.8398
1702893600000,1.09195,1.09207,1.09081,1.09102,12010.21
1702897200000,1.09103,1.09135,1.09071,1.09127,11221.7197
1702900800000,1.09129,1.09175,1.0909,1.09136,12921.6201
1702904400000,1.09136,1.09291,1.09136,1.09211,19765.2109
1702908000000,1.09213,1.09309,1.09205,1.0929,21102.2305
1702911600000,1.09291,1.09311,1.09109,1.09141,25544.25
1702915200000,1.0914,1.09247,1.09132,1.09189,17118.1992
1702918800000,1.09188,1.09279,1.09184,1.09276,10933.4297
1702922400000,1.09275,1.09279,1.09199,1.09231,9501.6396
1702926000000,1.09232,1.09233,1.09131,1.09166,7166.77
1702929600000,1.09167,1.09197,1.09137,1.09195,6448.9199
1702933200000,1.09195,1.09242,1.09174,1.09228,4291.5098
1702936800000,1.09228,1.09232,1.0918,1.09212,3315.05
1702940400000,1.09214,1.09243,1.09191,1.09231,3310.29
1702944000000,1.09231,1.09246,1.09178,1.09201,6472.0498
1702947600000,1.09202,1.09259,1.09175,1.09186,6446.6802
1702951200000,1.09187,1.09229,1.09148,1.09216,11252.4004
1702954800000,1.09215,1.09289,1.09202,1.09254,10100.0898
1702958400000,1.09255,1.0927,1.09201,1.0923,4983.8799
1702962000000,1.09229,1.09283,1.09207,1.09278,5573.7598
1702965600000,1.09277,1.09309,1.0923,1.09276,11569.7598
1702969200000,1.09276,1.09412,1.09238,1.09283,17360.5703
1702972800000,1.09285,1.09423,1.09272,1.09407,15774.5596
1702976400000,1.09407,1.09493,1.09389,1.09412,14885.5801
1702980000000,1.09412,1.09452,1.0936,1.09381,12676.3096
1702983600000,1.09381,1.09397,1.09304,1.09372,9278.8398
1702987200000,1.09371,1.09707,1.09371,1.09686,15529.7197
1702990800000,1.09685,1.09737,1.09537,1.0962,23672.75
1702994400000,1.0962,1.09841,1.0959,1.09791,26780.4492
1702998000000,1.09791,1.09873,1.09692,1.09858,30894.4102
1703001600000,1.09858,1.09862,1.09723,1.09769,17558.9609
1703005200000,1.09769,1.09793,1.09725,1.09748,9584.0303
1703008800000,1.09747,1.09763,1.09693,1.09749,9497.1699
1703012400000,1.09749,1.0978,1.09723,1.09761,6410.8398
1703016000000,1.09763,1.09784,1.0972,1.09783,7253.6499
1703019600000,1.09784,1.09809,1.09763,1.09805,4213.79
1703023200000,1.09808,1.09843,1.0977,1.09828,1408.15
1703026800000,1.09827,1.09828,1.09777,1.09792,2896.3999
1703030400000,1.09793,1.09793,1.09716,1.0973,5775.3398
1703034000000,1.0973,1.09742,1.09678,1.09698,6642.8301
1703037600000,1.09698,1.09727,1.09672,1.09701,5810.0801
1703041200000,1.09702,1.09713,1.0968,1.09698,4645.71
1703044800000,1.09698,1.09708,1.09658,1.09686,4795.8901
1703048400000,1.09686,1.09692,1.09644,1.09648,4346.3799
1703052000000,1.09649,1.0965,1.09555,1.09589,6688.96
1703055600000,1.09589,1.09703,1.09506,1.09668,17254.2793
1703059200000,1.09665,1.09713,1.09581,1.09607,23548.2598
1703062800000,1.09608,1.09654,1.0953,1.09643,11171.3496
1703066400000,1.09643,1.09652,1.0947,1.09525,10794.8496
1703070000000,1.09524,1.09561,1.09356,1.09374,10376.9502
1703073600000,1.09375,1.0942,1.09339,1.09368,13942.5498
1703077200000,1.09367,1.09629,1.09358,1.09605,17031.5098
1703080800000,1.09607,1.09721,1.0959,1.09702,24519.1992
1703084400000,1.09702,1.09748,1.09535,1.09738,22711.2109
1703088000000,1.09739,1.09756,1.09546,1.09564,14530.6396
1703091600000,1.09564,1.09604,1.09496,1.09578,11999.4297
1703095200000,1.09577,1.09636,1.0955,1.09597,8155.2998
1703098800000,1.09598,1.09606,1.09427,1.09465,8672.1396
1703102400000,1.09464,1.09486,1.09311,1.09317,16244.7598
1703106000000,1.09315,1.09439,1.09298,1.09412,4512.48
1703109600000,1.09394,1.09452,1.09374,1.09428,6389.6401
1703113200000,1.09429,1.09461,1.09426,1.09432,2884.6899
1703116800000,1.09433,1.09501,1.0941,1.09497,5369.4702
1703120400000,1.09497,1.09534,1.09482,1.09522,8023.2202
1703124000000,1.09521,1.09542,1.09451,1.09494,9287.0898
1703127600000,1.09493,1.09499,1.09464,1.0949,5369.4302
1703131200000,1.0949,1.09502,1.09471,1.09491,4483.5601
1703134800000,1.09492,1.09558,1.09487,1.09545,5241.3701
1703138400000,1.09545,1.09546,1.09428,1.09448,7366.7998
1703142000000,1.0945,1.09501,1.09424,1.09469,9253.3301
1703145600000,1.09471,1.09548,1.0939,1.09395,14049.3896
1703149200000,1.09397,1.09465,1.09352,1.09438,10856.5195
1703152800000,1.09438,1.09562,1.09398,1.09539,12415.96
1703156400000,1.09538,1.09848,1.09535,1.09798,18751.1895
1703160000000,1.09799,1.09869,1.09769,1.09806,16735.6992
1703163600000,1.09805,1.10023,1.09724,1.0991,32497.3594
1703167200000,1.0991,1.10012,1.09823,1.09921,35191.7188
1703170800000,1.09922,1.09946,1.09754,1.09896,37901.8203
1703174400000,1.09897,1.09946,1.09793,1.09895,29520.3203
1703178000000,1.09897,1.09909,1.0978,1.0986,21006.5098
1703181600000,1.09859,1.09911,1.09783,1.09896,19420.8496
1703185200000,1.09896,1.10008,1.09882,1.09991,16539.1797
1703188800000,1.0999,1.10031,1.09927,1.10028,15253.2402
1703192400000,1.10028,1.10125,1.10024,1.10109,5885.6899
1703196000000,1.10109,1.10109,1.0997,1.10079,5732.77
1703199600000,1.10082,1.10125,1.10055,1.10056,3717.1101
1703203200000,1.10057,1.10096,1.10029,1.10046,8049.6099
1703206800000,1.10047,1.10064,1.09971,1.09979,8678.2402
1703210400000,1.09979,1.10006,1.09954,1.10001,6185.6201
1703214000000,1.10001,1.10049,1.09958,1.09977,6529.5601
1703217600000,1.09977,1.10031,1.09977,1.10004,5353.1001
1703221200000,1.10003,1.10003,1.09957,1.09966,6074.54
1703224800000,1.09967,1.10001,1.0994,1.0994,5374.3799
1703228400000,1.0994,1.10076,1.09938,1.10002,13297.2803
1703232000000,1.10002,1.10117,1.09992,1.10071,23233.8105
1703235600000,1.10071,1.10134,1.10025,1.10043,16506.1094
1703239200000,1.10043,1.1021,1.10037,1.10191,12863.4697
1703242800000,1.1019,1.10298,1.10168,1.10257,13369.8203
1703246400000,1.10258,1.10379,1.1016,1.10186,16963.7207
1703250000000,1.10187,1.1029,1.10016,1.10287,37665.2813
1703253600000,1.10288,1.104,1.10249,1.10354,33032.4883
1703257200000,1.10361,1.10401,1.1009,1.10113,33575.0781
1703260800000,1.10112,1.10236,1.10062,1.10072,30741.6094
1703264400000,1.10071,1.10164,1.1,1.10157,20648.9902
1703268000000,1.10156,1.10191,1.1011,1.10131,17981.6406
1703271600000,1.10132,1.10156,1.1002,1.10156,17043.0293
1703275200000,1.10155,1.10157,1.10077,1.10125,9167.6797
1703278800000,1.10125,1.10139,1.10101,1.10135,6318.3398
1703458800000,1.10108,1.10159,1.10108,1.10149,94.5
1703462400000,1.10149,1.10149,1.09933,1.09997,427.5
1703466000000,1.09994,1.10035,1.09982,1.10035,167.28
1703469600000,1.10035,1.10057,1.0999,1.09999,77.28
1703473200000,1.09999,1.10105,1.09997,1.10012,107.55
1703476800000,1.10012,1.10025,1.10008,1.10025,78.3
1703480400000,1.10025,1.10075,1.10016,1.10023,1330.2
1703484000000,1.10023,1.10151,1.10023,1.10151,548.1
1703487600000,1.10149,1.10202,1.09974,1.10097,241.2
1703541600000,1.10009,1.10182,1.10009,1.10115,1364.0601
1703545200000,1.10115,1.1023,1.10115,1.10186,3451.51
1703548800000,1.10187,1.10201,1.10156,1.10191,3391.3301
1703552400000,1.10194,1.10227,1.10177,1.1022,4669.6802
1703556000000,1.10219,1.10266,1.10195,1.10258,5294.48
1703559600000,1.10258,1.10286,1.10254,1.10277,3261.3999
1703563200000,1.10275,1.10277,1.10222,1.10224,3924.27
1703566800000,1.10223,1.10272,1.10209,1.10266,3686.8101
1703570400000,1.10266,1.10266,1.10219,1.10236,3381.8501
1703574000000,1.10236,1.10255,1.1021,1.10223,4727.7798
1703577600000,1.10226,1.10265,1.10137,1.10148,7940.3701
1703581200000,1.10147,1.1015,1.10096,1.10141,8829.9404
1703584800000,1.10142,1.10194,1.10138,1.10163,5999.0498
1703588400000,1.10162,1.10168,1.10109,1.10137,8945.3496
1703592000000,1.10137,1.10171,1.10085,1.10128,9418.4902
1703595600000,1.10127,1.10245,1.10118,1.10175,18010.9902
1703599200000,1.10176,1.10273,1.10138,1.10263,20573.8594
1703602800000,1.10264,1.10324,1.10233,1.10249,18758
1703606400000,1.10249,1.10376,1.10242,1.10342,10661.9297
1703610000000,1.10343,1.1037,1.103,1.1035,7990.6299
1703613600000,1.10349,1.10397,1.1034,1.10363,9463.3398
1703617200000,1.10365,1.10448,1.10363,1.10443,7397.4502
1703620800000,1.10444,1.1045,1.10402,1.10423,8349.7002
1703624400000,1.10423,1.10434,1.10405,1.10417,4846.7002
1703628000000,1.10417,1.10419,1.10404,1.1041,946.72
1703631600000,1.10407,1.1044,1.10407,1.10422,1726.1801
1703635200000,1.10422,1.10424,1.10358,1.10367,6614.8999
1703638800000,1.10366,1.10374,1.1032,1.10361,8749.2305
1703642400000,1.10362,1.10365,1.10294,1.10309,5645.8599
1703646000000,1.1031,1.10365,1.10286,1.10362,4393.7798
1703649600000,1.10362,1.1042,1.10362,1.10416,3975.3
1703653200000,1.10416,1.10439,1.10369,1.10433,4319.6099
1703656800000,1.10434,1.10451,1.10403,1.10443,4742.3398
1703660400000,1.1044,1.10491,1.10364,1.10412,8675.9502
1703664000000,1.10411,1.10543,1.10379,1.10469,10997.0098
1703667600000,1.10466,1.10547,1.10463,1.10543,7352.02
1703671200000,1.10543,1.10593,1.10519,1.1056,6936.4102
1703674800000,1.1056,1.10594,1.10501,1.10589,6546.2798
1703678400000,1.10589,1.10699,1.10485,1.10683,9773.3496
1703682000000,1.10684,1.10737,1.10621,1.10703,11751.2402
1703685600000,1.10707,1.11053,1.10688,1.11045,15780.5898
1703689200000,1.11045,1.11156,1.1099,1.11072,28247.8301
1703692800000,1.11071,1.11226,1.11024,1.11125,20480.8594
1703696400000,1.11125,1.11128,1.11036,1.11054,9913.1904
1703700000000,1.11054,1.1109,1.11015,1.11078,10876.5
1703703600000,1.11077,1.11139,1.10988,1.11014,7680.3398
1703707200000,1.11015,1.11076,1.11011,1.11064,6184.8398
1703710800000,1.11063,1.11075,1.11024,1.11044,3035.53
1703714400000,1.11047,1.1106,1.10968,1.11038,3808.8899
1703718000000,1.11038,1.11096,1.11033,1.11082,2359.3401
1703721600000,1.11081,1.1117,1.1108,1.11146,5684.73
1703725200000,1.11147,1.11219,1.11133,1.11218,7216.46
1703728800000,1.11218,1.11224,1.11096,1.11177,7239.6602
1703732400000,1.11178,1.11208,1.11144,1.11184,6095.1899
1703736000000,1.11183,1.11184,1.11101,1.11102,6876.1499
1703739600000,1.11101,1.11176,1.11084,1.11091,7531.9399
1703743200000,1.11091,1.11149,1.11048,1.11132,8157.1201
1703746800000,1.11134,1.11255,1.11132,1.11167,12249.5
1703750400000,1.11167,1.11217,1.11042,1.1121,16521.8301
1703754000000,1.1121,1.11394,1.11142,1.11292,18798.7402
1703757600000,1.11292,1.11323,1.11226,1.11278,14083.6396
1703761200000,1.11278,1.11322,1.11144,1.112,11676.2598
1703764800000,1.11199,1.112,1.1111,1.11124,12026.2197
1703768400000,1.11125,1.112,1.10724,1.10732,22473.4199
1703772000000,1.10732,1.11048,1.10722,1.11026,21536.1602
1703775600000,1.11027,1.11133,1.11,1.11066,21048.5508
1703779200000,1.11067,1.11067,1.1069,1.10718,18142.9805
1703782800000,1.10718,1.10764,1.10659,1.10736,9872.3896
1703786400000,1.10737,1.10738,1.10552,1.1064,14359
1703790000000,1.1064,1.1066,1.10577,1.10645,9333.8701
1703793600000,1.10645,1.10706,1.10629,1.10655,8334.3496
1703797200000,1.10655,1.10656,1.10599,1.10603,4836.71
1703800800000,1.10595,1.10643,1.10588,1.10617,2299.7
1703804400000,1.10618,1.10678,1.10608,1.10677,6174.0098
1703808000000,1.10678,1.10791,1.10663,1.10763,9567.6797
1703811600000,1.10766,1.10842,1.10751,1.10789,10234.4404
1703815200000,1.10788,1.10793,1.10707,1.10715,7071.5
1703818800000,1.10716,1.10726,1.10637,1.10651,6832.0698
1703822400000,1.10652,1.10686,1.10637,1.10666,6154.4502
1703826000000,1.10666,1.10668,1.10608,1.10661,7925.3101
1703829600000,1.1066,1.10747,1.10656,1.10733,7875.9502
1703833200000,1.10732,1.10762,1.10639,1.10658,8677.0703
1703836800000,1.10655,1.10774,1.10581,1.10605,14047.6699
1703840400000,1.10606,1.10612,1.10442,1.1049,18129.3398
1703844000000,1.10489,1.10672,1.10474,1.10647,12426.5596
1703847600000,1.10646,1.1077,1.10614,1.10763,11873.6699
1703851200000,1.10764,1.10806,1.10478,1.10516,14897
1703854800000,1.10515,1.10587,1.10466,1.10486,15567.21
1703858400000,1.10484,1.10704,1.10469,1.10686,21712.6699
1703862000000,1.10692,1.10784,1.10425,1.10471,31135.0801
1703865600000,1.10472,1.10614,1.10434,1.10608,25679.3008
1703869200000,1.10607,1.10667,1.10529,1.10639,20432.9805
1703872800000,1.1064,1.1064,1.10491,1.1053,19567.3809
1703876400000,1.10532,1.10538,1.10381,1.10407,10365.75
1703880000000,1.10409,1.10507,1.10383,1.10409,6751.5498
1703883600000,1.10411,1.10411,1.10339,1.10374,6626.8101
1704146400000,1.10427,1.10447,1.1042,1.10438,819.5
1704150000000,1.10446,1.10446,1.10356,1.10365,3104.46
1704153600000,1.10366,1.10383,1.10342,1.10381,3844.3501
1704157200000,1.1038,1.10432,1.10342,1.10348,7218.52
1704160800000,1.10347,1.10359,1.10182,1.10187,9343.2803
1704164400000,1.10187,1.10247,1.10176,1.10245,4103.4702
1704168000000,1.10245,1.1025,1.10165,1.10208,4189.04
1704171600000,1.10208,1.10335,1.10208,1.10333,4924.27
1704175200000,1.10334,1.10351,1.10268,1.10286,7061.8301
1704178800000,1.10286,1.1038,1.10151,1.10153,13999.5996
1704182400000,1.10156,1.10387,1.10156,1.10295,19871.6191
1704186000000,1.10296,1.10378,1.10107,1.1015,15755.3496
1704189600000,1.10149,1.1017,1.0997,1.10075,15452.6201
1704193200000,1.10075,1.10077,1.09665,1.0969,18962.0605
1704196800000,1.09691,1.09717,1.09537,1.09537,12598.8301
1704200400000,1.09538,1.0965,1.09494,1.09527,17269.3691
1704204000000,1.09526,1.09639,1.09448,1.09631,27839.6309
1704207600000,1.09631,1.09682,1.0941,1.09435,28714.2793
1704211200000,1.09436,1.09616,1.09408,1.09564,15007.9805
1704214800000,1.09565,1.09575,1.09459,1.09504,12682.2305
1704218400000,1.09504,1.09558,1.09462,1.09467,9527.1504
1704222000000,1.09466,1.09501,1.09429,1.09465,7293.6401
1704225600000,1.09465,1.09511,1.09421,1.09431,11183.5801
1704229200000,1.0943,1.09432,1.09383,1.09396,4737.8198
1704232800000,1.09396,1.09438,1.09375,1.09404,3156.1699
1704236400000,1.09404,1.09436,1.09404,1.09416,2488.6299
1704240000000,1.09416,1.09505,1.09412,1.09494,2948.95
1704243600000,1.09493,1.09546,1.09448,1.09513,5100.8501
1704247200000,1.09513,1.0953,1.09486,1.09522,4440.0498
1704250800000,1.09522,1.09622,1.09488,1.09608,5349.0498
1704254400000,1.09607,1.09624,1.09588,1.09622,4281.9199
1704258000000,1.09623,1.09627,1.09512,1.09512,5484.04
1704261600000,1.09512,1.09607,1.09511,1.09586,3817.6101
1704265200000,1.09585,1.09627,1.09514,1.09603,11738.4102
1704268800000,1.09602,1.09654,1.09502,1.09526,21434.1094
1704272400000,1.09526,1.09562,1.09348,1.09362,14081.3203
1704276000000,1.09362,1.0939,1.09262,1.09279,9865.4297
1704279600000,1.0928,1.09297,1.09154,1.09195,14821.4297
1704283200000,1.09195,1.0932,1.09145,1.09168,14104.3301
1704286800000,1.09168,1.093,1.09101,1.09215,27608.8203
1704290400000,1.09216,1.09265,1.09099,1.09183,29196.9102
1704294000000,1.09179,1.09385,1.0898,1.09044,51314.7109
1704297600000,1.09045,1.09182,1.09026,1.09081,24151.1191
1704301200000,1.09081,1.09101,1.09032,1.09066,13322.6396
1704304800000,1.09066,1.09148,1.09026,1.09054,10588.4199
1704308400000,1.09055,1.09257,1.08929,1.09176,30411.3906
1704312000000,1.09177,1.09232,1.0915,1.09212,12043.0996
1704315600000,1.09211,1.09236,1.09187,1.09206,4090.3799
1704319200000,1.09206,1.09225,1.09167,1.09206,4977.5898
1704322800000,1.09207,1.09275,1.09207,1.09258,2194.8701
1704326400000,1.09259,1.09266,1.09194,1.09225,4041.71
1704330000000,1.09224,1.09241,1.09163,1.09178,6926.7598
1704333600000,1.09177,1.09199,1.0916,1.09193,3699.0901
1704337200000,1.09193,1.09306,1.09193,1.09261,5022.8501
1704340800000,1.09261,1.09285,1.09247,1.09258,4623.6899
1704344400000,1.09259,1.09268,1.09219,1.09266,7290.29
1704348000000,1.09265,1.09346,1.09208,1.09324,9718.5195
1704351600000,1.09323,1.09436,1.09295,1.09375,13014.8701
1704355200000,1.09375,1.09559,1.09345,1.09532,22173.6191
1704358800000,1.09532,1.0969,1.09453,1.09675,20191.7402
1704362400000,1.09675,1.09721,1.09543,1.09555,14958.8896
1704366000000,1.09556,1.09578,1.09462,1.09479,8151.3198
1704369600000,1.09477,1.09557,1.09468,1.09522,8780.0195
1704373200000,1.09523,1.09552,1.09327,1.0947,30587.0508
1704376800000,1.09469,1.09505,1.09381,1.09453,27573.6602
1704380400000,1.09452,1.09652,1.09452,1.0955,27139.3906
1704384000000,1.09551,1.09639,1.09542,1.0956,17091.9297
1704387600000,1.09561,1.09597,1.09418,1.09504,10607.71
1704391200000,1.09504,1.09543,1.09459,1.09469,11770.96
1704394800000,1.09471,1.09498,1.09433,1.0947,8661.1602
1704398400000,1.09469,1.09491,1.09431,1.09491,7832.8501
1704402000000,1.0949,1.095,1.09435,1.09441,4553.21
1704405600000,1.09441,1.09498,1.0943,1.09463,5351.6802
1704409200000,1.0946,1.09488,1.09431,1.09462,1723.6801
1704412800000,1.09461,1.09514,1.09443,1.09508,2747.8301
1704416400000,1.09508,1.09558,1.09501,1.09515,7856.5698
1704420000000,1.09515,1.09541,1.09466,1.09469,6276.75
1704423600000,1.09468,1.09473,1.09391,1.09392,7221.3701
1704427200000,1.09392,1.09411,1.09363,1.09371,3964.5
1704430800000,1.09371,1.09381,1.09341,1.09374,6120.9702
1704434400000,1.09374,1.09374,1.09247,1.09276,8126.6299
1704438000000,1.09275,1.09333,1.09226,1.09231,11023.2695
1704441600000,1.09231,1.09257,1.09034,1.09076,17023.3398
1704445200000,1.09075,1.09305,1.09028,1.09126,14627.3096
1704448800000,1.09126,1.09137,1.09036,1.09127,13237.8096
1704452400000,1.09126,1.09175,1.09099,1.09142,8800.5596
1704456000000,1.09142,1.09208,1.09136,1.09176,9107.0195
1704459600000,1.09177,1.09278,1.08767,1.0921,47900.7813
1704463200000,1.09212,1.09548,1.09212,1.0949,53762.7813
1704466800000,1.09492,1.09984,1.0949,1.09781,56990.4219
1704470400000,1.09782,1.09805,1.0953,1.09559,26543.2793
1704474000000,1.09558,1.09561,1.0943,1.09462,16172.9102
1704477600000,1.09461,1.09562,1.09352,1.0954,13733.2002
1704481200000,1.09542,1.09597,1.09431,1.09452,11404.6504
1704484800000,1.09452,1.09471,1.09357,1.09392,8783.7002
1704488400000,1.09393,1.0942,1.0937,1.09392,5516.7998
1704664800000,1.09386,1.09451,1.09376,1.09444,2007.75
1704668400000,1.09445,1.09456,1.09349,1.09415,2666.6201
1704672000000,1.09413,1.09492,1.09402,1.09485,2184.6799
1704675600000,1.09484,1.0953,1.09469,1.09479,4506.3198
1704679200000,1.09479,1.09479,1.09359,1.09371,5307.4102
1704682800000,1.0937,1.09392,1.09313,1.09329,4576.4399
1704686400000,1.09329,1.09371,1.09306,1.0934,3865.6399
1704690000000,1.09342,1.09374,1.0932,1.09374,4453.9102
1704693600000,1.09372,1.09466,1.09363,1.09457,5004.4199
1704697200000,1.09459,1.09522,1.09394,1.09451,12743.1299
1704700800000,1.09454,1.09454,1.09293,1.09337,20935.8398
1704704400000,1.09336,1.09424,1.09226,1.09369,14517.2998
1704708000000,1.09369,1.09434,1.09342,1.09424,15461.7402
1704711600000,1.09424,1.09506,1.09368,1.09379,13122.0898
1704715200000,1.09378,1.0948,1.09372,1.09445,9939.6201
1704718800000,1.09446,1.09561,1.09426,1.09507,20038.4297
1704722400000,1.09507,1.09626,1.09493,1.09603,27637.8496
1704726000000,1.09602,1.09745,1.09552,1.09697,23378.2207
1704729600000,1.09696,1.09787,1.09683,1.09754,19254.0996
1704733200000,1.09753,1.09788,1.09625,1.09646,12468.4902
1704736800000,1.09646,1.09656,1.09488,1.09553,7476.9199
1704740400000,1.09553,1.09628,1.09529,1.09609,8100.5601
1704744000000,1.0961,1.0961,1.09494,1.09547,9367.4697
1704747600000,1.09548,1.09564,1.09495,1.09495,3820.75
1704751200000,1.09495,1.09548,1.09493,1.09501,2846.0701
1704754800000,1.0951,1.09526,1.09495,1.09497,1667.8
1704758400000,1.09497,1.09593,1.09492,1.09552,6190.3599
1704762000000,1.0955,1.09618,1.09514,1.09615,5923.75
1704765600000,1.09615,1.09646,1.09605,1.09626,5387.0698
1704769200000,1.09629,1.09663,1.09608,1.09627,3686.1399
1704772800000,1.09628,1.09629,1.09534,1.09561,3798.97
1704776400000,1.0956,1.09561,1.0948,1.09496,4675.54
1704780000000,1.09496,1.09549,1.0948,1.09501,6881.1401
1704783600000,1.09501,1.09629,1.09461,1.09566,10608.5898
1704787200000,1.09566,1.09566,1.09389,1.09496,13814.7402
1704790800000,1.09497,1.09504,1.09379,1.0944,15137.1396
1704794400000,1.0944,1.0948,1.09324,1.09353,11758.2803
1704798000000,1.09354,1.09359,1.09287,1.09314,10573.5498
1704801600000,1.09313,1.09415,1.09288,1.09405,16426.3496
1704805200000,1.09406,1.09468,1.0933,1.09459,24992.8008
1704808800000,1.0946,1.09513,1.09379,1.09455,24993.5605
1704812400000,1.09456,1.09467,1.09175,1.09178,27988.7109
1704816000000,1.09178,1.09351,1.09103,1.09343,20009.6895
1704819600000,1.09345,1.09391,1.09301,1.09339,15298.0498
1704823200000,1.0934,1.094,1.09223,1.09241,14763.6104
1704826800000,1.0924,1.09286,1.092,1.09252,9518.29
1704830400000,1.09252,1.09295,1.0925,1.09279,10882.7002
1704834000000,1.0928,1.09314,1.09277,1.09307,4185.4199
1704837600000,1.09307,1.09307,1.09265,1.09282,7287.2798
1704841200000,1.09281,1.09326,1.0928,1.09317,1055.28
1704844800000,1.09316,1.09363,1.09291,1.09308,5025.04
1704848400000,1.09307,1.09333,1.09261,1.09322,8124.2002
1704852000000,1.09323,1.09358,1.09316,1.09337,7713.4302
1704855600000,1.09337,1.0936,1.09277,1.09292,7341.1899
1704859200000,1.09292,1.09329,1.09288,1.09321,3832.1499
1704862800000,1.09321,1.0934,1.09304,1.09323,4437.8101
1704866400000,1.09323,1.09334,1.09235,1.09246,7303.6201
1704870000000,1.09246,1.09453,1.09245,1.0926,17729.3691
1704873600000,1.09261,1.09448,1.09228,1.09433,17207.8105
1704877200000,1.09432,1.09519,1.09415,1.09471,13315.5801
1704880800000,1.0947,1.09548,1.09451,1.09492,12792.7803
1704884400000,1.09496,1.09553,1.09416,1.09459,11514.7803
1704888000000,1.09459,1.09504,1.09431,1.09438,10051.5596
1704891600000,1.09438,1.09519,1.09404,1.09405,17677.6309
1704895200000,1.09405,1.09415,1.0932,1.09399,16634.6406
1704898800000,1.09399,1.0969,1.09355,1.09673,24910.8906
1704902400000,1.09674,1.0969,1.09523,1.0959,16127.6797
1704906000000,1.0959,1.0968,1.09582,1.09672,8916.6396
1704909600000,1.09672,1.09697,1.09593,1.09695,8597
1704913200000,1.09695,1.09707,1.09669,1.09703,7800.04
1704916800000,1.09703,1.09728,1.09615,1.09654,16960.25
1704920400000,1.09654,1.09729,1.09648,1.09722,4206.3101
1704924000000,1.09722,1.09724,1.09685,1.09716,7782.4902
1704927600000,1.09715,1.09747,1.09709,1.0974,1603.76
1704931200000,1.09742,1.09787,1.0973,1.09777,10011.6201
1704934800000,1.09778,1.09802,1.09749,1.09788,14192.0703
1704938400000,1.09788,1.09847,1.0977,1.09781,7061.25
1704942000000,1.0978,1.09811,1.09772,1.09803,4584.6401
1704945600000,1.09802,1.09827,1.09775,1.09777,5529.3198
1704949200000,1.09775,1.09813,1.09757,1.09783,6672.77
1704952800000,1.09784,1.09885,1.09744,1.09857,5099.4702
1704956400000,1.09858,1.09867,1.09773,1.09788,10307.0703
1704960000000,1.0979,1.09813,1.09717,1.0975,15078.9805
1704963600000,1.09749,1.09752,1.09588,1.09637,14804.25
1704967200000,1.09637,1.09697,1.09585,1.09689,12841.6797
1704970800000,1.09689,1.09824,1.09676,1.09785,15280.96
1704974400000,1.09786,1.09904,1.09762,1.09837,11722.9004
1704978000000,1.09838,1.1,1.09355,1.09394,53551.4883
1704981600000,1.09397,1.09737,1.09314,1.09542,57231.6289
1704985200000,1.09542,1.09628,1.09302,1.09464,52906.0781
1704988800000,1.09466,1.09573,1.09366,1.09423,36757.0703
1704992400000,1.09422,1.09545,1.09415,1.09508,21189.6992
1704996000000,1.09508,1.09661,1.09498,1.09647,17245.8398
1704999600000,1.09648,1.09829,1.09648,1.09819,18035.3906
1705003200000,1.0982,1.09825,1.09561,1.09713,17425.7793
1705006800000,1.09714,1.09751,1.09702,1.09717,6434.6099
1705010400000,1.09715,1.09739,1.09609,1.09724,3173.49
1705014000000,1.09725,1.09825,1.097,1.09824,2507.8899
1705017600000,1.09823,1.09846,1.09741,1.09756,8278.3301
1705021200000,1.09754,1.09842,1.09725,1.09826,9352.8096
1705024800000,1.09826,1.09853,1.09781,1.09796,9353.5596
1705028400000,1.09796,1.09828,1.0977,1.09776,3393.51
1705032000000,1.09774,1.09774,1.09731,1.09755,3638.6499
1705035600000,1.09756,1.09803,1.09736,1.09755,5558.3599
1705039200000,1.09755,1.09786,1.0973,1.09752,5141.2998
1705042800000,1.09752,1.09778,1.09608,1.09666,15632.2598
1705046400000,1.09666,1.09827,1.09649,1.0975,18080.6699
1705050000000,1.09751,1.09798,1.0961,1.09624,17677.1797
1705053600000,1.09625,1.0964,1.09568,1.096,10720.1201
1705057200000,1.096,1.0962,1.09465,1.09496,11642.4404
1705060800000,1.09495,1.09518,1.09371,1.09377,16350.6797
1705064400000,1.09377,1.09695,1.09359,1.09552,39425.1484
1705068000000,1.09552,1.09849,1.09526,1.09757,38932.8398
1705071600000,1.09755,1.09868,1.09623,1.09661,32810.0898
1705075200000,1.09662,1.09738,1.09582,1.09583,21612.2695
1705078800000,1.09582,1.09587,1.0947,1.09496,14101.9404
1705082400000,1.09496,1.09596,1.09491,1.09594,8456.4199
1705086000000,1.09593,1.09633,1.09536,1.09559,7643.6602
1705089600000,1.09559,1.09563,1.09504,1.09512,5370.3701
1705093200000,1.09511,1.09526,1.09481,1.09483,5400
1705269600000,1.0948,1.09502,1.09444,1.09495,2426.1499
1705273200000,1.09495,1.09495,1.0944,1.09451,3147.1899
1705276800000,1.09451,1.0954,1.09407,1.09534,9429.8203
1705280400000,1.09533,1.09561,1.09494,1.09547,7249.6499
1705284000000,1.09548,1.09655,1.09548,1.09648,6896.0098
1705287600000,1.09651,1.09675,1.09635,1.09643,6482.5898
1705291200000,1.09642,1.09643,1.09587,1.09628,3589.8101
1705294800000,1.09629,1.09659,1.09607,1.09639,4674.3398
1705298400000,1.0964,1.09666,1.09625,1.09639,6548.6802
1705302000000,1.09637,1.09662,1.09515,1.09533,14850.8096
1705305600000,1.09535,1.09649,1.09535,1.09579,16114.4004
1705309200000,1.0958,1.09588,1.0943,1.09466,14219.5898
1705312800000,1.09465,1.09466,1.09335,1.094,14204.4805
1705316400000,1.094,1.09489,1.09399,1.09453,9989.3896
1705320000000,1.09453,1.09589,1.09438,1.09538,13248.9199
1705323600000,1.09537,1.09541,1.09443,1.09505,13886.0898
1705327200000,1.09505,1.09519,1.09385,1.09433,11216.3896
1705330800000,1.09433,1.09508,1.09381,1.09496,13832.6699
1705334400000,1.09497,1.09523,1.09466,1.09472,7898.3701
1705338000000,1.09472,1.09524,1.0946,1.09481,3263.45
1705341600000,1.0948,1.09528,1.09477,1.09528,773.15
1705345200000,1.09528,1.09536,1.09497,1.09504,2003.83
1705348800000,1.09506,1.09517,1.09491,1.09517,1577.64
1705352400000,1.09516,1.09517,1.09489,1.09494,818.48
1705356000000,1.09494,1.09504,1.09454,1.09488,12451.3496
1705359600000,1.09493,1.0951,1.09447,1.09449,4859.0601
1705363200000,1.09447,1.09461,1.09191,1.09196,9722.0498
1705366800000,1.09197,1.09315,1.09154,1.09275,13618.1396
1705370400000,1.09276,1.09276,1.09215,1.09238,8416.4404
1705374000000,1.09238,1.09253,1.09161,1.09189,5497.1401
1705377600000,1.09187,1.092,1.09134,1.09175,4290.0801
1705381200000,1.09175,1.09185,1.09126,1.09153,6456.1802
1705384800000,1.09153,1.09215,1.09127,1.09172,7346.0601
1705388400000,1.09176,1.09265,1.09086,1.09184,13563.9102
1705392000000,1.09184,1.09233,1.08944,1.09046,30177.1504
1705395600000,1.09045,1.09045,1.08839,1.0886,27426.4609
1705399200000,1.08864,1.08893,1.08792,1.08811,14650.5703
1705402800000,1.08811,1.08947,1.08739,1.08922,16987.7305
1705406400000,1.08923,1.08933,1.08837,1.08862,15671.7803
1705410000000,1.08863,1.08979,1.08716,1.08741,39898.8906
1705413600000,1.0874,1.08892,1.08665,1.08724,41820.9883
1705417200000,1.08726,1.08882,1.08656,1.08857,22675.1895
1705420800000,1.08856,1.08946,1.0862,1.08809,54843.9883
1705424400000,1.0881,1.08828,1.08628,1.08629,21548.5605
1705428000000,1.08629,1.0877,1.08628,1.08699,12297.3799
1705431600000,1.087,1.08747,1.08677,1.08736,9692.7305
1705435200000,1.08737,1.08756,1.087,1.08714,12082.3096
1705438800000,1.08716,1.08774,1.08714,1.08745,2480.2
1705442400000,1.08744,1.08771,1.08721,1.08757,4489.4902
1705446000000,1.08754,1.08786,1.08749,1.08784,1393.6
1705449600000,1.08786,1.08788,1.08723,1.08779,5385.5698
1705453200000,1.08778,1.08822,1.08733,1.08772,9181.3203
1705456800000,1.08774,1.08844,1.08738,1.08747,6182.1802
1705460400000,1.08747,1.08747,1.08651,1.08663,7840.2798
1705464000000,1.08662,1.08711,1.08647,1.08709,5397.7402
1705467600000,1.08709,1.08721,1.08607,1.08647,8989.8301
1705471200000,1.08649,1.08649,1.08554,1.08623,10699.3496
1705474800000,1.08625,1.08737,1.08586,1.08701,20222.0996
1705478400000,1.08701,1.08814,1.08662,1.08667,25228.2207
1705482000000,1.08668,1.08786,1.08609,1.08766,17486.9395
1705485600000,1.08764,1.08839,1.0867,1.08717,16136.4502
1705489200000,1.08719,1.08831,1.08697,1.08785,10069.6201
1705492800000,1.08785,1.08813,1.08694,1.08743,10622.0098
1705496400000,1.08744,1.08785,1.08512,1.08638,39392.3008
1705500000000,1.08639,1.08702,1.08477,1.08488,33401.5313
1705503600000,1.08488,1.08708,1.08445,1.0849,32211.4707
1705507200000,1.08489,1.08646,1.08476,1.08572,23120.6797
1705510800000,1.08573,1.087,1.08568,1.08669,14013.7695
1705514400000,1.08671,1.08673,1.08565,1.08657,14172.0498
1705518000000,1.08657,1.08787,1.08657,1.08738,9859.8496
1705521600000,1.08737,1.0882,1.08702,1.0881,9194.8398
1705525200000,1.08809,1.08827,1.08808,1.08818,2323.28
1705528800000,1.08816,1.08829,1.08792,1.08803,8224.9404
1705532400000,1.08804,1.0886,1.08804,1.0886,2928.8101
1705536000000,1.08861,1.08942,1.08802,1.08938,7789.8999
1705539600000,1.08939,1.09008,1.08923,1.0896,17374.9805
1705543200000,1.08961,1.09028,1.0893,1.08933,8704.8203
1705546800000,1.08932,1.0898,1.08905,1.08954,7347.7598
1705550400000,1.08953,1.08963,1.08911,1.08941,5378.8599
1705554000000,1.0894,1.08961,1.08904,1.08947,7219.6401
1705557600000,1.08948,1.09067,1.08947,1.09039,9173.7695
1705561200000,1.0904,1.09063,1.08863,1.08881,14670.54
1705564800000,1.08878,1.08889,1.08775,1.08797,17694.8008
1705568400000,1.08797,1.08995,1.08766,1.08845,17654.8398
1705572000000,1.08845,1.08959,1.08828,1.08949,11552.1299
1705575600000,1.08948,1.08953,1.08846,1.08891,10188.5498
1705579200000,1.0889,1.08939,1.08746,1.08774,14958.5996
1705582800000,1.08774,1.08775,1.08504,1.08524,35734.1797
1705586400000,1.08523,1.08688,1.08492,1.08594,46720.4492
1705590000000,1.08595,1.0868,1.08466,1.08521,42287.8984
1705593600000,1.08519,1.08701,1.08504,1.08618,27938.8691
1705597200000,1.08617,1.08644,1.08501,1.08596,15245.29
1705600800000,1.08591,1.08658,1.08542,1.08637,13435.0996
1705604400000,1.08636,1.08691,1.08601,1.08617,14582.6904
1705608000000,1.08617,1.08694,1.08607,1.0869,9825.1602
1705611600000,1.08689,1.08773,1.08684,1.08757,4040.71
1705615200000,1.08757,1.0876,1.087,1.08722,3771.7275
1705618800000,1.08724,1.08804,1.08724,1.08799,1931.64
1705622400000,1.088,1.08817,1.08777,1.08798,5390.3599
1705626000000,1.08799,1.08873,1.08762,1.08855,6106.6201
1705629600000,1.08854,1.08896,1.08826,1.08881,7258.8501
1705633200000,1.08882,1.08893,1.08854,1.08889,5467.4502
1705636800000,1.0889,1.08894,1.08853,1.08864,3666.6299
1705640400000,1.08865,1.0887,1.08795,1.08808,6990.6499
1705644000000,1.08809,1.08822,1.08754,1.08809,8400.0098
1705647600000,1.08809,1.08862,1.08745,1.08794,12198.6396
1705651200000,1.08793,1.08818,1.08681,1.08771,13360.3701
1705654800000,1.08771,1.08849,1.08714,1.08829,13326.4102
1705658400000,1.08827,1.08849,1.0873,1.08808,11674.9004
1705662000000,1.08809,1.0893,1.08791,1.08873,9134.1201
1705665600000,1.08873,1.0888,1.088,1.08826,8978.7402
1705669200000,1.08825,1.08896,1.08754,1.08805,18775.8809
1705672800000,1.08806,1.08837,1.08656,1.08801,25014.3301
1705676400000,1.08798,1.089,1.08697,1.08825,36878.8711
1705680000000,1.08824,1.08879,1.08806,1.08866,18627.4707
1705683600000,1.08867,1.08933,1.088,1.08896,18705.9395
1705687200000,1.08896,1.08963,1.08859,1.0892,6486.21
1705690800000,1.08921,1.08947,1.0888,1.08922,8909.2305
1705694400000,1.08924,1.08957,1.08899,1.0895,6667.27
1705698000000,1.08948,1.08983,1.08937,1.0896,6468.75
1705874400000,1.08906,1.08959,1.08878,1.08924,2354.4199
1705878000000,1.08918,1.08976,1.08904,1.0892,2791.5801
1705881600000,1.0892,1.09014,1.08912,1.09011,5537.4102
1705885200000,1.09012,1.0905,1.08987,1.09018,8088.27
1705888800000,1.09018,1.09091,1.08996,1.09072,5774.52
1705892400000,1.09073,1.09077,1.09013,1.09019,5478.1802
1705896000000,1.09021,1.09045,1.09008,1.09028,3681.21
1705899600000,1.09029,1.09045,1.08985,1.09014,4906.3999
1705903200000,1.09015,1.09094,1.09013,1.09048,8026.1099
1705906800000,1.09047,1.09079,1.08972,1.08977,11575.5703
1705910400000,1.08975,1.09008,1.0887,1.08917,16526.9199
1705914000000,1.08916,1.09023,1.08898,1.08969,12561.5303
1705917600000,1.08969,1.08969,1.08858,1.08867,11326.3896
1705921200000,1.08867,1.08904,1.08815,1.08898,10863.4297
1705924800000,1.08899,1.08995,1.08881,1.08925,13522.21
1705928400000,1.08925,1.08952,1.088,1.08915,19713.9297
1705932000000,1.08917,1.08963,1.08853,1.08897,21881.7598
1705935600000,1.08896,1.08981,1.08824,1.08852,14003.4004
1705939200000,1.08851,1.08943,1.08819,1.08938,11982.3398
1705942800000,1.08938,1.09,1.08906,1.08964,6842
1705946400000,1.08963,1.08963,1.08838,1.08901,11023.5303
1705950000000,1.089,1.08911,1.08803,1.08847,7770.0898
1705953600000,1.08849,1.08854,1.08803,1.08841,7016.5898
1705957200000,1.08841,1.08849,1.08815,1.08819,3128.0901
1705960800000,1.08816,1.08846,1.08798,1.08811,9621.1104
1705964400000,1.0881,1.08816,1.08768,1.08772,2979.1499
1705968000000,1.08776,1.08839,1.08756,1.08831,3402.53
1705971600000,1.08831,1.08885,1.08766,1.08883,5871.1099
1705975200000,1.08883,1.08939,1.08848,1.08873,10245.9404
1705978800000,1.08875,1.08949,1.08853,1.08927,8985.8604
1705982400000,1.08928,1.08986,1.08916,1.08983,4739.7798
1705986000000,1.08984,1.09079,1.08967,1.09069,7558.8701
1705989600000,1.09069,1.09141,1.09016,1.09139,12701.4297
1705993200000,1.0914,1.09162,1.09038,1.09083,18448.0508
1705996800000,1.09084,1.09105,1.08924,1.08951,19462.9707
1706000400000,1.0895,1.08951,1.08837,1.08874,14038.1299
1706004000000,1.08873,1.08882,1.08674,1.08694,12092
1706007600000,1.08695,1.08719,1.086,1.08663,11153.6104
1706011200000,1.08663,1.08732,1.08603,1.08637,12310.9404
1706014800000,1.08639,1.08758,1.08639,1.0874,14786.0303
1706018400000,1.08739,1.0874,1.08484,1.08526,26018.0801
1706022000000,1.08528,1.08582,1.08215,1.08308,29895.7793
1706025600000,1.0831,1.08395,1.08256,1.08282,19666.9199
1706029200000,1.08281,1.08357,1.08244,1.08314,11253.0703
1706032800000,1.08315,1.08393,1.08302,1.0837,10214.5898
1706036400000,1.08371,1.08477,1.08358,1.08451,8068.1099
1706040000000,1.08452,1.08501,1.08435,1.08496,4802.6602
1706043600000,1.08498,1.08559,1.08482,1.0853,4018.9199
1706047200000,1.08529,1.08546,1.08446,1.08522,6633.1899
1706050800000,1.08522,1.08593,1.08522,1.08572,1968.61
1706054400000,1.08573,1.08599,1.08552,1.08559,4956.1899
1706058000000,1.08558,1.08593,1.08514,1.08579,10847.7197
1706061600000,1.0858,1.08584,1.08533,1.08569,5424.9199
1706065200000,1.08569,1.08614,1.08565,1.08589,6933.48
1706068800000,1.08592,1.0866,1.08581,1.08645,6924.21
1706072400000,1.08644,1.08645,1.08592,1.08621,7562.4502
1706076000000,1.0862,1.08665,1.08607,1.08633,8244.5801
1706079600000,1.08633,1.08794,1.08602,1.08732,15410.5
1706083200000,1.08733,1.08801,1.08625,1.08696,27254.2109
1706086800000,1.08701,1.09077,1.08695,1.09027,24602.0898
1706090400000,1.09027,1.09048,1.08931,1.08977,16957.25
1706094000000,1.08976,1.09014,1.08909,1.08927,11761.4805
1706097600000,1.08928,1.08991,1.08874,1.08948,13771.2197
1706101200000,1.08948,1.09271,1.08935,1.09249,22987.7402
1706104800000,1.09249,1.09323,1.09016,1.09032,39672.0195
1706108400000,1.09033,1.09075,1.08932,1.09007,45550.2891
1706112000000,1.09007,1.09053,1.08904,1.09005,27331.2109
1706115600000,1.09003,1.09086,1.08954,1.09052,11694.9404
1706119200000,1.09052,1.0906,1.08903,1.08927,17129.3301
1706122800000,1.08925,1.08932,1.08813,1.08883,10229.2402
1706126400000,1.08882,1.08905,1.08791,1.088,12667.2402
1706130000000,1.08799,1.08852,1.08776,1.08844,3374.6699
1706133600000,1.08843,1.08861,1.08811,1.08851,4114.0498
1706137200000,1.08851,1.08861,1.0881,1.0881,1843.47
1706140800000,1.08811,1.08812,1.08722,1.08742,7444.2998
1706144400000,1.08742,1.08786,1.08702,1.08775,10262.3096
1706148000000,1.08777,1.08798,1.08749,1.08772,5800.6299
1706151600000,1.08772,1.08818,1.08772,1.08778,4194.6802
1706155200000,1.08777,1.08812,1.08744,1.08754,3762.47
1706158800000,1.08754,1.08788,1.08748,1.08781,3633.1001
1706162400000,1.08781,1.08865,1.08757,1.0886,4767.1802
1706166000000,1.0886,1.08913,1.0884,1.08878,8385.4102
1706169600000,1.08877,1.08996,1.08828,1.08988,14824.3701
1706173200000,1.08988,1.08996,1.08917,1.08959,18067.9395
1706176800000,1.08958,1.08987,1.08919,1.08929,11422.0801
1706180400000,1.0893,1.08951,1.08866,1.08948,8649.7402
1706184000000,1.08949,1.08956,1.08856,1.08881,8482.21
1706187600000,1.08882,1.09018,1.08668,1.08792,61568.1914
1706191200000,1.08792,1.08792,1.0853,1.086,55387.9219
1706194800000,1.086,1.08613,1.08293,1.08317,44693.1602
1706198400000,1.08316,1.08396,1.08242,1.08362,20720.8691
1706202000000,1.08363,1.08519,1.08312,1.08375,19420.5293
1706205600000,1.08375,1.08467,1.083,1.08301,20334.6309
1706209200000,1.08301,1.08376,1.08216,1.08359,15919.0703
1706212800000,1.08358,1.08404,1.08334,1.08397,7656.8901
1706216400000,1.08398,1.08479,1.0839,1.0846,3290.9199
1706220000000,1.08449,1.08477,1.08436,1.08464,2948.25
1706223600000,1.08462,1.08475,1.08426,1.08454,2442.48
1706227200000,1.08455,1.08459,1.08373,1.08398,7591.2202
1706230800000,1.08399,1.08466,1.08391,1.08443,8268.54
1706234400000,1.08444,1.08488,1.08438,1.08441,6064.8198
1706238000000,1.08441,1.08475,1.0844,1.08449,3614.0901
1706241600000,1.08449,1.08449,1.08379,1.08395,4013.5701
1706245200000,1.08395,1.08437,1.08383,1.08424,6382.4399
1706248800000,1.08423,1.08427,1.08285,1.08293,8514.9502
1706252400000,1.08292,1.08303,1.08128,1.08194,19950.8008
1706256000000,1.08193,1.08421,1.08173,1.08402,20878.6992
1706259600000,1.08403,1.08505,1.08341,1.08441,21919.5391
1706263200000,1.08443,1.08662,1.08442,1.08647,12243.1699
1706266800000,1.08648,1.08761,1.08642,1.08745,17734.9805
1706270400000,1.08745,1.08757,1.08656,1.08673,13206.25
1706274000000,1.08674,1.08854,1.08563,1.08719,36270.8984
1706277600000,1.08718,1.08802,1.08609,1.08739,28877.9707
1706281200000,1.08739,1.08739,1.0855,1.08641,24611.7402
1706284800000,1.0864,1.08694,1.08589,1.08649,12964.8604
1706288400000,1.08649,1.08704,1.08591,1.08636,10376.3398
1706292000000,1.08636,1.08658,1.08537,1.08556,8820.7002
1706295600000,1.08556,1.08616,1.08552,1.08581,7392.9902
1706299200000,1.08582,1.08622,1.08532,1.08545,4391.2598
1706302800000,1.08544,1.08568,1.08502,1.08504,4552.6299
1706479200000,1.08468,1.08484,1.08414,1.08451,5516.3999
1706482800000,1.08451,1.0849,1.08418,1.08422,5996.73
1706486400000,1.08423,1.0845,1.08413,1.08448,5360.0601
1706490000000,1.08448,1.08489,1.08433,1.08439,7256.71
1706493600000,1.08439,1.08451,1.08393,1.08435,4617.9199
1706497200000,1.08435,1.08466,1.08424,1.08451,3529.77
1706500800000,1.08452,1.08476,1.08437,1.08448,2867.4399
1706504400000,1.08446,1.08449,1.08395,1.08399,3946.3401
1706508000000,1.084,1.08472,1.08392,1.08465,5587.9399
1706511600000,1.08464,1.085,1.08349,1.08371,12177.7803
1706515200000,1.0837,1.08418,1.08331,1.08346,13255.4502
1706518800000,1.08345,1.08356,1.08231,1.08251,14877.7998
1706522400000,1.08248,1.08253,1.08139,1.08189,11271.2695
1706526000000,1.0819,1.0827,1.08163,1.08228,9293.9004
1706529600000,1.08228,1.08368,1.08203,1.08219,12913.8496
1706533200000,1.0822,1.08243,1.08138,1.08203,15103.3496
1706536800000,1.08201,1.08226,1.08042,1.0807,16873.4395
1706540400000,1.08068,1.08106,1.07962,1.07972,18122.1699
1706544000000,1.07974,1.08087,1.07958,1.08059,12033.6797
1706547600000,1.08058,1.0816,1.08055,1.08116,8771.6396
1706551200000,1.08117,1.08131,1.08092,1.08114,8222.9102
1706554800000,1.08114,1.08199,1.08099,1.08189,5474.9399
1706558400000,1.08189,1.08404,1.08189,1.08311,18331.7891
1706562000000,1.08311,1.08348,1.08267,1.08323,3898.53
1706565600000,1.08307,1.08336,1.08299,1.08325,4035.5701
1706569200000,1.08325,1.08368,1.08325,1.08336,3411.55
1706572800000,1.08336,1.08422,1.08336,1.08408,7782.21
1706576400000,1.08407,1.08407,1.08324,1.08349,8990.46
1706580000000,1.08348,1.0836,1.08299,1.0834,7213.0898
1706583600000,1.08339,1.08344,1.08302,1.08305,3576.3
1706587200000,1.08307,1.08335,1.08241,1.08253,5610.9902
1706590800000,1.08251,1.0829,1.08218,1.08224,6574.8599
1706594400000,1.08225,1.08259,1.08139,1.0815,11700.7402
1706598000000,1.08149,1.08242,1.08119,1.08227,11683.8398
1706601600000,1.08228,1.08321,1.08162,1.08219,24802.3301
1706605200000,1.08219,1.08293,1.08177,1.08269,12089.0898
1706608800000,1.08268,1.08404,1.0823,1.08382,13246.3896
1706612400000,1.08385,1.08481,1.08371,1.08419,9590.1797
1706616000000,1.08418,1.08499,1.08366,1.08476,11147.29
1706619600000,1.08476,1.08485,1.0834,1.08345,26621.9492
1706623200000,1.08345,1.08573,1.08296,1.08501,25178.6406
1706626800000,1.085,1.08562,1.08281,1.08369,40762.2813
1706630400000,1.08368,1.08441,1.08343,1.0843,17811.7695
1706634000000,1.0843,1.08471,1.08367,1.08388,11266.5996
1706637600000,1.08388,1.08388,1.08315,1.08358,8579.79
1706641200000,1.08357,1.08471,1.08356,1.08459,5724.96
1706644800000,1.0846,1.08485,1.08408,1.08446,6861.7202
1706648400000,1.08447,1.0847,1.08425,1.08447,3872.4199
1706652000000,1.08446,1.0845,1.08399,1.08431,6591.8501
1706655600000,1.08432,1.08448,1.08426,1.08428,2009.1899
1706659200000,1.08429,1.08481,1.08411,1.08428,6660.9199
1706662800000,1.08426,1.08436,1.08313,1.08313,10920.5898
1706666400000,1.08313,1.08313,1.08162,1.0818,13810.4004
1706670000000,1.0818,1.08187,1.08159,1.08186,4410.3901
1706673600000,1.08185,1.08222,1.08181,1.08205,4142.9902
1706677200000,1.08203,1.08219,1.08175,1.08204,4552.8599
1706680800000,1.08204,1.0822,1.0815,1.08155,4335.0498
1706684400000,1.08155,1.08214,1.0806,1.0816,14938.7998
1706688000000,1.08159,1.0826,1.08092,1.08189,18369.3691
1706691600000,1.0819,1.08367,1.08162,1.08221,27972.0098
1706695200000,1.08222,1.08315,1.08213,1.08253,11878.4502
1706698800000,1.08256,1.08404,1.08254,1.08389,8613.2998
1706702400000,1.0839,1.08429,1.08335,1.08366,12664.29
1706706000000,1.08366,1.08628,1.08344,1.08575,39492.0195
1706709600000,1.08575,1.08865,1.08522,1.08799,37243.2695
1706713200000,1.088,1.08874,1.0854,1.08613,38532.1719
1706716800000,1.08611,1.08678,1.08448,1.08544,26991.9004
1706720400000,1.08543,1.08544,1.08418,1.08495,15831.2803
1706724000000,1.08493,1.08524,1.08437,1.08458,13683.46
1706727600000,1.08454,1.08642,1.08157,1.08403,69191.8906
1706731200000,1.08402,1.08417,1.07949,1.08077,47513.5195
1706734800000,1.08077,1.08194,1.08054,1.0818,6829.8101
1706738400000,1.0818,1.08203,1.08084,1.08137,2451.8899
1706742000000,1.08136,1.08169,1.0803,1.08039,3628.3101
1706745600000,1.08039,1.08144,1.08016,1.08081,10588.6699
1706749200000,1.08082,1.08124,1.08045,1.08089,11033.9297
1706752800000,1.08088,1.08217,1.08084,1.08192,8310.6699
1706756400000,1.08191,1.08207,1.08109,1.08116,5518.6001
1706760000000,1.08117,1.08135,1.08052,1.08076,5289.4902
1706763600000,1.08076,1.08076,1.08026,1.08027,7563.0801
1706767200000,1.08026,1.0805,1.07938,1.0796,8475.4805
1706770800000,1.07958,1.07972,1.07838,1.07932,16578.9297
1706774400000,1.07932,1.07939,1.07799,1.07916,25449.4902
1706778000000,1.07916,1.08016,1.07866,1.07983,19386.3496
1706781600000,1.07989,1.08027,1.07914,1.07931,15613.46
1706785200000,1.07931,1.08132,1.07926,1.08083,13616.5801
1706788800000,1.08084,1.08199,1.08056,1.08151,23418.6895
1706792400000,1.0815,1.08272,1.08087,1.08138,35068.1016
1706796000000,1.08137,1.08298,1.08115,1.08265,36125.6289
1706799600000,1.08265,1.08318,1.08058,1.08264,58168.1914
1706803200000,1.08263,1.08658,1.08263,1.08645,39486.0508
1706806800000,1.08645,1.08747,1.08607,1.08727,23847.2891
1706810400000,1.08727,1.08732,1.08629,1.08698,20190.5098
1706814000000,1.08698,1.08748,1.08678,1.08718,14394.5898
1706817600000,1.08719,1.08748,1.08681,1.08716,8134.7002
1706821200000,1.08715,1.08732,1.08681,1.08712,4313.8501
1706824800000,1.08712,1.08735,1.08668,1.08726,6952.02
1706828400000,1.08726,1.08761,1.08722,1.08742,2661.8101
1706832000000,1.08741,1.08796,1.08716,1.08727,5379.5
1706835600000,1.08727,1.08758,1.08701,1.08716,9684.7402
1706839200000,1.08717,1.08786,1.08713,1.08784,7108.1899
1706842800000,1.08786,1.08788,1.08734,1.08767,7191.6001
1706846400000,1.08765,1.08773,1.08719,1.0873,5443.6201
1706850000000,1.0873,1.08825,1.08723,1.08774,6212.3301
1706853600000,1.08774,1.0881,1.08739,1.08757,10146.8799
1706857200000,1.08757,1.08869,1.08743,1.08808,13893.21
1706860800000,1.08809,1.08902,1.08735,1.08792,18983.0098
1706864400000,1.08792,1.08974,1.08792,1.08908,11609.7402
1706868000000,1.08907,1.0895,1.08806,1.08845,10087.5898
1706871600000,1.08844,1.08863,1.08781,1.08835,8959.8301
1706875200000,1.08837,1.08851,1.08776,1.08803,10249.9902
1706878800000,1.08802,1.0886,1.08036,1.08072,42092.6211
1706882400000,1.08071,1.08168,1.07916,1.08086,43918.8203
1706886000000,1.08086,1.0811,1.07832,1.08023,43622.6719
1706889600000,1.08024,1.08037,1.07823,1.07861,29238.7402
1706893200000,1.07861,1.07925,1.07808,1.07834,14773.71
1706896800000,1.07836,1.0791,1.07804,1.07881,17665.1191
1706900400000,1.07882,1.07957,1.07861,1.07925,11331.6299
1706904000000,1.07926,1.07974,1.0792,1.07931,7980.29
1706907600000,1.07931,1.07939,1.07849,1.07849,6111.6499
1707084000000,1.07854,1.07858,1.07796,1.07803,3625.72
1707087600000,1.07799,1.07835,1.07698,1.07796,6862.6099
1707091200000,1.07796,1.07831,1.07673,1.07726,18094.8906
1707094800000,1.07726,1.07787,1.07686,1.07783,9908.9199
1707098400000,1.07783,1.07811,1.07755,1.07788,7856.02
1707102000000,1.07789,1.07809,1.07743,1.07791,6520.4702
1707105600000,1.0779,1.078,1.07755,1.07788,4398.79
1707109200000,1.07788,1.0782,1.07733,1.07819,7602.1299
1707112800000,1.07819,1.07847,1.07772,1.07779,6957.3701
1707116400000,1.07778,1.07832,1.07726,1.07802,10537.7803
1707120000000,1.07802,1.07861,1.07635,1.07667,19271.3906
1707123600000,1.07667,1.07728,1.07519,1.07537,15239.71
1707127200000,1.07536,1.0756,1.07477,1.07492,13542.9805
1707130800000,1.07493,1.07585,1.07469,1.07548,9540.6396
1707134400000,1.07551,1.07575,1.07493,1.07496,10247.2002
1707138000000,1.07496,1.07504,1.07362,1.07374,20803.9707
1707141600000,1.07374,1.0745,1.07352,1.0742,20546.9609
1707145200000,1.07419,1.07419,1.07231,1.07252,34697.6211
1707148800000,1.07252,1.07359,1.07246,1.07352,14289.5596
1707152400000,1.07353,1.07428,1.0734,1.07391,8767.2998
1707156000000,1.07392,1.07465,1.07374,1.0744,7774.8701
1707159600000,1.0744,1.07464,1.07421,1.07429,6901.1602
1707163200000,1.07429,1.0744,1.07367,1.07425,8446.7002
1707166800000,1.07425,1.07429,1.07393,1.07418,4173.1802
1707170400000,1.07418,1.07435,1.07391,1.07425,1729.88
1707174000000,1.0743,1.07434,1.07408,1.0741,1686.6899
1707177600000,1.07409,1.07452,1.07409,1.07438,5015.29
1707181200000,1.07439,1.07472,1.07415,1.07453,9033.2002
1707184800000,1.07454,1.0749,1.07438,1.07458,4999.3101
1707188400000,1.07459,1.07488,1.07434,1.07439,4320.4399
1707192000000,1.07439,1.07503,1.07434,1.07489,5969.0298
1707195600000,1.0749,1.07541,1.07486,1.07535,6370.52
1707199200000,1.07533,1.07533,1.07482,1.07508,6111.1699
1707202800000,1.07509,1.07623,1.07507,1.07517,12403.9199
1707206400000,1.07517,1.076,1.0745,1.0746,16037.1201
1707210000000,1.07461,1.07473,1.07254,1.07291,17551.2598
1707213600000,1.07291,1.07363,1.07276,1.07291,9763.0498
1707217200000,1.07292,1.07429,1.07242,1.07385,10372.4199
1707220800000,1.07384,1.07392,1.07225,1.07358,10304.4102
1707224400000,1.0736,1.0744,1.0728,1.07304,21308.0293
1707228000000,1.07304,1.07436,1.07289,1.07402,31513.7891
1707231600000,1.07406,1.07483,1.07367,1.07432,26133.0098
1707235200000,1.07431,1.07533,1.0739,1.07505,16141.2998
1707238800000,1.07504,1.07552,1.07478,1.07509,19669.4297
1707242400000,1.07508,1.07556,1.07435,1.07539,12671.7402
1707246000000,1.07538,1.07546,1.07468,1.07493,15001.0303
1707249600000,1.07494,1.07574,1.07494,1.07566,7980.04
1707253200000,1.07565,1.07565,1.07525,1.0754,3250.9199
1707256800000,1.07539,1.07556,1.07492,1.07532,10702.8301
1707260400000,1.07539,1.07567,1.07533,1.07566,1525.79
1707264000000,1.07569,1.07593,1.07559,1.07589,4249
1707267600000,1.07592,1.07649,1.07589,1.07634,7376.71
1707271200000,1.07633,1.07656,1.07616,1.07636,6289.3701
1707274800000,1.07636,1.07665,1.07584,1.07588,4657.6899
1707278400000,1.07587,1.07601,1.07566,1.0759,4602.1001
1707282000000,1.07589,1.07644,1.07579,1.07626,5215.6099
1707285600000,1.07626,1.07655,1.07567,1.07611,7610.3901
1707289200000,1.07612,1.07728,1.07609,1.07725,13265.4297
1707292800000,1.07725,1.07734,1.07604,1.07627,17474.1504
1707296400000,1.07627,1.07709,1.07578,1.07693,14837.1504
1707300000000,1.07691,1.07708,1.07627,1.07641,15126.3496
1707303600000,1.0764,1.07739,1.07622,1.07709,12094.6602
1707307200000,1.07709,1.07752,1.0766,1.07737,15668.8398
1707310800000,1.07738,1.07838,1.07668,1.07701,18168.2402
1707314400000,1.07702,1.0778,1.07654,1.07713,27981.6406
1707318000000,1.07715,1.07798,1.07556,1.07566,33197.5313
1707321600000,1.07567,1.07712,1.07562,1.07677,22876.0293
1707325200000,1.07676,1.07678,1.07593,1.07648,15395.1504
1707328800000,1.07647,1.07736,1.07645,1.0771,15279.3301
1707332400000,1.07712,1.07753,1.07699,1.07719,10463.0898
1707336000000,1.07718,1.07742,1.07708,1.07726,7175.4902
1707339600000,1.07726,1.07748,1.07704,1.07704,3048.8899
1707343200000,1.07704,1.07734,1.07679,1.07723,3685.6599
1707346800000,1.07722,1.0777,1.07717,1.07754,3109.8201
1707350400000,1.07754,1.07795,1.07744,1.07779,4869.6499
1707354000000,1.07778,1.07798,1.07751,1.07786,12135.8301
1707357600000,1.07787,1.07832,1.07783,1.07827,7406.1201
1707361200000,1.07827,1.07848,1.07815,1.07823,5506
1707364800000,1.07822,1.07883,1.07795,1.07799,6092.0098
1707368400000,1.07797,1.0784,1.07784,1.07826,5356.9902
1707372000000,1.07828,1.07863,1.07811,1.07839,6374.1699
1707375600000,1.07839,1.07889,1.07767,1.078,13414.04
1707379200000,1.07801,1.0784,1.07684,1.07771,16570.2402
1707382800000,1.07772,1.07841,1.07734,1.07828,12609.3799
1707386400000,1.07829,1.07855,1.07711,1.07717,9703.7402
1707390000000,1.07715,1.0773,1.0761,1.07629,10162.9902
1707393600000,1.0763,1.07635,1.075,1.07568,14243.5098
1707397200000,1.0757,1.07621,1.07416,1.0744,27486.3301
1707400800000,1.0744,1.07674,1.07435,1.07647,20982.8691
1707404400000,1.0765,1.07675,1.07513,1.07611,23954.9492
1707408000000,1.07611,1.0774,1.07601,1.07732,8369.4199
1707411600000,1.07733,1.07765,1.07713,1.07734,10746.8896
1707415200000,1.07734,1.07827,1.07732,1.07766,14850.4902
1707418800000,1.07765,1.07785,1.07726,1.07747,9166.9297
1707422400000,1.07748,1.07799,1.07748,1.07777,7927.8599
1707426000000,1.07778,1.07786,1.0776,1.07769,3545.54
1707429600000,1.07767,1.07787,1.0774,1.07755,2183.6699
1707433200000,1.07755,1.07778,1.07738,1.07776,2269.6001
1707436800000,1.07775,1.07786,1.07722,1.07729,5031.8701
1707440400000,1.07729,1.07786,1.07729,1.07743,6627.0898
1707444000000,1.07742,1.07782,1.07732,1.07761,5864.8701
1707447600000,1.07763,1.07775,1.07701,1.07708,6924.48
1707451200000,1.07709,1.07726,1.07693,1.07711,3543.4299
1707454800000,1.0771,1.07738,1.07695,1.0771,3002
1707458400000,1.07711,1.07755,1.07699,1.07745,4125.23
1707462000000,1.07747,1.07827,1.07744,1.07801,11301.9697
1707465600000,1.07803,1.07847,1.07723,1.07726,15764.2197
1707469200000,1.07725,1.07768,1.0766,1.0767,14508.2305
1707472800000,1.07669,1.07701,1.07621,1.07666,11242.6299
1707476400000,1.07666,1.07731,1.07635,1.07716,12702.8896
1707480000000,1.07717,1.07765,1.0763,1.07672,14341.4297
1707483600000,1.07671,1.07949,1.07654,1.07831,42755.8516
1707487200000,1.0783,1.07951,1.07749,1.07816,33438.2109
1707490800000,1.07816,1.07898,1.07798,1.07863,25157.2402
1707494400000,1.07864,1.0788,1.07797,1.07816,19841.8105
1707498000000,1.07816,1.07866,1.07792,1.07855,7360.3599
1707501600000,1.07856,1.07908,1.07855,1.07866,6030.8101
1707505200000,1.07865,1.07877,1.07813,1.07825,3714.74
1707508800000,1.07824,1.0788,1.07797,1.07863,3950.0901
1707512400000,1.07862,1.07885,1.07821,1.07821,5024.6299
1707688800000,1.07767,1.07861,1.07766,1.07839,1856.33
1707692400000,1.07843,1.07983,1.07839,1.07979,10277.6602
1707696000000,1.0798,1.07997,1.07967,1.07986,8353.0996
1707699600000,1.07987,1.07987,1.07937,1.07957,4097.3398
1707703200000,1.07957,1.07978,1.07932,1.07948,4282.5601
1707706800000,1.07948,1.0797,1.07911,1.07918,4472.79
1707710400000,1.07918,1.07939,1.07893,1.07904,2795.55
1707714000000,1.07903,1.07944,1.07899,1.07914,2915.8999
1707717600000,1.07914,1.0793,1.07899,1.07914,2903.8101
1707721200000,1.07914,1.08055,1.07894,1.08031,9529.9502
1707724800000,1.0803,1.0803,1.07743,1.07753,15164.2402
1707728400000,1.07751,1.0778,1.07667,1.07691,9637.4404
1707732000000,1.07691,1.07787,1.07672,1.07766,9033.71
1707735600000,1.07767,1.07777,1.0763,1.07693,11591.5303
1707739200000,1.07695,1.07735,1.07651,1.07697,10368.1904
1707742800000,1.07699,1.07736,1.0761,1.07638,17376.6191
1707746400000,1.07638,1.07741,1.07631,1.07722,15943.8301
1707750000000,1.07721,1.07724,1.07559,1.07674,13881.29
1707753600000,1.07673,1.07774,1.07652,1.07732,15750.6504
1707757200000,1.07733,1.07823,1.07728,1.07823,9818.5898
1707760800000,1.07823,1.0786,1.07805,1.07812,8216.8799
1707764400000,1.07812,1.07829,1.07679,1.07693,8325.8604
1707768000000,1.07693,1.0775,1.07693,1.07742,4658.25
1707771600000,1.07743,1.0775,1.07703,1.07706,2275.74
1707775200000,1.07702,1.07751,1.07697,1.07724,4122.8501
1707778800000,1.07723,1.07727,1.07705,1.07717,1777.01
1707782400000,1.07718,1.0773,1.07669,1.07727,4058.71
1707786000000,1.07727,1.07744,1.07657,1.07668,4899.46
1707789600000,1.07668,1.07668,1.07621,1.07642,3816.53
1707793200000,1.07641,1.07647,1.07606,1.07617,4037.51
1707796800000,1.07616,1.07641,1.07612,1.07637,2133.6799
1707800400000,1.07635,1.07678,1.07635,1.07669,2989.1699
1707804000000,1.07668,1.07724,1.07661,1.07704,3135.25
1707807600000,1.07704,1.07776,1.07657,1.07712,13133.7305
1707811200000,1.07711,1.07745,1.07622,1.07675,14921.7803
1707814800000,1.07675,1.07693,1.07567,1.07666,9922.7197
1707818400000,1.07666,1.07761,1.07662,1.07722,17187.6309
1707822000000,1.07721,1.07818,1.0772,1.07778,11144.1299
1707825600000,1.07777,1.07865,1.07762,1.07854,9371.1797
1707829200000,1.07854,1.07985,1.07031,1.07084,45993.0898
1707832800000,1.07084,1.07237,1.07006,1.07179,42838.3984
1707836400000,1.0718,1.07267,1.0706,1.07166,36183.6992
1707840000000,1.07166,1.0722,1.07127,1.07192,18153.0391
1707843600000,1.07192,1.072,1.07122,1.07151,13462.71
1707847200000,1.07152,1.07201,1.07076,1.07084,8505.5801
1707850800000,1.0708,1.07082,1.07005,1.07012,12203.6602
1707854400000,1.07012,1.071,1.07005,1.07073,8112.6001
1707858000000,1.07072,1.07101,1.0707,1.07079,3049.1599
1707861600000,1.0708,1.07116,1.07071,1.071,3089.5
1707865200000,1.07101,1.07107,1.07078,1.07083,2275.1799
1707868800000,1.07083,1.07144,1.0706,1.07078,5719.75
1707872400000,1.07078,1.07121,1.07032,1.07115,9166.5996
1707876000000,1.07116,1.07139,1.07087,1.07095,5605.7998
1707879600000,1.07095,1.07139,1.07081,1.07126,4726.1001
1707883200000,1.07124,1.07145,1.07093,1.07143,5257.0601
1707886800000,1.07144,1.0715,1.07116,1.07139,4244.96
1707890400000,1.07139,1.07186,1.07138,1.07162,5840.2998
1707894000000,1.07163,1.07173,1.0705,1.07075,15037.8701
1707897600000,1.07074,1.07081,1.06949,1.07022,20557.7305
1707901200000,1.07021,1.07057,1.06962,1.07,13048.3301
1707904800000,1.07001,1.07043,1.06963,1.07036,9580.6904
1707908400000,1.07036,1.07103,1.06971,1.07078,9770.6602
1707912000000,1.07079,1.07103,1.0701,1.07056,9578.8799
1707915600000,1.07058,1.07167,1.07058,1.07086,19675.0898
1707919200000,1.07086,1.07229,1.07065,1.0716,28014.7305
1707922800000,1.0716,1.07252,1.07133,1.07212,25086.1797
1707926400000,1.07211,1.07344,1.07191,1.07339,17554.0801
1707930000000,1.07338,1.07338,1.07278,1.07306,13439.9697
1707933600000,1.07307,1.07338,1.07259,1.07269,9689.5195
1707937200000,1.07269,1.07293,1.07256,1.07281,8101.4399
1707940800000,1.07282,1.07288,1.07259,1.07276,7543.3999
1707944400000,1.07275,1.07284,1.0725,1.0725,3474.0701
1707948000000,1.0725,1.07285,1.07246,1.07272,4740.6401
1707951600000,1.07272,1.07322,1.07272,1.07319,1663.41
1707955200000,1.07321,1.07354,1.07293,1.0734,4060.78
1707958800000,1.0734,1.07351,1.07263,1.07283,8054.96
1707962400000,1.07283,1.07315,1.07258,1.07292,6017.3799
1707966000000,1.07294,1.07305,1.0725,1.07256,4773.02
1707969600000,1.07255,1.07267,1.07246,1.07259,4029.45
1707973200000,1.0726,1.07321,1.0726,1.0729,4506.1602
1707976800000,1.0729,1.07338,1.07271,1.07309,6890.96
1707980400000,1.07308,1.07413,1.07275,1.07328,13701.3701
1707984000000,1.07328,1.07375,1.07296,1.07308,18369.4199
1707987600000,1.07308,1.07368,1.07279,1.0733,12976.2305
1707991200000,1.07329,1.07368,1.07307,1.07345,11367.7197
1707994800000,1.07346,1.074,1.07338,1.07353,7491.6802
1707998400000,1.07354,1.07486,1.07353,1.07449,9310.25
1708002000000,1.07449,1.07727,1.07426,1.07664,44785.1094
1708005600000,1.07659,1.07829,1.07591,1.07759,47068.1602
1708009200000,1.07761,1.07847,1.07585,1.07611,34109.5508
1708012800000,1.07611,1.07631,1.07552,1.07596,20435.5391
1708016400000,1.07597,1.07629,1.07565,1.07623,9531.7695
1708020000000,1.07623,1.07674,1.07605,1.07669,8357.4004
1708023600000,1.07669,1.07723,1.07665,1.07687,8528.9902
1708027200000,1.07687,1.07718,1.0768,1.07715,8324.7197
1708030800000,1.07715,1.07738,1.07703,1.07718,4157.3301
1708034400000,1.07718,1.07727,1.0768,1.07724,2393.52
1708038000000,1.07726,1.07768,1.07717,1.07726,1525.33
1708041600000,1.07726,1.07736,1.07612,1.07647,5924.6401
1708045200000,1.0765,1.07661,1.07611,1.07648,5710.3599
1708048800000,1.07648,1.0765,1.07599,1.07604,5715.9902
1708052400000,1.07604,1.0763,1.0759,1.07598,5115.25
1708056000000,1.07599,1.07611,1.07573,1.07593,4172.27
1708059600000,1.07591,1.07618,1.07583,1.07601,3300.01
1708063200000,1.07601,1.07626,1.07586,1.07626,2943.6101
1708066800000,1.07626,1.07678,1.076,1.07606,6406.9302
1708070400000,1.07607,1.07713,1.07595,1.07699,6671.0801
1708074000000,1.07699,1.07717,1.0764,1.07661,13284.5498
1708077600000,1.07661,1.07708,1.07625,1.0768,7372.79
1708081200000,1.07678,1.078,1.07667,1.07775,7989.4902
1708084800000,1.07773,1.0778,1.07675,1.0768,12099.3398
1708088400000,1.07679,1.07709,1.07319,1.07464,31422.4199
1708092000000,1.07465,1.07569,1.07409,1.07496,38059.5391
1708095600000,1.07494,1.07768,1.07483,1.07707,32516.6191
1708099200000,1.0771,1.07753,1.07656,1.07683,23107.3691
1708102800000,1.07681,1.07778,1.07626,1.07777,9637.6201
1708106400000,1.07778,1.07859,1.07739,1.0785,9616.7598
1708110000000,1.07851,1.07874,1.07754,1.0777,12132.2598
1708113600000,1.0777,1.07774,1.07729,1.07764,11652.4805
1708117200000,1.07764,1.07778,1.07747,1.07749,6292.6899
1708293600000,1.07718,1.07768,1.07718,1.07748,1649.45
1708297200000,1.07744,1.0785,1.07744,1.0784,2457.48
1708300800000,1.07838,1.07889,1.07836,1.07869,4694.3398
1708304400000,1.0787,1.0788,1.07782,1.07803,7824.4399
1708308000000,1.07802,1.07818,1.0778,1.07812,4046.22
1708311600000,1.07811,1.07832,1.0775,1.07754,5293.79
1708315200000,1.07753,1.07809,1.07748,1.07778,3219.1899
1708318800000,1.07779,1.07827,1.0777,1.07816,4010.5901
1708322400000,1.07817,1.07867,1.078,1.07863,4228.46
1708326000000,1.07863,1.07894,1.07813,1.07826,7508.96
1708329600000,1.0783,1.07873,1.07762,1.07781,11501.1299
1708333200000,1.07782,1.07833,1.07723,1.07747,11137.4902
1708336800000,1.07746,1.07787,1.07721,1.07752,7882.2598
1708340400000,1.07753,1.07817,1.07735,1.0777,7450.48
1708344000000,1.07769,1.07794,1.07696,1.077,6111.2998
1708347600000,1.07704,1.07787,1.07675,1.077,6508.5601
1708351200000,1.077,1.07706,1.07631,1.07663,10160.9004
1708354800000,1.07664,1.07684,1.07621,1.07674,7842.0601
1708358400000,1.07673,1.07707,1.07626,1.07698,3966.5801
1708362000000,1.07697,1.07763,1.07694,1.07761,1833.75
1708365600000,1.0776,1.07836,1.0776,1.07789,2838.0901
1708369200000,1.07791,1.07821,1.07779,1.07783,1837.08
1708372800000,1.07786,1.07797,1.07775,1.07793,852.66
1708376400000,1.07793,1.07823,1.07776,1.07785,1043.1
1708380000000,1.0777,1.07801,1.07758,1.07784,2852.72
1708383600000,1.07784,1.07799,1.07737,1.07754,2541.4099
1708387200000,1.07753,1.07769,1.07676,1.07696,6838.3799
1708390800000,1.07695,1.07712,1.07649,1.07659,11486.3203
1708394400000,1.07658,1.07669,1.07615,1.07669,6752.3198
1708398000000,1.07668,1.07685,1.07644,1.07678,5332.0601
1708401600000,1.07678,1.07709,1.07674,1.07689,4428.25
1708405200000,1.0769,1.077,1.07651,1.07679,5201.8901
1708408800000,1.07679,1.07727,1.07673,1.07708,5876.8799
1708412400000,1.07708,1.07748,1.07674,1.07697,12456.0498
1708416000000,1.07695,1.07777,1.07688,1.07758,16015.7305
1708419600000,1.07757,1.07988,1.07738,1.07977,16599.5508
1708423200000,1.07977,1.08094,1.07954,1.08038,19905.4199
1708426800000,1.08039,1.08043,1.07937,1.07983,15739.7998
1708430400000,1.07984,1.08056,1.07954,1.0798,18227.6602
1708434000000,1.07981,1.08249,1.07968,1.0823,21168.8496
1708437600000,1.08232,1.08387,1.08183,1.08289,30978.8105
1708441200000,1.0829,1.08295,1.0813,1.08226,24169.9297
1708444800000,1.08227,1.08248,1.08124,1.08129,14266.0498
1708448400000,1.0813,1.08149,1.08091,1.08117,9685.3398
1708452000000,1.08116,1.0813,1.0807,1.08098,7437.3799
1708455600000,1.08098,1.08113,1.08064,1.08064,8203.2695
1708459200000,1.08063,1.08126,1.08043,1.08104,8147.25
1708462800000,1.08104,1.08107,1.08065,1.08072,3315.21
1708466400000,1.08071,1.08097,1.08056,1.0809,2198.75
1708470000000,1.08091,1.0811,1.08074,1.08098,3337.49
1708473600000,1.081,1.08111,1.08066,1.08102,5040.5801
1708477200000,1.08102,1.08125,1.08055,1.08119,6901.9902
1708480800000,1.0812,1.08172,1.08119,1.0815,6286.3599
1708484400000,1.0815,1.08189,1.08136,1.08178,4503.7202
1708488000000,1.08179,1.08191,1.08135,1.08141,4508.0601
1708491600000,1.08141,1.08165,1.08125,1.0815,4653.54
1708495200000,1.08151,1.08152,1.08075,1.08114,7454.0498
1708498800000,1.08114,1.0814,1.08064,1.08107,9030.6104
1708502400000,1.08106,1.08146,1.07972,1.07987,12543.4502
1708506000000,1.07987,1.08003,1.07899,1.07999,12302.4805
1708509600000,1.07997,1.08031,1.07959,1.08011,9498.9004
1708513200000,1.0801,1.08021,1.07942,1.0799,8662
1708516800000,1.0799,1.08031,1.07964,1.08031,9913.1201
1708520400000,1.08031,1.08114,1.08031,1.081,16890.25
1708524000000,1.08101,1.08162,1.08061,1.08131,16289.9102
1708527600000,1.0813,1.08199,1.08043,1.08051,17638.4297
1708531200000,1.08051,1.08188,1.08008,1.08169,14412.0801
1708534800000,1.08171,1.08172,1.08066,1.08075,12360.5498
1708538400000,1.08074,1.08135,1.07999,1.08113,18522.5605
1708542000000,1.08117,1.08243,1.0805,1.08165,20779.9102
1708545600000,1.08164,1.08209,1.08124,1.08171,15433.6797
1708549200000,1.08172,1.08201,1.08129,1.08181,3715.3999
1708552800000,1.08182,1.08209,1.08146,1.08192,6793.9399
1708556400000,1.08191,1.08226,1.08187,1.08202,3243.26
1708560000000,1.08201,1.08321,1.082,1.08302,6302.48
1708563600000,1.08301,1.08306,1.08267,1.08267,10019.4404
1708567200000,1.08266,1.08271,1.0819,1.0826,6769.5898
1708570800000,1.0826,1.08272,1.08231,1.08257,2944.79
1708574400000,1.08258,1.08309,1.08252,1.08303,3802.6399
1708578000000,1.08302,1.08378,1.08296,1.08333,4147.7202
1708581600000,1.08331,1.084,1.0833,1.08384,4575.3101
1708585200000,1.08385,1.08538,1.08376,1.08531,10796.1904
1708588800000,1.08531,1.08882,1.08526,1.08714,26067.5508
1708592400000,1.08715,1.08716,1.0848,1.08529,18012.7891
1708596000000,1.08527,1.08588,1.08503,1.08566,8447.0195
1708599600000,1.08568,1.08573,1.08448,1.08573,8014.1699
1708603200000,1.08572,1.08586,1.08424,1.08438,10891.8301
1708606800000,1.08439,1.08481,1.0821,1.08231,21297.5
1708610400000,1.0823,1.08246,1.08026,1.0818,23295.5996
1708614000000,1.0818,1.08194,1.08036,1.08102,23981.1094
1708617600000,1.08101,1.08185,1.08088,1.08141,11739.7598
1708621200000,1.08142,1.0824,1.08117,1.08202,6533.1201
1708624800000,1.08201,1.08261,1.08144,1.08248,5889.3599
1708628400000,1.08247,1.08251,1.08192,1.08223,5939.1602
1708632000000,1.08224,1.08232,1.08185,1.08217,6643.1602
1708635600000,1.08218,1.08236,1.08208,1.08222,2599.3
1708639200000,1.08221,1.08242,1.08174,1.08209,2214.95
1708642800000,1.08215,1.08258,1.08204,1.08253,1576
1708646400000,1.08253,1.08278,1.08149,1.08218,5902.8599
1708650000000,1.08216,1.08318,1.08216,1.08269,4787.4399
1708653600000,1.08271,1.08305,1.08247,1.08254,4576.5801
1708657200000,1.08253,1.0826,1.08227,1.08252,4301.9702
1708660800000,1.08253,1.08284,1.08249,1.08254,4701.4902
1708664400000,1.08253,1.08269,1.08213,1.08227,3624.8201
1708668000000,1.08227,1.08276,1.08217,1.08256,5050.3599
1708671600000,1.08256,1.08318,1.08239,1.08294,9056.9297
1708675200000,1.08295,1.08324,1.08209,1.0825,10952.3096
1708678800000,1.0825,1.08257,1.0814,1.08173,8414.04
1708682400000,1.08174,1.08248,1.08171,1.08237,7711.8999
1708686000000,1.08239,1.08314,1.08223,1.08271,8218.96
1708689600000,1.08271,1.08395,1.08245,1.08361,9679.5596
1708693200000,1.08361,1.08367,1.08268,1.08319,14334.0801
1708696800000,1.08316,1.08368,1.08243,1.08255,14851.4502
1708700400000,1.08255,1.08256,1.08117,1.08206,14583.0303
1708704000000,1.08206,1.08287,1.08149,1.08274,12275.9805
1708707600000,1.08275,1.08288,1.0821,1.08247,9697.3701
1708711200000,1.08248,1.08296,1.08229,1.08265,5538.6699
1708714800000,1.08264,1.08265,1.08201,1.08229,6125.3799
1708718400000,1.08229,1.08245,1.08176,1.08223,6734.5898
1708722000000,1.08223,1.08231,1.08174,1.08174,5611.25
1708898400000,1.08318,1.08322,1.08182,1.08227,2229.23
1708902000000,1.0823,1.0823,1.08189,1.0819,1620.92
1708905600000,1.08188,1.08202,1.0816,1.08166,5171.7998
1708909200000,1.08165,1.08194,1.08126,1.08163,5573.9302
1708912800000,1.08163,1.08176,1.08143,1.08171,2827.8999
1708916400000,1.08169,1.08194,1.0816,1.08185,3555.5901
1708920000000,1.08185,1.08226,1.08175,1.08211,4645.3999
1708923600000,1.0821,1.08241,1.08188,1.08231,3890.1001
1708927200000,1.0823,1.08254,1.08219,1.0824,3503.4399
1708930800000,1.08241,1.08366,1.08229,1.08321,9867.1602
1708934400000,1.08322,1.08355,1.0827,1.08321,9681.7598
1708938000000,1.08321,1.08403,1.08306,1.08399,5252.6001
1708941600000,1.084,1.08487,1.08385,1.08478,8503.25
1708945200000,1.08477,1.0854,1.0845,1.08519,7099.2002
1708948800000,1.0852,1.08597,1.08487,1.08496,7049.5698
1708952400000,1.08495,1.08589,1.08483,1.08578,9535.0098
1708956000000,1.08579,1.08587,1.08438,1.08459,14956.8896
1708959600000,1.0846,1.08543,1.08386,1.08509,11372.7695
1708963200000,1.08509,1.08555,1.08471,1.0854,8634.1104
1708966800000,1.0854,1.08548,1.08436,1.08453,7248.27
1708970400000,1.08452,1.08458,1.08397,1.08446,5802.54
1708974000000,1.08445,1.08475,1.08439,1.08462,5322.3501
1708977600000,1.08462,1.08525,1.08461,1.08507,8806.7305
1708981200000,1.08507,1.08515,1.08497,1.08504,2371.49
1708984800000,1.08504,1.08505,1.08469,1.08497,6815.7798
1708988400000,1.08497,1.08513,1.08482,1.08503,1386.15
1708992000000,1.08504,1.08508,1.08467,1.08474,1658.1899
1708995600000,1.08473,1.08507,1.08454,1.08499,2910.3101
1708999200000,1.08499,1.08534,1.08482,1.08514,1451.02
1709002800000,1.08514,1.08529,1.08485,1.08528,1104.83
1709006400000,1.08529,1.08553,1.08526,1.08534,914.42
1709010000000,1.08533,1.08541,1.08486,1.08519,1715.54
1709013600000,1.0852,1.08527,1.0847,1.085,2019.6899
1709017200000,1.08501,1.08626,1.08498,1.0856,4594.4302
1709020800000,1.08558,1.08659,1.08529,1.08576,6280.4302
1709024400000,1.08575,1.08594,1.08518,1.08529,9762.1797
1709028000000,1.08528,1.08532,1.08418,1.08517,7676.4199
1709031600000,1.08516,1.08589,1.08479,1.08576,5510.9702
1709035200000,1.08576,1.0863,1.08557,1.08568,5711.7202
1709038800000,1.08568,1.08577,1.08449,1.0848,13344.6504
1709042400000,1.08479,1.08508,1.08359,1.084,9812.4697
1709046000000,1.08398,1.08512,1.0833,1.08469,13089.9004
1709049600000,1.08469,1.08577,1.08448,1.0856,9461.4199
1709053200000,1.0856,1.08565,1.08488,1.08507,7941.4102
1709056800000,1.08507,1.08567,1.08489,1.08495,7085.0098
1709060400000,1.08494,1.08494,1.08408,1.08442,6353.7998
1709064000000,1.08441,1.08475,1.0842,1.08441,4393.3901
1709067600000,1.0844,1.08461,1.08437,1.08437,2726.74
1709071200000,1.08437,1.08465,1.08433,1.08434,4712.8198
1709074800000,1.08434,1.08452,1.0841,1.0841,1989.9301
1709078400000,1.08411,1.08455,1.08405,1.08446,3188.95
1709082000000,1.08447,1.08447,1.08378,1.08394,6200.2598
1709085600000,1.08394,1.08402,1.08371,1.08375,3224.47
1709089200000,1.08375,1.08381,1.08328,1.08343,3315.8401
1709092800000,1.08344,1.08357,1.08318,1.08323,3267.3201
1709096400000,1.08322,1.08331,1.08254,1.08266,5040.1899
1709100000000,1.08265,1.08293,1.0822,1.08224,4617.5
1709103600000,1.08223,1.08248,1.08164,1.08232,7436.4502
1709107200000,1.08233,1.08241,1.08084,1.0809,11599.2998
1709110800000,1.08089,1.08126,1.07966,1.08,13346.3398
1709114400000,1.07999,1.08176,1.07993,1.08154,12266.75
1709118000000,1.08154,1.08179,1.0811,1.08154,8032.96
1709121600000,1.08154,1.08208,1.08073,1.08088,7975.1201
1709125200000,1.08087,1.08309,1.08067,1.08278,18089.7305
1709128800000,1.08276,1.08337,1.08213,1.08299,22499.9199
1709132400000,1.083,1.08379,1.0826,1.08343,9902.4697
1709136000000,1.08342,1.08423,1.08312,1.08421,9902.3799
1709139600000,1.0842,1.08458,1.08339,1.08383,7422.6201
1709143200000,1.08384,1.08404,1.08329,1.08343,6291.6802
1709146800000,1.08343,1.08372,1.08324,1.08336,6937.1401
1709150400000,1.08336,1.08398,1.0833,1.0838,6413.3301
1709154000000,1.0838,1.08394,1.08361,1.08375,2576.2
1709157600000,1.08376,1.08401,1.08341,1.0838,3425.49
1709161200000,1.0838,1.084,1.08374,1.08383,1687.99
1709164800000,1.08384,1.084,1.08347,1.08363,4959.77
1709168400000,1.08363,1.08403,1.0828,1.0829,7769.6602
1709172000000,1.0829,1.08367,1.08287,1.08365,8653.2803
1709175600000,1.08364,1.08378,1.08336,1.08369,5855.7402
1709179200000,1.08368,1.08376,1.08341,1.08363,5702.1099
1709182800000,1.08363,1.08373,1.08317,1.08353,4819.6802
1709186400000,1.08352,1.08381,1.08321,1.08329,5608.8999
1709190000000,1.08327,1.08393,1.08259,1.08288,10787.5498
1709193600000,1.08288,1.08473,1.08285,1.08376,16754.0293
1709197200000,1.08389,1.0852,1.08375,1.08505,13370.0801
1709200800000,1.08506,1.08542,1.08376,1.08378,9694.0996
1709204400000,1.08377,1.08429,1.08288,1.08343,8426.7998
1709208000000,1.08343,1.08358,1.08265,1.08287,9484.2197
1709211600000,1.08287,1.08467,1.08218,1.08377,27706.5
1709215200000,1.08376,1.08503,1.08363,1.08466,21038.9297
1709218800000,1.08469,1.08558,1.0819,1.08224,21985.3398
1709222400000,1.08223,1.0825,1.08044,1.08062,15965.5303
1709226000000,1.08062,1.08073,1.07958,1.07998,10854.4199
1709229600000,1.07999,1.08102,1.07983,1.08091,7718.2002
1709233200000,1.08092,1.08112,1.08009,1.08025,12128.21
1709236800000,1.08025,1.08095,1.08025,1.08083,10873.5098
1709240400000,1.08083,1.08086,1.08039,1.08046,4655.1699
1709244000000,1.08046,1.08057,1.07998,1.08047,11190.0498
1709247600000,1.08053,1.08056,1.08023,1.08055,1106.99
1709251200000,1.08055,1.08124,1.08052,1.08113,4613.5298
1709254800000,1.08114,1.08212,1.08109,1.08212,4242.3599
1709258400000,1.08214,1.08218,1.08166,1.08183,5401.71
1709262000000,1.08184,1.08211,1.08165,1.08168,2426.8501
1709265600000,1.08169,1.0817,1.08122,1.08135,1585.08
1709269200000,1.08135,1.08141,1.08111,1.08122,2842.51
1709272800000,1.0812,1.08139,1.08082,1.08091,3113.8101
1709276400000,1.0809,1.08174,1.08087,1.08125,5620.29
1709280000000,1.08127,1.08199,1.0809,1.08112,13385.8096
1709283600000,1.08111,1.08176,1.08086,1.08153,8489.4902
1709287200000,1.08156,1.08227,1.07984,1.08104,16511.9492
1709290800000,1.08105,1.08191,1.08102,1.08187,10719.71
1709294400000,1.08187,1.08247,1.08119,1.08129,12278.4297
1709298000000,1.08128,1.08153,1.08078,1.08127,13035.9805
1709301600000,1.08127,1.08206,1.07981,1.07999,16308.8398
1709305200000,1.08,1.08416,1.08,1.0835,45959.8203
1709308800000,1.08349,1.08368,1.08233,1.0831,9435.3496
1709312400000,1.08309,1.08398,1.08288,1.08376,4686.6401
1709316000000,1.08376,1.08424,1.08315,1.084,7922.0298
1709319600000,1.084,1.08432,1.08381,1.08412,6756.7998
1709323200000,1.08412,1.08412,1.08348,1.08373,4078.8799
1709326800000,1.08373,1.08405,1.08333,1.08368,5821.6299
1709503200000,1.08359,1.08425,1.0835,1.08398,4581.1499
1709506800000,1.08397,1.0844,1.08397,1.08416,5203.75
1709510400000,1.08417,1.0848,1.08407,1.08457,4933.4502
1709514000000,1.08458,1.08458,1.08385,1.084,4629.6001
1709517600000,1.08401,1.08458,1.08385,1.08453,3487.97
1709521200000,1.08454,1.08457,1.08421,1.08438,2976.73
1709524800000,1.0844,1.08457,1.08431,1.08436,1675.6
1709528400000,1.08435,1.08468,1.08428,1.08443,2289.46
1709532000000,1.08443,1.08478,1.0843,1.08469,3157.98
1709535600000,1.0847,1.08539,1.08451,1.08537,7098.1602
1709539200000,1.08537,1.08578,1.08377,1.08447,10774.9297
1709542800000,1.08448,1.0852,1.08422,1.0849,6572.8501
1709546400000,1.08489,1.08549,1.08458,1.08536,5944.2998
1709550000000,1.08535,1.08569,1.08515,1.08562,7333.0601
1709553600000,1.08562,1.08575,1.08416,1.08425,9206.1904
1709557200000,1.08426,1.085,1.08401,1.08487,9726.4004
1709560800000,1.08486,1.08617,1.0845,1.08597,13185.3301
1709564400000,1.08596,1.08636,1.08554,1.08632,11518.75
1709568000000,1.08633,1.08667,1.08567,1.08614,8401.9297
1709571600000,1.08614,1.08623,1.08554,1.08579,7060.4702
1709575200000,1.08578,1.08606,1.08557,1.08563,2867.52
1709578800000,1.08564,1.08583,1.08553,1.08565,4488.5698
1709582400000,1.08565,1.08594,1.08553,1.08558,6183.6001
1709586000000,1.08559,1.08571,1.08549,1.08549,3069.0601
1709589600000,1.08549,1.08569,1.08526,1.08531,11591.4902
1709593200000,1.08533,1.0858,1.08533,1.08541,1788.12
1709596800000,1.0854,1.08552,1.08514,1.08529,1742.65
1709600400000,1.0853,1.08546,1.08475,1.08494,5125.6401
1709604000000,1.08496,1.08518,1.08484,1.085,3323.8
1709607600000,1.085,1.08547,1.08495,1.08541,2519.3799
1709611200000,1.08542,1.08542,1.08498,1.08505,1999.2
1709614800000,1.08504,1.08541,1.08493,1.08528,2537.54
1709618400000,1.08529,1.08532,1.08445,1.08467,4543.23
1709622000000,1.08468,1.08512,1.08414,1.08463,8756.1904
1709625600000,1.08464,1.08518,1.0843,1.08471,9166.04
1709629200000,1.0847,1.08558,1.0847,1.08514,7178.5498
1709632800000,1.08512,1.08549,1.08494,1.08502,6272.6699
1709636400000,1.08501,1.08535,1.08478,1.08498,4509.3901
1709640000000,1.08498,1.08504,1.08456,1.08472,5118.3198
1709643600000,1.08471,1.08516,1.0842,1.08462,11274.8496
1709647200000,1.08464,1.08544,1.08403,1.08453,14023.4502
1709650800000,1.08454,1.0876,1.0845,1.08714,25957.1797
1709654400000,1.08715,1.08719,1.0858,1.08609,12613.8701
1709658000000,1.08609,1.08644,1.08577,1.08599,6889.8501
1709661600000,1.08598,1.08599,1.08513,1.08527,5399.5298
1709665200000,1.08528,1.08576,1.08513,1.08528,6494.1499
1709668800000,1.08528,1.08584,1.08489,1.08575,4990.25
1709672400000,1.08576,1.08589,1.08559,1.0856,4237.0601
1709676000000,1.0856,1.08572,1.08556,1.08564,4806.8901
1709679600000,1.08566,1.08587,1.08554,1.08555,1343.66
1709683200000,1.08554,1.08556,1.08492,1.08498,2702.3301
1709686800000,1.08497,1.08502,1.08421,1.08438,6766.6099
1709690400000,1.08439,1.08533,1.08439,1.08526,4816.23
1709694000000,1.08526,1.08531,1.08503,1.08507,4377.04
1709697600000,1.08507,1.08522,1.08495,1.08516,3196.5901
1709701200000,1.08516,1.08568,1.08516,1.08551,4562.23
1709704800000,1.08551,1.08605,1.08547,1.08594,5304.2798
1709708400000,1.08594,1.08663,1.08586,1.08619,7848.2202
1709712000000,1.08619,1.08741,1.08592,1.08731,9044.9199
1709715600000,1.08731,1.08777,1.08694,1.08765,6191.3901
1709719200000,1.08764,1.08795,1.08734,1.08773,4479.21
1709722800000,1.08773,1.08783,1.08715,1.08757,4960.1299
1709726400000,1.08757,1.08785,1.08675,1.08687,6939.8701
1709730000000,1.08688,1.08848,1.08683,1.08847,20872.5703
1709733600000,1.08846,1.08894,1.0883,1.08869,11743.3301
1709737200000,1.08869,1.09087,1.08813,1.09052,20758.1094
1709740800000,1.09053,1.09149,1.08995,1.09122,17501.7109
1709744400000,1.09122,1.09153,1.08995,1.09023,13888.25
1709748000000,1.09023,1.09077,1.09005,1.09029,9770.2002
1709751600000,1.09028,1.09028,1.08933,1.08968,11377.4199
1709755200000,1.08967,1.08994,1.08929,1.0899,8491.0254
1709758800000,1.08988,1.08995,1.08953,1.0898,2289.5701
1709762400000,1.0898,1.09011,1.08928,1.08979,4183.7998
1709766000000,1.08978,1.09013,1.0897,1.08995,2049.3301
1709769600000,1.08994,1.09073,1.08993,1.0903,4711.4902
1709773200000,1.09031,1.09042,1.08965,1.08979,5951.4302
1709776800000,1.08979,1.0899,1.08936,1.08984,3102.48
1709780400000,1.08983,1.09014,1.08955,1.09006,2723.4299
1709784000000,1.09005,1.09055,1.09003,1.09035,4876.1401
1709787600000,1.09034,1.09055,1.08997,1.09004,2273.8101
1709791200000,1.09003,1.09029,1.08985,1.09014,3941
1709794800000,1.09016,1.09043,1.08912,1.08937,8281.9902
1709798400000,1.08938,1.08978,1.08876,1.08978,7756.2402
1709802000000,1.08976,1.09027,1.08928,1.09016,5022.0498
1709805600000,1.09017,1.09019,1.08896,1.08964,9681.0098
1709809200000,1.08965,1.0899,1.08924,1.08939,6994.9102
1709812800000,1.08939,1.09001,1.08922,1.08943,7216.8101
1709816400000,1.08943,1.08967,1.08678,1.08723,28509.2207
1709820000000,1.08723,1.09194,1.08692,1.09155,31924.6895
1709823600000,1.09157,1.09309,1.09081,1.09299,17152.9609
1709827200000,1.09299,1.0942,1.09247,1.09401,13487.4297
1709830800000,1.09401,1.09416,1.09314,1.0937,9570.3701
1709834400000,1.09369,1.09447,1.09365,1.09422,5253.54
1709838000000,1.09421,1.09487,1.09407,1.09468,6713.0298
1709841600000,1.09469,1.09491,1.09426,1.0947,7551.7202
1709845200000,1.09469,1.09489,1.09456,1.09477,4104.9199
1709848800000,1.09472,1.09479,1.09426,1.09465,4088.22
1709852400000,1.0947,1.09513,1.09466,1.09509,649.05
1709856000000,1.0951,1.09556,1.09502,1.09513,1568.99
1709859600000,1.09513,1.09528,1.09464,1.0948,3692.78
1709863200000,1.09479,1.09508,1.09449,1.09456,2352.96
1709866800000,1.09456,1.09479,1.09442,1.09473,2271.78
1709870400000,1.09476,1.09491,1.09444,1.09456,1949.96
1709874000000,1.09456,1.09485,1.09448,1.09464,2388.99
1709877600000,1.09463,1.0949,1.09442,1.09479,2579.79
1709881200000,1.0948,1.0951,1.09318,1.09336,6897.2598
1709884800000,1.09336,1.09388,1.0929,1.09358,9341.8203
1709888400000,1.09358,1.09373,1.09261,1.09352,9919.5596
1709892000000,1.09351,1.09369,1.09263,1.09334,8491.2197
1709895600000,1.09335,1.0939,1.09295,1.09345,6503.5601
1709899200000,1.09346,1.09351,1.0928,1.09318,7524.48
1709902800000,1.0932,1.09812,1.09183,1.09582,40306.3086
1709906400000,1.09582,1.09665,1.09448,1.09577,29684.4902
1709910000000,1.09577,1.09619,1.09434,1.09609,18689
1709913600000,1.09609,1.09613,1.09373,1.09402,20158.6406
1709917200000,1.09404,1.09457,1.09369,1.09393,14717.5098
1709920800000,1.09392,1.094,1.09334,1.09372,11938.0498
1709924400000,1.09371,1.0942,1.09344,1.09416,7813.7798
1709928000000,1.09417,1.09438,1.09345,1.09361,6996.48
1709931600000,1.09361,1.09407,1.09348,1.09348,6431.5801
1710104400000,1.09411,1.09411,1.09375,1.09393,1025.03
1710108000000,1.09393,1.09406,1.09359,1.09375,1856.66
1710111600000,1.09374,1.09436,1.09374,1.09426,6113.8701
1710115200000,1.09427,1.09465,1.09381,1.09422,4711.5898
1710118800000,1.09423,1.09457,1.0939,1.09405,5169.2402
1710122400000,1.09405,1.09418,1.09373,1.09388,4498.04
1710126000000,1.09388,1.09443,1.09379,1.09412,3209
1710129600000,1.09411,1.09415,1.09369,1.09386,2544.1101
1710133200000,1.09386,1.0942,1.09386,1.09413,2947.1399
1710136800000,1.09411,1.09437,1.09353,1.0942,3576.8701
1710140400000,1.09421,1.09473,1.0937,1.09421,7105.6899
1710144000000,1.09419,1.0948,1.09385,1.09445,11399.1797
1710147600000,1.09446,1.09448,1.09339,1.09346,7286.77
1710151200000,1.09346,1.09435,1.09329,1.09415,5263.1201
1710154800000,1.09414,1.09435,1.09377,1.09429,4649.9199
1710158400000,1.09427,1.09432,1.09293,1.09294,17076.6797
1710162000000,1.09295,1.09316,1.09177,1.09195,13755.6797
1710165600000,1.09196,1.09249,1.09156,1.09243,12505.7998
1710169200000,1.09242,1.09288,1.09145,1.09272,17360.1602
1710172800000,1.09273,1.0928,1.09229,1.0927,11404.9502
1710176400000,1.09271,1.09302,1.09245,1.09252,11654.0303
1710180000000,1.09253,1.09261,1.09182,1.09241,11434.4902
1710183600000,1.09241,1.09264,1.09219,1.09261,8036.4102
1710187200000,1.09262,1.09273,1.0925,1.0925,1976.22
1710190800000,1.09252,1.09271,1.09195,1.09258,6782.8501
1710194400000,1.0926,1.09271,1.09241,1.0925,1588.7
1710198000000,1.09249,1.09309,1.09249,1.09304,1836.1801
1710201600000,1.09306,1.09322,1.09284,1.09286,4871.3398
1710205200000,1.09286,1.09343,1.09267,1.09337,5417.9199
1710208800000,1.09337,1.09363,1.09302,1.09362,6065.4902
1710212400000,1.09362,1.09381,1.0934,1.09363,3039.6201
1710216000000,1.09362,1.09381,1.09346,1.09368,4304.9399
1710219600000,1.09369,1.09391,1.09366,1.09383,5771.8799
1710223200000,1.09383,1.09391,1.09342,1.09379,5674.1699
1710226800000,1.09379,1.09393,1.09315,1.09319,8776.79
1710230400000,1.09318,1.09334,1.09212,1.09248,12139.2305
1710234000000,1.09247,1.09334,1.09231,1.09303,7493.79
1710237600000,1.09302,1.09343,1.09266,1.09339,7805.2998
1710241200000,1.0934,1.09353,1.09318,1.09335,8606.1797
1710244800000,1.09334,1.09438,1.09026,1.09201,44724.6992
1710248400000,1.092,1.0923,1.09023,1.09107,44566.8086
1710252000000,1.09109,1.09194,1.09063,1.0917,22144.8594
1710255600000,1.09171,1.09185,1.09074,1.09176,16088.7598
1710259200000,1.09176,1.0919,1.09136,1.09176,14288.3398
1710262800000,1.09176,1.09208,1.09127,1.09192,10179.4697
1710266400000,1.09192,1.09246,1.09185,1.0924,8583.6904
1710270000000,1.0924,1.09259,1.0921,1.09257,5675.23
1710273600000,1.09257,1.09273,1.0925,1.09257,2409.96
1710277200000,1.09257,1.09274,1.09252,1.09258,13433.6104
1710280800000,1.09258,1.09287,1.09258,1.09274,1787.79
1710284400000,1.09274,1.09289,1.09264,1.09267,3333.3201
1710288000000,1.09268,1.09295,1.09257,1.09268,8335.1904
1710291600000,1.09269,1.09288,1.09233,1.09238,13348.1299
1710295200000,1.09238,1.09275,1.09234,1.09269,8853.2803
1710298800000,1.09269,1.09306,1.0925,1.09278,7565.1899
1710302400000,1.09278,1.09281,1.0922,1.09234,9454.5
1710306000000,1.09233,1.09289,1.09228,1.09286,5390.8101
1710309600000,1.09286,1.09292,1.09253,1.0928,6819.75
1710313200000,1.09279,1.09318,1.09207,1.09267,7753.54
1710316800000,1.09267,1.09327,1.09261,1.09275,9424.9297
1710320400000,1.09274,1.0928,1.09201,1.09232,12856
1710324000000,1.0923,1.09332,1.0922,1.09305,7795.25
1710327600000,1.09304,1.09457,1.09301,1.0942,9251.3799
1710331200000,1.09421,1.09473,1.09336,1.09366,20157.6504
1710334800000,1.09366,1.09419,1.09359,1.09371,14162.0996
1710338400000,1.09372,1.09443,1.09313,1.09419,13796.9102
1710342000000,1.0942,1.09471,1.0938,1.09435,12323.0898
1710345600000,1.09434,1.09493,1.094,1.0949,12470.54
1710349200000,1.0949,1.09638,1.09486,1.09571,15460.1104
1710352800000,1.0957,1.09584,1.09503,1.09509,9031.29
1710356400000,1.09508,1.09517,1.09456,1.09472,9307.3604
1710360000000,1.09472,1.09491,1.0947,1.09471,2565.03
1710363600000,1.0947,1.09522,1.0947,1.09489,7347.04
1710367200000,1.09488,1.0951,1.09488,1.09488,1767.61
1710370800000,1.0949,1.0953,1.0949,1.0953,1876.02
1710374400000,1.09529,1.09547,1.0946,1.09487,5637.2798
1710378000000,1.09489,1.09527,1.09452,1.09488,6658.0698
1710381600000,1.09488,1.09498,1.0943,1.09437,3539.52
1710385200000,1.09438,1.09452,1.09413,1.09422,4356.48
1710388800000,1.09421,1.09427,1.09389,1.09424,4692.8701
1710392400000,1.09424,1.0943,1.09391,1.09395,5640.2798
1710396000000,1.09396,1.09419,1.0937,1.09377,6344.8398
1710399600000,1.09377,1.09428,1.09317,1.09352,12905.9199
1710403200000,1.09352,1.09439,1.09351,1.09378,13103.6299
1710406800000,1.09377,1.09443,1.09369,1.09413,9107.5703
1710410400000,1.09412,1.09454,1.09377,1.09395,8933.4297
1710414000000,1.09394,1.09434,1.09375,1.09414,6715.96
1710417600000,1.09415,1.09447,1.09242,1.09298,28885.9492
1710421200000,1.09297,1.09312,1.09088,1.09118,33370.3594
1710424800000,1.09119,1.0914,1.08959,1.08978,20735.3594
1710428400000,1.08977,1.08994,1.08829,1.08876,17056.9707
1710432000000,1.08876,1.08926,1.08846,1.0887,12659.3096
1710435600000,1.0887,1.08889,1.0881,1.08864,8887.8701
1710439200000,1.08864,1.08899,1.08837,1.08851,9285.7002
1710442800000,1.0885,1.08911,1.08806,1.0891,8956.4199
1710446400000,1.0891,1.08918,1.08825,1.08825,3535.0901
1710450000000,1.08825,1.08853,1.08817,1.0885,15484.6504
1710453600000,1.08851,1.08859,1.08831,1.08839,1489.61
1710457200000,1.0884,1.08849,1.08825,1.08827,2923.8501
1710460800000,1.08828,1.08845,1.0876,1.08779,8382.4004
1710464400000,1.08778,1.08801,1.08755,1.08769,5633.71
1710468000000,1.08769,1.08769,1.0873,1.08732,4408.3101
1710471600000,1.08731,1.08781,1.08731,1.08769,3363.3701
1710475200000,1.08768,1.08772,1.08748,1.08763,4205.7598
1710478800000,1.08763,1.08772,1.08732,1.08768,3814.9099
1710482400000,1.08769,1.08806,1.08754,1.08797,6506.5698
1710486000000,1.08797,1.08847,1.08785,1.08808,7814.9199
1710489600000,1.08807,1.08869,1.0878,1.08828,11036.6602
1710493200000,1.08827,1.08995,1.08825,1.0898,9670.3398
1710496800000,1.0898,1.08996,1.08891,1.08911,9017.2598
1710500400000,1.08909,1.08963,1.08869,1.08935,5765.6802
1710504000000,1.08935,1.08942,1.08843,1.08873,17115.4492
1710507600000,1.08872,1.08948,1.08832,1.0886,17280.2109
1710511200000,1.0886,1.08943,1.08842,1.08878,19506.8398
1710514800000,1.0888,1.08889,1.08814,1.08876,11479.7002
1710518400000,1.08876,1.089,1.08836,1.08858,10598.04
1710522000000,1.08859,1.08878,1.08834,1.08837,8022.1802
1710525600000,1.08836,1.0891,1.08836,1.08903,6349.5601
1710529200000,1.08902,1.08913,1.08869,1.08892,7538.25
1710532800000,1.08892,1.08899,1.08861,1.08869,5213.4102
1710709200000,1.08905,1.08905,1.08819,1.08886,862.75
1710712800000,1.08885,1.08911,1.0886,1.08864,2460.52
1710716400000,1.08865,1.08865,1.08817,1.08835,4128.2402
1710720000000,1.08836,1.08881,1.08805,1.08852,5302.8901
1710723600000,1.08852,1.089,1.08829,1.08891,7143.7202
1710727200000,1.08892,1.08917,1.08876,1.08891,6433.6499
1710730800000,1.08891,1.08905,1.08852,1.08854,3916.28
1710734400000,1.08853,1.08881,1.08853,1.08875,4344.6099
1710738000000,1.08875,1.08886,1.08852,1.0887,4121.79
1710741600000,1.08871,1.08893,1.08865,1.08888,4838.6699
1710745200000,1.08889,1.08965,1.08887,1.08924,6900.9702
1710748800000,1.08922,1.08977,1.08908,1.08937,12659.1699
1710752400000,1.08937,1.09005,1.08925,1.08992,5371.2598
1710756000000,1.08994,1.09018,1.08963,1.08998,6062.3901
1710759600000,1.08997,1.09061,1.08988,1.09024,4667.54
1710763200000,1.09023,1.09049,1.08898,1.08922,8886.8203
1710766800000,1.08922,1.08935,1.08855,1.0889,9402.1104
1710770400000,1.08889,1.08932,1.08843,1.08856,10799.4805
1710774000000,1.08855,1.08888,1.0881,1.08853,10167.4004
1710777600000,1.08853,1.08853,1.08694,1.08723,11233.2598
1710781200000,1.08727,1.0875,1.08661,1.08685,5965.2998
1710784800000,1.08689,1.08711,1.08673,1.0871,3368.8101
1710788400000,1.08709,1.08733,1.08676,1.08693,5240.1201
1710792000000,1.08692,1.08723,1.08691,1.08719,2187.73
1710795600000,1.08718,1.08734,1.08712,1.08725,4418.3999
1710799200000,1.08726,1.08739,1.08711,1.08718,1513.4
1710802800000,1.08718,1.08733,1.08711,1.08732,2397
1710806400000,1.08732,1.08745,1.08691,1.08693,4825.3198
1710810000000,1.08694,1.08717,1.08667,1.08681,6511.6802
1710813600000,1.08682,1.08746,1.08682,1.08733,4130.79
1710817200000,1.08732,1.08763,1.087,1.08738,10063.9404
1710820800000,1.08739,1.08765,1.08673,1.08706,7948.2002
1710824400000,1.08706,1.08721,1.08628,1.08641,6488.2998
1710828000000,1.08642,1.08684,1.08619,1.08675,8965.8096
1710831600000,1.08675,1.08675,1.08516,1.08547,9430.3701
1710835200000,1.08546,1.08561,1.08423,1.08475,9995.3799
1710838800000,1.08476,1.08501,1.08347,1.08366,7120.0498
1710842400000,1.08367,1.08458,1.08367,1.08443,7946.2798
1710846000000,1.08443,1.08516,1.08429,1.08503,3560.9199
1710849600000,1.08504,1.0856,1.08457,1.08515,16061.8896
1710853200000,1.08515,1.08572,1.08493,1.08541,15245.1904
1710856800000,1.08541,1.08654,1.08536,1.08623,12939.71
1710860400000,1.08622,1.08622,1.08533,1.08584,10798.25
1710864000000,1.08584,1.08639,1.08545,1.08633,9893.21
1710867600000,1.08634,1.08676,1.08597,1.08635,7709.9702
1710871200000,1.08634,1.08651,1.08613,1.08625,4688.0601
1710874800000,1.08625,1.08656,1.08609,1.08648,4232.25
1710878400000,1.08647,1.08664,1.0864,1.08651,3537.5901
1710882000000,1.08648,1.0867,1.08619,1.08649,9761.0801
1710885600000,1.08653,1.08664,1.08643,1.08653,1237.89
1710889200000,1.08654,1.08664,1.08616,1.08616,3204.9299
1710892800000,1.08617,1.0865,1.08582,1.08644,7286.3198
1710896400000,1.08644,1.08657,1.08622,1.08642,5295.3901
1710900000000,1.08642,1.08693,1.08627,1.08688,3116.02
1710903600000,1.0869,1.08711,1.08677,1.08699,3434.73
1710907200000,1.08699,1.08704,1.08663,1.08665,4987.9199
1710910800000,1.08666,1.08683,1.08653,1.08658,3282.04
1710914400000,1.08657,1.08704,1.0865,1.08701,3672.47
1710918000000,1.08702,1.0872,1.08648,1.08655,8255.3496
1710921600000,1.08654,1.08654,1.085,1.08522,8376.8096
1710925200000,1.08521,1.08523,1.08364,1.0839,10183.7803
1710928800000,1.0839,1.08428,1.08365,1.08395,7043.0498
1710932400000,1.08396,1.08437,1.0837,1.08425,5406.7798
1710936000000,1.08427,1.08449,1.08379,1.08422,7831.4199
1710939600000,1.08423,1.08455,1.08373,1.08445,8195.5195
1710943200000,1.08447,1.08513,1.08435,1.08496,7548
1710946800000,1.08497,1.08561,1.08487,1.08546,6746.1499
1710950400000,1.08546,1.08611,1.08535,1.08606,5178.2002
1710954000000,1.08606,1.08669,1.08586,1.08645,6546.52
1710957600000,1.08645,1.09175,1.08639,1.09144,64127.1211
1710961200000,1.09145,1.09227,1.09018,1.09209,22841.8594
1710964800000,1.09209,1.09228,1.09187,1.09214,6257.2002
1710968400000,1.09214,1.09229,1.09179,1.09206,8405.4404
1710972000000,1.09206,1.09323,1.09203,1.09321,3503.46
1710975600000,1.0932,1.09374,1.09293,1.09373,4428.3599
1710979200000,1.09373,1.09373,1.09307,1.09333,9132.7002
1710982800000,1.09334,1.09389,1.09332,1.09352,5566.0601
1710986400000,1.09351,1.09372,1.09326,1.09353,3280.5701
1710990000000,1.09352,1.09369,1.09335,1.0935,3040.5601
1710993600000,1.09349,1.09354,1.09327,1.09331,2811.3601
1710997200000,1.09331,1.09368,1.09316,1.09317,3519.05
1711000800000,1.09316,1.09381,1.09316,1.09376,3295.8899
1711004400000,1.09377,1.09426,1.09256,1.09287,8494.8701
1711008000000,1.09283,1.09284,1.08872,1.08915,19319.0391
1711011600000,1.0892,1.09147,1.0889,1.09129,12340.6299
1711015200000,1.0913,1.09237,1.09123,1.09192,9383.0703
1711018800000,1.09193,1.09203,1.09049,1.09096,7246.3999
1711022400000,1.09097,1.0917,1.09035,1.09115,15644.7998
1711026000000,1.09115,1.09116,1.08837,1.08857,17420.25
1711029600000,1.08854,1.0886,1.08706,1.08787,17726.5605
1711033200000,1.08788,1.08791,1.08556,1.08604,12730.5801
1711036800000,1.08603,1.08646,1.0858,1.08608,10221.8701
1711040400000,1.0861,1.08661,1.08561,1.08577,6759.7798
1711044000000,1.08579,1.0863,1.08572,1.08623,3525.1001
1711047600000,1.08622,1.08627,1.08554,1.08567,4621.4199
1711051200000,1.08567,1.08603,1.08566,1.08594,2243.99
1711054800000,1.08593,1.0862,1.08585,1.08605,5505.2998
1711058400000,1.08609,1.08622,1.08603,1.08618,1401.37
1711062000000,1.08617,1.08628,1.08606,1.08618,1974.8
1711065600000,1.08622,1.08679,1.08622,1.08651,5124.21
1711069200000,1.08651,1.08657,1.085,1.08504,9272.1104
1711072800000,1.08504,1.08523,1.08388,1.0839,11722.5703
1711076400000,1.08389,1.08413,1.08359,1.08379,4614.7402
1711080000000,1.08379,1.08379,1.08311,1.08332,4418.04
1711083600000,1.08332,1.08419,1.08332,1.08415,5167.7202
1711087200000,1.08413,1.08413,1.0827,1.08302,7641.7002
1711090800000,1.08302,1.08345,1.08209,1.08246,11425.6299
1711094400000,1.08246,1.08294,1.08081,1.08114,12238.6504
1711098000000,1.08117,1.08232,1.08116,1.08161,9794.9805
1711101600000,1.08162,1.08215,1.08145,1.08163,7734.3999
1711105200000,1.08163,1.08223,1.08115,1.0816,4598.9199
1711108800000,1.08162,1.08311,1.08145,1.08263,12548.5498
1711112400000,1.08264,1.08297,1.08184,1.08295,17775.4297
1711116000000,1.08297,1.08317,1.08147,1.08149,15203.1504
1711119600000,1.08148,1.08217,1.08104,1.08158,10919.5596
1711123200000,1.08157,1.0817,1.08057,1.08058,10575.7402
1711126800000,1.08057,1.08106,1.08049,1.08059,6413.9302
1711130400000,1.08058,1.08076,1.08039,1.0804,4134.6099
1711134000000,1.0804,1.08067,1.08017,1.08056,5075.5298
1711137600000,1.08056,1.08096,1.08049,1.08065,5600
1711314000000,1.08068,1.08104,1.08068,1.08075,219.09
1711317600000,1.08074,1.08084,1.08046,1.08082,891.54
1711321200000,1.08083,1.08097,1.08066,1.08071,3086.3899
1711324800000,1.08071,1.08096,1.08025,1.08035,5002.5098
1711328400000,1.08036,1.08196,1.08021,1.0817,9468.8604
1711332000000,1.08169,1.0822,1.08156,1.08215,6505.02
1711335600000,1.08216,1.08217,1.08116,1.08135,5368.9302
1711339200000,1.08134,1.0814,1.08106,1.08131,4524.6001
1711342800000,1.08131,1.08223,1.08123,1.0822,4788.6899
1711346400000,1.08219,1.08219,1.08163,1.08174,5432.1699
1711350000000,1.08173,1.08228,1.08137,1.08137,6368.46
1711353600000,1.08138,1.08237,1.08071,1.08137,10509.7197
1711357200000,1.08137,1.08215,1.08116,1.08176,5262.79
1711360800000,1.08174,1.08218,1.08163,1.08179,5711.46
1711364400000,1.08178,1.08295,1.08165,1.08284,5109.3701
1711368000000,1.08282,1.08339,1.08279,1.08306,8061.1899
1711371600000,1.08305,1.08378,1.08291,1.08351,8161.3301
1711375200000,1.08349,1.08424,1.08338,1.08389,10243.3096
1711378800000,1.08391,1.08391,1.08315,1.08366,7283.2402
1711382400000,1.08366,1.08381,1.0833,1.08366,4325.6699
1711386000000,1.08365,1.08378,1.08332,1.08364,5018.1401
1711389600000,1.08364,1.08369,1.08349,1.08358,2659.51
1711393200000,1.08359,1.08399,1.08356,1.08391,3066.5801
1711396800000,1.08393,1.08409,1.08356,1.0837,2310.8501
1711400400000,1.08369,1.08372,1.08347,1.08365,12293.9102
1711404000000,1.08364,1.08384,1.08361,1.08369,1243.13
1711407600000,1.0837,1.08384,1.08362,1.0837,1390.28
1711411200000,1.0837,1.08427,1.0836,1.08426,3213.29
1711414800000,1.08427,1.08454,1.08387,1.08405,5645.8701
1711418400000,1.08404,1.08442,1.08397,1.08426,2731.8601
1711422000000,1.08425,1.08441,1.08358,1.08367,3437.4199
1711425600000,1.08368,1.0841,1.08364,1.08401,2488.8
1711429200000,1.084,1.08481,1.08397,1.08471,3415.3799
1711432800000,1.0847,1.0852,1.08462,1.08508,5356.8501
1711436400000,1.08507,1.08529,1.08396,1.08422,9249.1797
1711440000000,1.08421,1.08516,1.08386,1.08495,8924.0801
1711443600000,1.08495,1.08558,1.08455,1.08536,9158.5303
1711447200000,1.08535,1.08643,1.08528,1.08552,8707.1299
1711450800000,1.08551,1.08598,1.08533,1.08568,7322.4702
1711454400000,1.08569,1.08593,1.08486,1.08519,11367.4902
1711458000000,1.0852,1.08584,1.08468,1.08528,12525.0801
1711461600000,1.08528,1.08548,1.08379,1.0841,14223.54
1711465200000,1.08412,1.08441,1.08252,1.08281,11438.3203
1711468800000,1.0828,1.08322,1.08242,1.08282,8091.3398
1711472400000,1.08282,1.08357,1.08267,1.08305,4450.2798
1711476000000,1.08304,1.08346,1.08297,1.08327,4046.1001
1711479600000,1.08327,1.08349,1.08285,1.08286,4980.2998
1711483200000,1.08287,1.08319,1.08284,1.08308,2471.6899
1711486800000,1.08304,1.08323,1.083,1.08317,2894.6101
1711490400000,1.0833,1.08331,1.08317,1.08324,1473.46
1711494000000,1.08324,1.0833,1.08303,1.08325,1871.7
1711497600000,1.08326,1.08327,1.08274,1.08295,3889.52
1711501200000,1.08295,1.08308,1.08205,1.08233,8380.0801
1711504800000,1.08234,1.08278,1.08233,1.08258,3777.6599
1711508400000,1.08258,1.08279,1.08241,1.08261,3723.77
1711512000000,1.08262,1.08303,1.08261,1.08298,1980.59
1711515600000,1.08298,1.08298,1.08253,1.08261,2882.01
1711519200000,1.08261,1.08325,1.08245,1.08321,5725.4199
1711522800000,1.08322,1.08337,1.08229,1.08262,8592.4902
1711526400000,1.08262,1.08302,1.08212,1.08286,8460.0703
1711530000000,1.08286,1.0839,1.08266,1.08276,13229.9102
1711533600000,1.08277,1.08347,1.0826,1.08328,7241.3301
1711537200000,1.08327,1.08352,1.0818,1.08209,7135.1602
1711540800000,1.08209,1.08216,1.0815,1.08189,7811.52
1711544400000,1.08188,1.08192,1.08108,1.08169,10606.8496
1711548000000,1.08169,1.08212,1.08137,1.08146,10959.0996
1711551600000,1.08145,1.08224,1.08138,1.08203,8776.2695
1711555200000,1.08202,1.08257,1.08187,1.08231,7954.25
1711558800000,1.0823,1.08249,1.08174,1.08191,5667.5801
1711562400000,1.08192,1.08231,1.08184,1.08223,3515.28
1711566000000,1.08222,1.08275,1.08205,1.0827,4071.49
1711569600000,1.0827,1.0829,1.08262,1.08271,1858.25
1711573200000,1.08271,1.08274,1.08235,1.08258,6468.46
1711576800000,1.08259,1.0827,1.08101,1.08135,3691.3401
1711580400000,1.08136,1.08148,1.08111,1.08123,3361.5
1711584000000,1.08123,1.08202,1.0808,1.08175,4574.8999
1711587600000,1.08173,1.08191,1.08149,1.08178,5914.4399
1711591200000,1.08177,1.0826,1.08175,1.08222,4118.8198
1711594800000,1.08221,1.08242,1.08212,1.08216,2836.2
1711598400000,1.08215,1.08243,1.08203,1.08234,1768.03
1711602000000,1.08235,1.08265,1.08219,1.08238,2384.48
1711605600000,1.08238,1.08239,1.0815,1.08178,2856.49
1711609200000,1.08178,1.08185,1.08003,1.08007,6539.2202
1711612800000,1.08008,1.0802,1.07897,1.07919,7721.1001
1711616400000,1.07918,1.07919,1.07751,1.07755,7858.52
1711620000000,1.07754,1.07929,1.07751,1.07892,7659.48
1711623600000,1.07893,1.07948,1.07827,1.07839,6135.1099
1711627200000,1.07839,1.08088,1.07835,1.08082,14588.3203
1711630800000,1.08081,1.0818,1.08028,1.08123,20677.5801
1711634400000,1.08126,1.08188,1.07977,1.08002,21643.75
1711638000000,1.08003,1.08074,1.07939,1.08013,15443.6699
1711641600000,1.08012,1.08052,1.07927,1.07993,10923.5303
1711645200000,1.07992,1.08019,1.07951,1.07962,5921.3198
1711648800000,1.07962,1.07985,1.0786,1.07874,5866.0498
1711652400000,1.07873,1.07892,1.07846,1.07879,4945.6899
1711656000000,1.07878,1.07887,1.07849,1.07883,2558.0601
1711659600000,1.07897,1.07904,1.07849,1.07893,8202.1602
1711663200000,1.07892,1.07935,1.07869,1.07874,7393.96
1711666800000,1.07874,1.07921,1.07864,1.07911,17952.3906
1711670400000,1.07912,1.07913,1.07833,1.07838,9934.8096
1711674000000,1.07839,1.07848,1.07758,1.07759,5689.6001
1711677600000,1.0776,1.07794,1.07736,1.07788,7389.3398
1711681200000,1.07788,1.07795,1.07743,1.07743,3021.23
1711684800000,1.07743,1.07769,1.07741,1.07766,4149.4399
1711688400000,1.07765,1.07778,1.07741,1.0775,3702.3601
1711692000000,1.07752,1.07767,1.07744,1.07756,2748.73
1711695600000,1.07756,1.07815,1.07678,1.0768,6238.1602
1711699200000,1.0768,1.07788,1.07679,1.07786,5560.0298
1711702800000,1.07786,1.07821,1.07725,1.07821,8460.8604
1711706400000,1.07821,1.07879,1.07813,1.0784,8408.1504
1711710000000,1.07841,1.07916,1.0784,1.07867,12570.1504
1711713600000,1.07868,1.08051,1.07796,1.07979,12317.5703
1711717200000,1.07978,1.08033,1.07938,1.07981,11043.1699
1711720800000,1.07983,1.07989,1.0794,1.07953,7846.5098
1711724400000,1.07952,1.0796,1.0788,1.07919,19169.8906
1711728000000,1.0792,1.07926,1.07867,1.07877,7365.6499
1711731600000,1.07877,1.07891,1.07873,1.07881,4270.2998
1711735200000,1.07882,1.07899,1.07876,1.07893,4064.6699
1711738800000,1.07893,1.07931,1.07881,1.07904,6684
1711742400000,1.07904,1.07951,1.07898,1.07898,15789.21
1711918800000,1.07882,1.07935,1.07848,1.07926,2412.6575
1711922400000,1.07926,1.07965,1.07855,1.07865,3237.085
1711926000000,1.07865,1.07945,1.07854,1.0793,2755.3301
1711929600000,1.07932,1.07987,1.07901,1.07912,4469.71
1711933200000,1.07911,1.07945,1.07856,1.07867,3012.78
1711936800000,1.07866,1.07895,1.07848,1.07877,3293.95
1711940400000,1.07878,1.07913,1.07847,1.07903,1781.33
1711944000000,1.07902,1.07911,1.07841,1.07867,2709.76
1711947600000,1.07866,1.07872,1.07827,1.07853,1669.45
1711951200000,1.0785,1.07904,1.07844,1.07865,3049.74
1711954800000,1.07865,1.07921,1.07829,1.07859,4091.8301
1711958400000,1.07859,1.07915,1.07831,1.07897,5106.4502
1711962000000,1.07897,1.07908,1.07856,1.0786,4419.2598
1711965600000,1.0786,1.07866,1.07796,1.07813,3703.3701
1711969200000,1.07813,1.07875,1.07798,1.07839,3997.0801
1711972800000,1.0784,1.07857,1.07771,1.07817,7555.1899
1711976400000,1.07817,1.07829,1.07718,1.07734,10897.6504
1711980000000,1.07734,1.07734,1.07394,1.07444,24149.2109
1711983600000,1.07443,1.07454,1.07309,1.07326,11368.2002
1711987200000,1.07327,1.07368,1.07312,1.07365,5643.46
1711990800000,1.07366,1.0744,1.07366,1.07417,5748.2998
1711994400000,1.07416,1.07427,1.07368,1.07376,4961.1001
1711998000000,1.07376,1.07427,1.07374,1.07418,5766.1802
1712001600000,1.07418,1.07432,1.07414,1.0743,2787.0801
1712005200000,1.07428,1.07446,1.07374,1.07437,2354.6599
1712008800000,1.07436,1.07437,1.07398,1.07398,1417.21
1712012400000,1.07398,1.07398,1.07355,1.07372,4510.3701
1712016000000,1.0737,1.07388,1.07309,1.07371,8768.8701
1712019600000,1.07372,1.07382,1.07302,1.0734,7273.54
1712023200000,1.0734,1.07353,1.07295,1.07348,3655.29
1712026800000,1.07349,1.07362,1.07296,1.073,2450.0701
1712030400000,1.07302,1.0734,1.07293,1.07331,2908.6699
1712034000000,1.0733,1.07349,1.07259,1.07265,5232.2202
1712037600000,1.07266,1.0732,1.07246,1.07286,10211.7402
1712041200000,1.07286,1.07427,1.0726,1.07418,9490.54
1712044800000,1.07419,1.07419,1.07264,1.07313,13782.4404
1712048400000,1.07313,1.0743,1.0731,1.0742,6375.5898
1712052000000,1.0742,1.07457,1.07386,1.07451,6730.2798
1712055600000,1.07451,1.07535,1.07429,1.07515,10232.8896
1712059200000,1.07515,1.07561,1.07455,1.07489,17582.3301
1712062800000,1.07489,1.07683,1.07479,1.07648,16451.8809
1712066400000,1.07648,1.0779,1.07592,1.07657,27414.1797
1712070000000,1.07658,1.07718,1.07643,1.07689,11219.5596
1712073600000,1.07689,1.07702,1.07647,1.07681,6805.3301
1712077200000,1.07682,1.07687,1.07644,1.07672,4334.02
1712080800000,1.07673,1.07684,1.07622,1.07632,4423.6699
1712084400000,1.07635,1.07682,1.07601,1.0768,4635.27
1712088000000,1.07679,1.07696,1.07657,1.07691,2244.6899
1712091600000,1.07691,1.07734,1.07689,1.07734,2511.3401
1712095200000,1.0773,1.07733,1.0768,1.07682,1711.79
1712098800000,1.07682,1.07687,1.07666,1.07679,2252.9299
1712102400000,1.07678,1.07716,1.07659,1.07688,6030.23
1712106000000,1.07688,1.07735,1.07658,1.07721,5172.8599
1712109600000,1.07722,1.07748,1.07716,1.07742,3022.1499
1712113200000,1.07742,1.07793,1.07741,1.07772,3341.26
1712116800000,1.07773,1.0778,1.07745,1.07746,3919.3601
1712120400000,1.07747,1.07773,1.0774,1.07753,4597.71
1712124000000,1.07754,1.07759,1.07671,1.07692,7245.4399
1712127600000,1.07693,1.07723,1.0764,1.07705,10951.7998
1712131200000,1.07704,1.07773,1.07698,1.07716,5527.73
1712134800000,1.07714,1.07747,1.07651,1.07677,8259.46
1712138400000,1.07676,1.07766,1.07662,1.07755,6466.6602
1712142000000,1.07756,1.07849,1.07756,1.07838,6772.9702
1712145600000,1.0784,1.07864,1.0773,1.07781,19067.9609
1712149200000,1.07781,1.07927,1.07778,1.07889,18155.6602
1712152800000,1.07892,1.0824,1.07892,1.08228,31086.8008
1712156400000,1.08228,1.08305,1.08193,1.08266,15515.6299
1712160000000,1.08268,1.08362,1.08202,1.08305,15063.0703
1712163600000,1.08306,1.08342,1.08255,1.08321,7810.9102
1712167200000,1.0832,1.08368,1.08315,1.08348,4022.98
1712170800000,1.08347,1.08349,1.08292,1.08334,5956.9702
1712174400000,1.08334,1.08366,1.08324,1.08356,2093.3401
1712178000000,1.08356,1.08356,1.08312,1.08334,3906.23
1712181600000,1.08333,1.08382,1.08333,1.08376,1227.86
1712185200000,1.08376,1.08407,1.08362,1.0838,3731.3999
1712188800000,1.0838,1.08434,1.08347,1.0843,5634.3799
1712192400000,1.0843,1.08439,1.084,1.08407,5297.98
1712196000000,1.08408,1.08444,1.08381,1.08428,3287.6101
1712199600000,1.08428,1.08434,1.08401,1.08425,4304.3599
1712203200000,1.08425,1.08447,1.08425,1.08426,3891.8301
1712206800000,1.08427,1.08464,1.0841,1.08418,4517.8999
1712210400000,1.08419,1.08463,1.08389,1.08398,14172.2998
1712214000000,1.08399,1.08583,1.08391,1.08571,14098.0596
1712217600000,1.08569,1.08626,1.08508,1.08619,10232.75
1712221200000,1.08617,1.08654,1.08554,1.08586,6025.3599
1712224800000,1.08585,1.08616,1.08556,1.08597,5980.3398
1712228400000,1.08597,1.08622,1.08519,1.08527,8529.3496
1712232000000,1.08529,1.08703,1.08507,1.08696,11058.2998
1712235600000,1.08696,1.08765,1.08641,1.08697,14906.1797
1712239200000,1.08701,1.0876,1.08666,1.08676,13310.04
1712242800000,1.08675,1.08688,1.08622,1.08648,7340.4702
1712246400000,1.08649,1.0867,1.0858,1.08588,3945.71
1712250000000,1.08588,1.08618,1.08581,1.086,3966.8701
1712253600000,1.086,1.086,1.08465,1.085,19439.4199
1712257200000,1.085,1.08507,1.08332,1.08336,22394.6992
1712260800000,1.08336,1.08387,1.08317,1.08367,4626.9102
1712264400000,1.08361,1.08412,1.08327,1.08381,10233.4502
1712268000000,1.0838,1.08401,1.08357,1.08363,2261.1201
1712271600000,1.08365,1.08401,1.08358,1.08364,5355.2798
1712275200000,1.08363,1.08439,1.08349,1.08416,7168.9399
1712278800000,1.08416,1.08431,1.0825,1.08267,10702.7803
1712282400000,1.08267,1.08283,1.08233,1.08252,6407.4902
1712286000000,1.08253,1.08279,1.08247,1.08267,4484.9302
1712289600000,1.08266,1.08277,1.08249,1.08262,4368.29
1712293200000,1.0826,1.08279,1.08251,1.08272,5483.0098
1712296800000,1.08272,1.0833,1.08224,1.08303,11240.3096
1712300400000,1.08303,1.08409,1.08302,1.08391,10249.5
1712304000000,1.0839,1.08463,1.08361,1.08375,7312.96
1712307600000,1.08374,1.08421,1.08349,1.08388,6685.9302
1712311200000,1.08388,1.08391,1.08326,1.08345,6621.1699
1712314800000,1.08344,1.08417,1.08307,1.08349,5396.4702
1712318400000,1.0835,1.08479,1.08001,1.08093,34803.0391
1712322000000,1.08093,1.08137,1.07913,1.0801,30479.8008
1712325600000,1.08011,1.08263,1.07969,1.08186,24361.8398
1712329200000,1.08184,1.08434,1.0816,1.08402,17054.0898
1712332800000,1.08401,1.08444,1.08331,1.08357,10922.8604
1712336400000,1.08359,1.08388,1.08314,1.08328,6276.3301
1712340000000,1.08328,1.08379,1.08306,1.08348,5454.4302
1712343600000,1.08348,1.08369,1.0832,1.08354,7699.2998
1712347200000,1.08354,1.08376,1.08337,1.08352,6422.5601
1712523600000,1.08347,1.08379,1.08347,1.08371,1920.91
1712527200000,1.08371,1.08378,1.08272,1.0828,2370.9399
1712530800000,1.08279,1.0833,1.08277,1.08297,2320.8201
1712534400000,1.08297,1.08299,1.0823,1.08269,8328.6396
1712538000000,1.08269,1.08363,1.08268,1.08353,8513.9502
1712541600000,1.08354,1.08432,1.08348,1.08406,7847.5898
1712545200000,1.08406,1.08415,1.08321,1.08333,6011.1299
1712548800000,1.08334,1.08354,1.08311,1.08321,3494.23
1712552400000,1.08321,1.08373,1.08321,1.08345,4555.4399
1712556000000,1.08345,1.08375,1.08297,1.08339,7071.6802
1712559600000,1.08339,1.08377,1.08284,1.08322,10698.3301
1712563200000,1.08321,1.08351,1.08221,1.08234,11820.9805
1712566800000,1.08233,1.08299,1.08208,1.0828,8888.3301
1712570400000,1.08278,1.0834,1.08258,1.08323,5963.71
1712574000000,1.08324,1.08332,1.08232,1.08237,6657.4302
1712577600000,1.08237,1.08355,1.08215,1.08341,10585.2197
1712581200000,1.08342,1.08533,1.08342,1.08516,13131.04
1712584800000,1.08516,1.08562,1.08435,1.08532,17263.0996
1712588400000,1.08533,1.08589,1.08494,1.08526,11592.8096
1712592000000,1.08526,1.08528,1.08467,1.08501,5274.8701
1712595600000,1.08503,1.08593,1.08494,1.08579,3603.1499
1712599200000,1.0858,1.08621,1.08556,1.08572,3412.3899
1712602800000,1.08571,1.08588,1.08559,1.08567,4669.23
1712606400000,1.08567,1.08599,1.08563,1.08587,2746.4399
1712610000000,1.08587,1.08619,1.08528,1.08589,9133.6699
1712613600000,1.08589,1.0861,1.08589,1.08604,931.85
1712617200000,1.08604,1.08634,1.08604,1.0862,1441.3199
1712620800000,1.0862,1.08635,1.08575,1.08586,4861.1201
1712624400000,1.08587,1.0862,1.08569,1.08596,7010.2202
1712628000000,1.08596,1.08622,1.08557,1.08569,3708.28
1712631600000,1.08569,1.08574,1.0854,1.08553,2885.3301
1712635200000,1.08554,1.08584,1.08553,1.08565,2623.05
1712638800000,1.08564,1.08586,1.08559,1.08577,3166.73
1712642400000,1.08578,1.08626,1.08512,1.08521,7413.46
1712646000000,1.08521,1.08601,1.08514,1.08531,12511.6504
1712649600000,1.08534,1.08587,1.0849,1.08575,8009.5801
1712653200000,1.08575,1.08658,1.08564,1.08649,8098.3999
1712656800000,1.08651,1.08707,1.0865,1.08689,5445.9399
1712660400000,1.0869,1.08728,1.08592,1.08613,8782.5195
1712664000000,1.08614,1.08839,1.08603,1.08806,11982.3799
1712667600000,1.08807,1.0885,1.0876,1.08787,16121.8604
1712671200000,1.08787,1.08821,1.0853,1.08572,16984.6992
1712674800000,1.08572,1.0859,1.08522,1.08556,11561.7402
1712678400000,1.08555,1.086,1.08536,1.08544,6018.1099
1712682000000,1.08545,1.08554,1.0851,1.08515,5442.2002
1712685600000,1.08513,1.08547,1.085,1.08529,3187.1899
1712689200000,1.08529,1.08573,1.08477,1.08566,6502.4902
1712692800000,1.08565,1.08591,1.08555,1.08569,3778.0801
1712696400000,1.08562,1.08593,1.08554,1.08575,7097.2002
1712700000000,1.08577,1.08587,1.08562,1.08586,917.48
1712703600000,1.08585,1.08597,1.08576,1.08588,1649.8
1712707200000,1.08587,1.08588,1.08551,1.08571,4143.2998
1712710800000,1.08574,1.08588,1.08513,1.08545,5673.9502
1712714400000,1.08541,1.08555,1.08509,1.08534,4651.6401
1712718000000,1.08534,1.08544,1.0852,1.08529,3994.24
1712721600000,1.0853,1.08535,1.08504,1.08525,3575.03
1712725200000,1.08523,1.08556,1.08513,1.08517,4380.1201
1712728800000,1.08517,1.08548,1.08477,1.08531,7669.6899
1712732400000,1.08532,1.0857,1.08508,1.08553,7480.9199
1712736000000,1.08552,1.08605,1.08513,1.08603,7801.0498
1712739600000,1.08604,1.08655,1.08567,1.08615,7535.96
1712743200000,1.08615,1.08658,1.08603,1.08644,5590.5098
1712746800000,1.08643,1.08665,1.08549,1.08556,5059.1201
1712750400000,1.08555,1.08646,1.07783,1.07807,40199.4805
1712754000000,1.07808,1.07811,1.07493,1.0751,48457.6289
1712757600000,1.0751,1.07669,1.07456,1.07532,25988.4395
1712761200000,1.07533,1.07547,1.07334,1.07366,18368.4492
1712764800000,1.07367,1.07374,1.07288,1.0736,9273.6602
1712768400000,1.07361,1.07542,1.0729,1.07504,22718.3008
1712772000000,1.07504,1.07542,1.07351,1.07363,13194.0703
1712775600000,1.07362,1.07455,1.07357,1.07438,9389.7305
1712779200000,1.07436,1.07456,1.07413,1.07421,2453.79
1712782800000,1.07421,1.07446,1.07407,1.07429,3816.7
1712786400000,1.07432,1.07441,1.074,1.07431,1167.65
1712790000000,1.0743,1.07447,1.07392,1.0741,2322.6001
1712793600000,1.07411,1.07458,1.07383,1.07426,5127.3599
1712797200000,1.07426,1.07469,1.07411,1.0746,5256.1699
1712800800000,1.07459,1.07469,1.07443,1.07454,3950.23
1712804400000,1.07454,1.07489,1.07445,1.07446,4702.0698
1712808000000,1.07446,1.07465,1.0744,1.07461,2653.4199
1712811600000,1.07462,1.07471,1.07428,1.07428,4507.7002
1712815200000,1.07427,1.07427,1.07265,1.07283,8558.8496
1712818800000,1.07282,1.07446,1.07279,1.0743,11268.4902
1712822400000,1.07432,1.07498,1.07382,1.07405,9023.8799
1712826000000,1.07405,1.07408,1.07289,1.07309,12623.9404
1712829600000,1.0731,1.07337,1.07261,1.07298,8313.7598
1712833200000,1.07296,1.07341,1.07255,1.07285,7805.1899
1712836800000,1.07283,1.07468,1.0715,1.07413,37938.5781
1712840400000,1.07414,1.07564,1.0728,1.07347,36053.8516
1712844000000,1.07347,1.07347,1.06992,1.07051,23904.3496
1712847600000,1.07052,1.07213,1.07019,1.0721,13542.9502
1712851200000,1.07212,1.07233,1.07135,1.07176,11368.6299
1712854800000,1.07175,1.07296,1.07152,1.07276,9669.2197
1712858400000,1.07277,1.07345,1.0725,1.07255,7864.79
1712862000000,1.07254,1.0732,1.07253,1.07288,6519.6299
1712865600000,1.07287,1.0729,1.07253,1.07254,2430.05
1712869200000,1.07252,1.0728,1.07252,1.07262,734.83
1712872800000,1.07263,1.07293,1.07259,1.07281,889.36
1712876400000,1.0728,1.07282,1.07238,1.0726,1143.66
1712880000000,1.0726,1.07275,1.07224,1.07259,3307.4399
1712883600000,1.07262,1.07281,1.07229,1.07244,3767.6399
1712887200000,1.07242,1.07275,1.07233,1.07266,4120.2798
1712890800000,1.07266,1.07266,1.07153,1.0717,3522.4199
1712894400000,1.07171,1.07174,1.07107,1.07112,2792.0801
1712898000000,1.07112,1.0714,1.07105,1.07113,4233.3501
1712901600000,1.07111,1.0712,1.0681,1.06828,14808.6299
1712905200000,1.06831,1.06874,1.06742,1.06842,12712.2598
1712908800000,1.06842,1.06852,1.06707,1.0671,9240.5498
1712912400000,1.06711,1.06748,1.06549,1.06604,9414.5498
1712916000000,1.06606,1.06608,1.06439,1.06469,9285.5098
1712919600000,1.06468,1.06591,1.0646,1.06509,8696.1797
1712923200000,1.0651,1.06556,1.06313,1.06383,16622.6094
1712926800000,1.06384,1.06438,1.06309,1.06426,20604.8496
1712930400000,1.06429,1.06463,1.06226,1.06298,25556.6992
1712934000000,1.06298,1.0651,1.06292,1.06467,12543.0498
1712937600000,1.06467,1.06469,1.06377,1.06418,12495.3799
1712941200000,1.06418,1.06496,1.06404,1.0647,10651.4199
1712944800000,1.0647,1.06505,1.06389,1.0639,8537.6299
1712948400000,1.0639,1.06426,1.06372,1.06382,3976.5601
1712952000000,1.06381,1.06442,1.06371,1.06385,4000.1001
1713128400000,1.06352,1.0638,1.06309,1.06347,2678
1713132000000,1.06347,1.06514,1.06341,1.06497,5724.9502
1713135600000,1.06497,1.065,1.06433,1.0646,3416.8501
1713139200000,1.06461,1.06496,1.06432,1.06456,5542.4302
1713142800000,1.06455,1.06507,1.06391,1.06495,7323.8301
1713146400000,1.06495,1.06549,1.0649,1.06506,4277.9199
1713150000000,1.06507,1.06537,1.06475,1.06519,3413.55
1713153600000,1.06519,1.0654,1.0647,1.06524,4356.7998
1713157200000,1.06523,1.06589,1.06506,1.06579,3713.3401
1713160800000,1.06577,1.06648,1.06516,1.06544,9646.1201
1713164400000,1.06543,1.0661,1.06499,1.06581,12892.8799
1713168000000,1.0658,1.06618,1.06537,1.06562,10346.6797
1713171600000,1.06563,1.06624,1.06535,1.06549,8060.1699
1713175200000,1.06549,1.06598,1.06515,1.06576,5694.02
1713178800000,1.06576,1.06651,1.06516,1.06548,9039.0596
1713182400000,1.06548,1.06575,1.06309,1.06471,24705.75
1713186000000,1.06472,1.06607,1.06339,1.06369,25153.5
1713189600000,1.0637,1.06377,1.06218,1.06267,27632.1797
1713193200000,1.06268,1.0645,1.06226,1.06434,13005.3096
1713196800000,1.06433,1.06474,1.06345,1.06361,8782.0898
1713200400000,1.0636,1.06394,1.0623,1.06288,15044.4502
1713204000000,1.06287,1.06316,1.06235,1.0625,8011.5698
1713207600000,1.06251,1.06272,1.06202,1.06264,10053.8301
1713211200000,1.06263,1.06269,1.06209,1.06241,2934.73
1713214800000,1.06233,1.06253,1.06222,1.06236,3595.8401
1713218400000,1.06243,1.06278,1.06242,1.06269,1993.11
1713222000000,1.06268,1.06284,1.06241,1.06247,4625.9199
1713225600000,1.06246,1.06253,1.0618,1.06183,5813.3799
1713229200000,1.06183,1.06191,1.06069,1.06158,9385.29
1713232800000,1.06159,1.06176,1.06061,1.06099,9254.2197
1713236400000,1.06098,1.06125,1.0607,1.06113,3849.1001
1713240000000,1.06114,1.06142,1.06099,1.0614,3348.3201
1713243600000,1.06139,1.06205,1.06136,1.06184,4792.5
1713247200000,1.06184,1.062,1.06023,1.06103,13121.1396
1713250800000,1.06102,1.06228,1.06102,1.06178,13261.3096
1713254400000,1.06179,1.06247,1.06125,1.06161,10935.0098
1713258000000,1.0616,1.06349,1.0616,1.06291,13817.7197
1713261600000,1.06291,1.06323,1.0623,1.06261,9315.04
1713265200000,1.06263,1.06473,1.06258,1.06424,8342.1299
1713268800000,1.06424,1.06535,1.06359,1.06389,17156.6992
1713272400000,1.06388,1.06437,1.06275,1.06295,35496.7109
1713276000000,1.06295,1.06448,1.06275,1.06317,27561.3906
1713279600000,1.06318,1.06393,1.06216,1.06278,16183.0703
1713283200000,1.06276,1.06282,1.06187,1.06249,10736.0098
1713286800000,1.0625,1.06256,1.0601,1.06209,25695.7891
1713290400000,1.06209,1.0635,1.0616,1.0631,23006.9902
1713294000000,1.06308,1.06317,1.06176,1.06219,7578.2402
1713297600000,1.06218,1.06228,1.06165,1.06187,2130.54
1713301200000,1.06187,1.06245,1.06142,1.06155,6385.5898
1713304800000,1.06164,1.06197,1.06126,1.06194,1585.08
1713308400000,1.06195,1.06251,1.06191,1.0621,2018.4301
1713312000000,1.0621,1.06239,1.06171,1.06223,2960.1899
1713315600000,1.06221,1.06297,1.06202,1.06281,4586.46
1713319200000,1.0628,1.06355,1.06271,1.06341,2720.6699
1713322800000,1.06341,1.06344,1.0627,1.06271,2699.45
1713326400000,1.06272,1.06311,1.06244,1.06249,1613.59
1713330000000,1.06248,1.06248,1.06097,1.06118,3063.6899
1713333600000,1.06116,1.06378,1.0606,1.06346,6099.5298
1713337200000,1.06345,1.06345,1.06241,1.06253,7868.5601
1713340800000,1.06253,1.06489,1.0624,1.06405,12217.9404
1713344400000,1.06405,1.06486,1.06353,1.06409,10975.46
1713348000000,1.0641,1.06468,1.0638,1.06392,5947.9502
1713351600000,1.0639,1.06491,1.06321,1.06355,8531.9004
1713355200000,1.06356,1.06428,1.06315,1.06348,12022.6299
1713358800000,1.06347,1.06528,1.06343,1.06439,14152.6104
1713362400000,1.06438,1.06445,1.063,1.06355,14809.3799
1713366000000,1.06355,1.06461,1.06355,1.06429,13475.0303
1713369600000,1.06429,1.06563,1.0636,1.06497,15308.75
1713373200000,1.06496,1.06687,1.06479,1.06682,14726.4004
1713376800000,1.06682,1.06796,1.0667,1.06703,16024.8896
1713380400000,1.06703,1.06718,1.06643,1.06712,10033.0195
1713384000000,1.06712,1.06736,1.06695,1.0672,3212.47
1713387600000,1.06719,1.06723,1.06696,1.06717,1770.38
1713391200000,1.06716,1.06751,1.06714,1.06725,1599.91
1713394800000,1.06727,1.06737,1.0668,1.06689,1510.96
1713398400000,1.0669,1.06704,1.06643,1.06699,3025.0801
1713402000000,1.06699,1.0674,1.06644,1.06702,5200.8101
1713405600000,1.06701,1.0679,1.06688,1.06778,4751.0801
1713409200000,1.06778,1.06802,1.06753,1.06799,3110.4199
1713412800000,1.06799,1.068,1.06756,1.06783,2176.3
1713416400000,1.06784,1.0684,1.06749,1.06808,3699.29
1713420000000,1.0681,1.069,1.06791,1.06853,5008.9399
1713423600000,1.06852,1.0688,1.06783,1.0681,9778.8896
1713427200000,1.0681,1.06839,1.06748,1.06784,9380.2002
1713430800000,1.06784,1.06813,1.067,1.06704,6093.3901
1713434400000,1.06703,1.06771,1.06699,1.06758,4230.0898
1713438000000,1.06757,1.0679,1.067,1.06772,6218.3799
1713441600000,1.06771,1.06796,1.06598,1.06628,19870.3301
1713445200000,1.06628,1.06685,1.06464,1.06506,28681.7402
1713448800000,1.06507,1.06632,1.06497,1.06538,18143.3691
1713452400000,1.06537,1.06647,1.06536,1.06598,8983.2803
1713456000000,1.06599,1.06617,1.06516,1.06533,8518.3203
1713459600000,1.06531,1.06548,1.0643,1.06483,8847.5996
1713463200000,1.06483,1.06494,1.06419,1.0645,6939.8198
1713466800000,1.06451,1.06481,1.06426,1.06436,6124.8999
1713470400000,1.06436,1.06457,1.06413,1.06431,2186.99
1713474000000,1.06423,1.0645,1.06423,1.06433,1967.6899
1713477600000,1.06432,1.06446,1.06404,1.06404,1452.1899
1713481200000,1.06405,1.06439,1.06402,1.06425,3415.1799
1713484800000,1.06424,1.06446,1.0636,1.06387,9100.4297
1713488400000,1.06384,1.064,1.06135,1.06187,22169.2305
1713492000000,1.06188,1.06237,1.06104,1.06181,25146.8594
1713495600000,1.06177,1.06405,1.06152,1.06371,21176.7598
1713499200000,1.06372,1.06431,1.06336,1.06347,11081.1699
1713502800000,1.06346,1.06409,1.06295,1.06308,8703.5195
1713506400000,1.06308,1.06492,1.0627,1.06448,19426.0391
1713510000000,1.06449,1.06592,1.06437,1.06554,18598.8105
1713513600000,1.06553,1.06553,1.0643,1.06456,12267.1299
1713517200000,1.06456,1.06621,1.06451,1.06589,7665.4102
1713520800000,1.06589,1.06589,1.06467,1.06473,10562.7803
1713524400000,1.06472,1.06552,1.06431,1.06517,9879.79
1713528000000,1.06519,1.06736,1.06496,1.06654,15212.8701
1713531600000,1.06654,1.06755,1.06587,1.06658,19525.25
1713535200000,1.06655,1.06775,1.06638,1.06695,26593.7207
1713538800000,1.06694,1.06718,1.06536,1.06548,11762.4697
1713542400000,1.06548,1.06596,1.06401,1.06534,10646.5996
1713546000000,1.06534,1.06584,1.06509,1.06557,6658.8999
1713549600000,1.06557,1.06557,1.06465,1.06506,7940.8701
1713553200000,1.06506,1.06553,1.06497,1.06547,5674.6401
1713556800000,1.06546,1.06578,1.06523,1.06526,3189.97
1713733200000,1.06495,1.06612,1.06456,1.06563,1724.83
1713736800000,1.06561,1.06614,1.06545,1.06587,1826.4301
1713740400000,1.0659,1.0661,1.06575,1.06575,1809.42
1713744000000,1.06577,1.06649,1.06527,1.06534,6743.0898
1713747600000,1.06533,1.06697,1.06532,1.06682,6898.3901
1713751200000,1.06681,1.06706,1.06639,1.0664,2655.6899
1713754800000,1.06639,1.06645,1.06604,1.06617,1991.13
1713758400000,1.06617,1.06685,1.06614,1.06652,1803.23
1713762000000,1.06654,1.0666,1.06618,1.06637,2591.05
1713765600000,1.06637,1.06691,1.06605,1.0664,5008.3799
1713769200000,1.06639,1.06677,1.06524,1.06584,8969.6504
1713772800000,1.06584,1.06623,1.06473,1.06568,8648.2402
1713776400000,1.06566,1.06618,1.06489,1.06513,6308.8999
1713780000000,1.06513,1.0655,1.06474,1.06505,6765.3198
1713783600000,1.06505,1.06508,1.0633,1.06351,10457.5801
1713787200000,1.06351,1.06438,1.06308,1.06397,8604.6299
1713790800000,1.06396,1.06408,1.06239,1.06331,12399.4502
1713794400000,1.06332,1.06477,1.06326,1.0645,12499.7197
1713798000000,1.06449,1.06479,1.06406,1.06471,5692.1899
1713801600000,1.06471,1.06508,1.06461,1.06488,3770.52
1713805200000,1.06487,1.06577,1.06481,1.06573,3158.0601
1713808800000,1.06573,1.06607,1.06542,1.06585,3816.22
1713812400000,1.06585,1.06585,1.06505,1.06519,7547.77
1713816000000,1.06518,1.06552,1.06504,1.06541,1963.28
1713819600000,1.06541,1.06547,1.0651,1.06519,1525.49
1713823200000,1.06518,1.06545,1.06518,1.06542,1355.2
1713826800000,1.06542,1.06558,1.06524,1.06537,1522.77
1713830400000,1.06537,1.06592,1.06537,1.06586,3334.77
1713834000000,1.06587,1.06604,1.06534,1.06542,3857.3701
1713837600000,1.06541,1.06605,1.06537,1.06583,2607.6001
1713841200000,1.06586,1.06589,1.06545,1.06561,2643.5901
1713844800000,1.06561,1.06582,1.06541,1.0655,2243.5801
1713848400000,1.06548,1.06548,1.06495,1.06508,3896.23
1713852000000,1.06508,1.06508,1.06385,1.06451,4337.1401
1713855600000,1.06451,1.0695,1.06436,1.06793,22911.8496
1713859200000,1.06786,1.06831,1.06693,1.06706,13492.29
1713862800000,1.06706,1.06706,1.06561,1.06592,7775.2402
1713866400000,1.06593,1.06627,1.06532,1.06549,6714.2598
1713870000000,1.06549,1.0678,1.06547,1.06745,9960.9199
1713873600000,1.06746,1.06769,1.0664,1.0672,10049.7598
1713877200000,1.0672,1.07098,1.066,1.07012,22636.2402
1713880800000,1.07014,1.07112,1.06904,1.06984,30587.3398
1713884400000,1.06984,1.07033,1.06899,1.06946,12100.0801
1713888000000,1.06946,1.07024,1.06922,1.06999,6462.5498
1713891600000,1.07,1.07076,1.06993,1.07049,4305.4702
1713895200000,1.07049,1.07075,1.07018,1.07038,2366.9199
1713898800000,1.0704,1.07055,1.07018,1.07028,3068.73
1713902400000,1.07028,1.07031,1.07,1.07002,1831.5699
1713906000000,1.07004,1.07027,1.06997,1.07021,1729.63
1713909600000,1.07025,1.07044,1.07008,1.0703,1024.3
1713913200000,1.07031,1.07033,1.06995,1.07024,2008.6
1713916800000,1.07025,1.07106,1.07002,1.07095,2923.1399
1713920400000,1.07096,1.07142,1.07077,1.07098,5487.4502
1713924000000,1.07097,1.07131,1.07076,1.07101,4213.2998
1713927600000,1.07101,1.07109,1.07043,1.07062,4095.0901
1713931200000,1.07062,1.07088,1.07051,1.07052,1953.9
1713934800000,1.07051,1.07056,1.07002,1.07012,4293.8799
1713938400000,1.07013,1.07054,1.0692,1.06945,8614.4697
1713942000000,1.06944,1.06959,1.06849,1.06881,8080.4199
1713945600000,1.06881,1.06925,1.06808,1.06833,7130.9102
1713949200000,1.06834,1.0691,1.06833,1.06838,5500.7798
1713952800000,1.06837,1.06918,1.06836,1.06883,3245.5801
1713956400000,1.06883,1.06898,1.06834,1.06891,5269.0498
1713960000000,1.06891,1.0693,1.06779,1.06867,14736.2598
1713963600000,1.06865,1.06994,1.0684,1.06934,13810.3604
1713967200000,1.06933,1.07025,1.06856,1.0688,14616.7598
1713970800000,1.0688,1.06912,1.06809,1.06863,9830.7305
1713974400000,1.06863,1.0691,1.06833,1.06904,5923.4302
1713978000000,1.06903,1.06975,1.06898,1.06959,5461.5098
1713981600000,1.06961,1.06967,1.06869,1.06932,6950.6899
1713985200000,1.06931,1.07065,1.06921,1.07006,7154.8198
1713988800000,1.07006,1.07006,1.06967,1.06985,4436.1201
1713992400000,1.06985,1.06985,1.06928,1.06973,2214.74
1713996000000,1.06972,1.07006,1.06942,1.06972,1316.55
1713999600000,1.06973,1.06999,1.06966,1.06999,1081.86
1714003200000,1.07001,1.07045,1.06991,1.07033,2358.02
1714006800000,1.07034,1.07087,1.06969,1.0707,2909.7
1714010400000,1.07066,1.07087,1.07042,1.07073,2474.52
1714014000000,1.07072,1.07081,1.07035,1.07058,1946.48
1714017600000,1.07058,1.07099,1.07051,1.0709,1301.53
1714021200000,1.07091,1.07129,1.07077,1.07121,1667
1714024800000,1.07122,1.07277,1.07115,1.07204,5857.6899
1714028400000,1.07204,1.07236,1.07113,1.07209,8042.7402
1714032000000,1.0721,1.07288,1.07201,1.07256,5488.71
1714035600000,1.07255,1.07285,1.07212,1.07267,6922.73
1714039200000,1.07268,1.07297,1.07223,1.07247,6356.9702
1714042800000,1.07247,1.07297,1.07171,1.07202,5890.1499
1714046400000,1.07201,1.07402,1.06855,1.06919,36064.6016
1714050000000,1.06921,1.07036,1.06783,1.07005,31147.5801
1714053600000,1.07007,1.07207,1.06926,1.07119,23784.0293
1714057200000,1.07117,1.07216,1.07076,1.07203,11090.8799
1714060800000,1.07202,1.07351,1.0715,1.07312,7765.5601
1714064400000,1.07313,1.07387,1.07294,1.07301,7731.6499
1714068000000,1.07301,1.07301,1.07228,1.07273,8024.7598
1714071600000,1.07273,1.07346,1.0727,1.07294,4488.1899
1714075200000,1.07292,1.07308,1.07285,1.07291,1369.0601
1714078800000,1.07291,1.07291,1.07279,1.07285,299.89
1714082400000,1.07285,1.07301,1.0728,1.07289,796.46
1714086000000,1.07289,1.07302,1.07263,1.07267,1395.3101
1714089600000,1.07267,1.07279,1.07227,1.07273,4688.52
1714093200000,1.0727,1.07291,1.07238,1.0727,3404.5901
1714096800000,1.07269,1.07284,1.07185,1.07229,2938.0601
1714100400000,1.07229,1.07252,1.07186,1.07231,4915.8398
1714104000000,1.07231,1.07233,1.0721,1.07224,2178.9199
1714107600000,1.07224,1.07273,1.07215,1.07261,2699.8
1714111200000,1.0726,1.07387,1.07257,1.07353,5555.1001
1714114800000,1.07353,1.07364,1.07259,1.07295,8769.0703
1714118400000,1.07293,1.07527,1.07284,1.07408,20179.0703
1714122000000,1.07408,1.07432,1.07306,1.0736,11568.8896
1714125600000,1.07358,1.0737,1.07261,1.0728,7476.25
1714129200000,1.07278,1.07343,1.07151,1.07158,10306.6904
1714132800000,1.07157,1.07416,1.07101,1.07163,23338.0195
1714136400000,1.07164,1.07238,1.07061,1.07071,20112.8496
1714140000000,1.07072,1.07116,1.06761,1.06798,20305.9609
1714143600000,1.06798,1.06905,1.06738,1.06854,10239.8203
1714147200000,1.06854,1.06962,1.06838,1.06945,5303.6401
1714150800000,1.06945,1.06979,1.0693,1.06941,3932.26
1714154400000,1.0694,1.07056,1.06936,1.07054,3057.8301
1714158000000,1.07054,1.07072,1.06966,1.06999,3982.96
1714161600000,1.06998,1.07016,1.06908,1.06911,3962.8799
1714338000000,1.06898,1.06972,1.06898,1.06944,321.1
1714341600000,1.06944,1.07037,1.06933,1.07018,1981.74
1714345200000,1.07018,1.0707,1.07003,1.07069,5914.25
1714348800000,1.0707,1.07109,1.07061,1.07097,5246
1714352400000,1.07097,1.07156,1.07075,1.07144,11287.1904
1714356000000,1.07144,1.07199,1.07128,1.07175,6051.7598
1714359600000,1.07175,1.07182,1.07146,1.07162,4839.6099
1714363200000,1.07161,1.07335,1.07146,1.07289,22191.5996
1714366800000,1.07289,1.07337,1.07238,1.07254,16964.8105
1714370400000,1.07254,1.07287,1.07147,1.07154,14077.0801
1714374000000,1.07154,1.07254,1.07081,1.07177,28661.5605
1714377600000,1.07172,1.07249,1.07011,1.07044,15798.4697
1714381200000,1.07045,1.0719,1.06973,1.07147,10903.5898
1714384800000,1.07148,1.07196,1.07121,1.07174,4954.3901
1714388400000,1.07174,1.07271,1.07121,1.07144,6950.5098
1714392000000,1.07143,1.07236,1.0702,1.07033,9652.2305
1714395600000,1.07034,1.07069,1.06902,1.06989,12482.6904
1714399200000,1.06989,1.07134,1.06989,1.07127,10370.0801
1714402800000,1.07128,1.07208,1.0712,1.07167,10127.9902
1714406400000,1.07166,1.0729,1.0716,1.07259,9153.46
1714410000000,1.07259,1.07295,1.07213,1.07217,7229.02
1714413600000,1.07216,1.07253,1.0718,1.07245,7779.9502
1714417200000,1.07244,1.07244,1.07151,1.0721,10146.3701
1714420800000,1.07211,1.0723,1.07194,1.07205,2187.1299
1714424400000,1.07202,1.07224,1.07196,1.07205,944.83
1714428000000,1.07203,1.07223,1.07169,1.07173,1172.01
1714431600000,1.07173,1.07191,1.07141,1.07147,2782.78
1714435200000,1.07146,1.07174,1.07101,1.0715,4260.1699
1714438800000,1.0715,1.07178,1.07069,1.0707,4376.6401
1714442400000,1.07069,1.07075,1.07031,1.07065,4564.3301
1714446000000,1.07066,1.07073,1.07026,1.07054,4059.2
1714449600000,1.07055,1.07058,1.07022,1.07056,2372.6899
1714453200000,1.07056,1.07067,1.06951,1.06993,4537.52
1714456800000,1.06992,1.07061,1.06899,1.07047,8129.1899
1714460400000,1.07048,1.07098,1.07017,1.07051,13495.5996
1714464000000,1.0705,1.07122,1.06929,1.07108,8452.1201
1714467600000,1.07113,1.07347,1.07106,1.07267,14232.1797
1714471200000,1.07266,1.07353,1.07226,1.07281,9197.6504
1714474800000,1.0728,1.07281,1.07194,1.07201,6637.23
1714478400000,1.07199,1.07239,1.06894,1.07003,23916.5
1714482000000,1.07005,1.07147,1.0694,1.07055,24801.0898
1714485600000,1.07056,1.07195,1.0687,1.06909,24667.5605
1714489200000,1.0691,1.0699,1.06831,1.06837,17577.4199
1714492800000,1.06836,1.06867,1.06759,1.06789,8454.9697
1714496400000,1.0679,1.06829,1.06752,1.06801,5625.6802
1714500000000,1.06801,1.06825,1.0676,1.06779,4509.2002
1714503600000,1.06781,1.06806,1.06717,1.06725,5329.6299
1714507200000,1.06725,1.06734,1.06647,1.06653,3994.6101
1714510800000,1.06643,1.06732,1.06635,1.06695,1414.5
1714514400000,1.06685,1.06696,1.06658,1.06674,2086.5701
1714518000000,1.06674,1.06675,1.06654,1.06659,3886.96
1714521600000,1.0666,1.06671,1.0658,1.06616,3422.4199
1714525200000,1.06618,1.06631,1.0659,1.06606,2241.23
1714528800000,1.06605,1.06605,1.06572,1.06588,2081.95
1714532400000,1.06587,1.0659,1.06558,1.06564,3901.8899
1714536000000,1.06565,1.06569,1.06549,1.06557,3620.8501
1714539600000,1.06557,1.06568,1.0654,1.06553,3831.4299
1714543200000,1.06554,1.06583,1.06494,1.06516,5928.4302
1714546800000,1.06515,1.06617,1.06515,1.06609,5988.7202
1714550400000,1.0661,1.06705,1.0661,1.06693,4060.3899
1714554000000,1.06695,1.06732,1.06678,1.06698,4452.8599
1714557600000,1.06697,1.06732,1.06666,1.06689,7091.5498
1714561200000,1.06688,1.06726,1.06671,1.06717,3776.6699
1714564800000,1.06718,1.06847,1.06715,1.06843,9881.5596
1714568400000,1.06842,1.06853,1.06748,1.06814,10070.1699
1714572000000,1.0682,1.06913,1.06777,1.0683,19385.4707
1714575600000,1.06832,1.06855,1.06771,1.06792,6110
1714579200000,1.06789,1.0679,1.06707,1.06715,6905.29
1714582800000,1.06717,1.06828,1.06707,1.06743,6572.2798
1714586400000,1.06743,1.07326,1.06707,1.07283,55448.5508
1714590000000,1.07282,1.07302,1.0689,1.06895,32348.1309
1714593600000,1.06892,1.07229,1.06867,1.07119,12026.4697
1714597200000,1.07104,1.07162,1.07076,1.07103,6640.5498
1714600800000,1.07106,1.07209,1.07106,1.07165,3744
1714604400000,1.07164,1.07181,1.07119,1.0717,3755.71
1714608000000,1.0717,1.0717,1.07095,1.07117,5943.8999
1714611600000,1.07116,1.07156,1.07069,1.07154,6756.9502
1714615200000,1.07153,1.07207,1.07153,1.07186,6571
1714618800000,1.07188,1.07188,1.07127,1.07146,5621.4102
1714622400000,1.07147,1.07203,1.07143,1.07177,4026.1699
1714626000000,1.07176,1.07204,1.07122,1.0716,5554
1714629600000,1.0716,1.07273,1.07136,1.07175,12032.8203
1714633200000,1.07175,1.07281,1.07128,1.07153,14750.4102
1714636800000,1.07153,1.07191,1.06998,1.07042,11559.9297
1714640400000,1.07041,1.07089,1.06957,1.07032,8479.8203
1714644000000,1.07032,1.07061,1.06967,1.07038,6934.1299
1714647600000,1.0704,1.0706,1.06955,1.07023,9260.9004
1714651200000,1.07024,1.07122,1.06934,1.07011,16861.1895
1714654800000,1.07012,1.07032,1.06801,1.06868,22092.0195
1714658400000,1.06867,1.06907,1.06742,1.06882,19841.3203
1714662000000,1.06882,1.07082,1.06858,1.07049,15224.1699
1714665600000,1.07052,1.07215,1.07018,1.07166,7849.6001
1714669200000,1.07168,1.07228,1.07139,1.07193,7329.8701
1714672800000,1.07194,1.07302,1.07182,1.07302,6356.5098
1714676400000,1.07302,1.07302,1.07233,1.07271,6347.5698
1714680000000,1.07271,1.07278,1.07243,1.07243,2787.55
1714683600000,1.07244,1.07261,1.07227,1.07233,1603.76
1714687200000,1.07233,1.07296,1.07233,1.07287,1988.12
1714690800000,1.07287,1.07308,1.07279,1.07298,2368.0801
1714694400000,1.073,1.07316,1.07243,1.07313,5363.04
1714698000000,1.07313,1.07393,1.07309,1.07372,6349.0498
1714701600000,1.0737,1.07376,1.07327,1.07333,5166.7002
1714705200000,1.07332,1.07351,1.07314,1.07348,3685.0701
1714708800000,1.07349,1.07359,1.07321,1.07322,4897.23
1714712400000,1.07322,1.0738,1.07318,1.07357,4016.47
1714716000000,1.07359,1.0736,1.07296,1.07298,10843.3604
1714719600000,1.07298,1.07381,1.07244,1.07345,9937
1714723200000,1.07344,1.07441,1.07323,1.07425,8619.5498
1714726800000,1.07424,1.07477,1.07403,1.07431,5461.5898
1714730400000,1.07431,1.07454,1.07387,1.07431,4971.7798
1714734000000,1.07431,1.07496,1.07425,1.07455,6007.6699
1714737600000,1.07456,1.08124,1.07436,1.07937,36387.8516
1714741200000,1.07937,1.07962,1.07709,1.07762,35780.2305
1714744800000,1.0776,1.07979,1.07514,1.07657,44056.2109
1714748400000,1.07658,1.078,1.07637,1.07691,16803.6406
1714752000000,1.0769,1.07732,1.07616,1.07634,7364.6099
1714755600000,1.07635,1.07676,1.07592,1.07649,4403.25
1714759200000,1.07648,1.07681,1.07637,1.07673,4451.2598
1714762800000,1.07673,1.07693,1.07637,1.07641,5411.2798
1714766400000,1.07641,1.07667,1.07594,1.07594,3614.6899
1714942800000,1.076,1.07645,1.076,1.07634,252.71
1714946400000,1.07634,1.07646,1.07614,1.07623,1109.6
1714950000000,1.07623,1.07646,1.07575,1.07583,2982.3201
1714953600000,1.07582,1.07689,1.07553,1.07674,3943.48
1714957200000,1.07673,1.07708,1.07628,1.07701,4250.48
1714960800000,1.07702,1.07715,1.07649,1.07653,4955.0298
1714964400000,1.07653,1.07668,1.07621,1.07648,5073.8101
1714968000000,1.07647,1.07654,1.07622,1.07629,3466.5701
1714971600000,1.07628,1.07649,1.07599,1.07608,3152.3899
1714975200000,1.0761,1.07651,1.07593,1.07623,7484.6401
1714978800000,1.07624,1.07695,1.07602,1.07614,8896.0703
1714982400000,1.07615,1.07761,1.07576,1.07684,7643.8701
1714986000000,1.07684,1.07721,1.07661,1.07695,5805.5098
1714989600000,1.07696,1.07731,1.07662,1.07721,6117.1699
1714993200000,1.07719,1.07743,1.07688,1.07725,5809.4102
1714996800000,1.07724,1.07907,1.07722,1.07873,7450.7402
1715000400000,1.07875,1.07889,1.07811,1.07865,8769.46
1715004000000,1.07866,1.07868,1.07785,1.07802,9894.8896
1715007600000,1.07801,1.07801,1.07745,1.07788,6258.3701
1715011200000,1.07787,1.07788,1.07712,1.07742,3882.3401
1715014800000,1.07742,1.07765,1.07731,1.07741,3756.3201
1715018400000,1.0774,1.07751,1.0772,1.07745,5490.77
1715022000000,1.07746,1.07748,1.07666,1.07674,6324.3999
1715025600000,1.07676,1.07702,1.07662,1.07672,2101.3899
1715029200000,1.07667,1.07709,1.07656,1.07689,1000.04
1715032800000,1.07688,1.07707,1.07685,1.07685,787.79
1715036400000,1.07686,1.07687,1.0766,1.07672,1781.4301
1715040000000,1.07671,1.07761,1.07665,1.0775,5700.2798
1715043600000,1.0775,1.07768,1.07641,1.07655,6409.5298
1715047200000,1.07655,1.07666,1.07607,1.07637,4998.3301
1715050800000,1.07636,1.0769,1.07631,1.07687,4088.1299
1715054400000,1.07687,1.07694,1.07631,1.07657,5188.6401
1715058000000,1.07657,1.07693,1.07572,1.07583,5173.8398
1715061600000,1.07583,1.07643,1.07542,1.07636,7674
1715065200000,1.07637,1.07696,1.07608,1.07647,9011.71
1715068800000,1.07644,1.07652,1.07557,1.07637,7375.6099
1715072400000,1.07636,1.07639,1.07552,1.07596,6045.1499
1715076000000,1.07596,1.07696,1.07583,1.07688,5891.8101
1715079600000,1.07691,1.07702,1.07626,1.07666,7449.54
1715083200000,1.07666,1.07791,1.0764,1.07755,7594.9902
1715086800000,1.07756,1.07873,1.07741,1.07807,8937.3203
1715090400000,1.07807,1.07825,1.07727,1.07778,9051.9004
1715094000000,1.07777,1.07828,1.07663,1.07666,10724.5996
1715097600000,1.07668,1.07742,1.0766,1.07703,6559.6201
1715101200000,1.07703,1.07706,1.07561,1.07566,6469.6099
1715104800000,1.07566,1.07566,1.07478,1.07513,7108.0498
1715108400000,1.07513,1.07576,1.07512,1.07564,4836.6602
1715112000000,1.07565,1.07565,1.07544,1.07547,2530.1201
1715115600000,1.07538,1.07564,1.07524,1.0756,712.95
1715119200000,1.07559,1.07563,1.07507,1.0751,1541.85
1715122800000,1.07511,1.07514,1.07473,1.07498,2211.8999
1715126400000,1.07498,1.07541,1.07469,1.07479,6981.9102
1715130000000,1.0748,1.07488,1.07402,1.07404,5684.0098
1715133600000,1.07402,1.07424,1.0738,1.07412,5334.5898
1715137200000,1.07412,1.07436,1.07386,1.07411,3633.98
1715140800000,1.07411,1.07422,1.07389,1.07413,3852.24
1715144400000,1.07412,1.0742,1.07386,1.07408,3269.97
1715148000000,1.07408,1.0749,1.07406,1.07447,4643.7998
1715151600000,1.07447,1.07461,1.07371,1.07385,7686.0098
1715155200000,1.07385,1.07447,1.0735,1.07441,7932.8901
1715158800000,1.07441,1.07525,1.07441,1.07512,7381.79
1715162400000,1.07512,1.07533,1.07485,1.07488,5194.8799
1715166000000,1.07489,1.07539,1.07439,1.0746,8510.2695
1715169600000,1.07462,1.0749,1.07397,1.07489,6867.75
1715173200000,1.0749,1.07538,1.07462,1.07505,9130.7002
1715176800000,1.07507,1.07548,1.07462,1.07491,7843.54
1715180400000,1.07491,1.07574,1.07442,1.07548,7900.46
1715184000000,1.07547,1.07548,1.07445,1.07458,5774.1499
1715187600000,1.07458,1.07468,1.07409,1.07431,4351.5698
1715191200000,1.07429,1.07468,1.07411,1.07452,3520.8899
1715194800000,1.07451,1.07462,1.07431,1.07453,6654.6802
1715198400000,1.07454,1.07484,1.07438,1.07479,2094.3601
1715202000000,1.07477,1.07489,1.0745,1.07478,2060.5701
1715205600000,1.07485,1.07505,1.07485,1.07488,1195.51
1715209200000,1.07492,1.07494,1.07462,1.07468,1672.37
1715212800000,1.07468,1.0747,1.07423,1.07432,3930.49
1715216400000,1.07431,1.07486,1.07423,1.07476,4713.27
1715220000000,1.07475,1.07482,1.0745,1.07474,2927.71
1715223600000,1.07474,1.07515,1.07464,1.07476,3004.6799
1715227200000,1.07477,1.07504,1.07451,1.07453,3419.2
1715230800000,1.07453,1.07464,1.07421,1.07436,4581.6201
1715234400000,1.07437,1.07445,1.0736,1.07374,5549.4902
1715238000000,1.07373,1.07412,1.07296,1.07346,7938.96
1715241600000,1.07345,1.07352,1.0726,1.0728,7818.3999
1715245200000,1.07281,1.07315,1.07261,1.07304,5428.2798
1715248800000,1.07305,1.07384,1.07302,1.07347,5406.5098
1715252400000,1.07346,1.07362,1.07239,1.07273,11917.5703
1715256000000,1.07272,1.07623,1.0727,1.07593,21264.3008
1715259600000,1.07593,1.07675,1.07505,1.07636,17636.0508
1715263200000,1.07635,1.07801,1.07626,1.07756,14112.8799
1715266800000,1.07757,1.07817,1.07691,1.07703,7827.48
1715270400000,1.07704,1.07778,1.07703,1.07758,4105.6401
1715274000000,1.07757,1.07803,1.07736,1.07774,5695.25
1715277600000,1.07773,1.07826,1.07756,1.07818,3591.02
1715281200000,1.07816,1.07844,1.07807,1.07823,4853.3301
1715284800000,1.07822,1.07834,1.07811,1.0782,1259.61
1715288400000,1.0782,1.07832,1.078,1.0781,557.68
1715292000000,1.07811,1.07858,1.07809,1.07844,955.39
1715295600000,1.07848,1.07852,1.07813,1.07817,2210.5601
1715299200000,1.07817,1.07822,1.07765,1.07791,3711.3
1715302800000,1.07791,1.07825,1.07758,1.07761,4951.5298
1715306400000,1.07761,1.07776,1.07731,1.0774,4562.8599
1715310000000,1.07742,1.07766,1.07737,1.0776,1902.71
1715313600000,1.07761,1.07768,1.07739,1.0774,1321.08
1715317200000,1.0774,1.07768,1.07738,1.07757,2865.5801
1715320800000,1.07756,1.07832,1.07715,1.07768,7347.9702
1715324400000,1.07769,1.0784,1.07761,1.0781,9576.4004
1715328000000,1.07812,1.07866,1.07771,1.07805,10827.4502
1715331600000,1.07806,1.07861,1.07791,1.07797,7114.27
1715335200000,1.07796,1.07818,1.07754,1.07784,5823.3799
1715338800000,1.07784,1.07806,1.07752,1.07792,4963.71
1715342400000,1.07791,1.07812,1.07662,1.077,9525.46
1715346000000,1.07702,1.079,1.07696,1.07871,8478.5703
1715349600000,1.07872,1.07889,1.07603,1.07639,15325.6104
1715353200000,1.0764,1.07724,1.07624,1.07721,7353.75
1715356800000,1.07721,1.07793,1.07695,1.07759,4756.7998
1715360400000,1.07761,1.07773,1.07732,1.07741,4081.99
1715364000000,1.07741,1.07741,1.07698,1.07736,2896.02
1715367600000,1.07735,1.07757,1.07717,1.07718,2839.3999
1715371200000,1.07717,1.07722,1.07684,1.07694,2610.8401
1715547600000,1.07721,1.07722,1.07663,1.07711,671.95
1715551200000,1.0771,1.07731,1.07708,1.07728,2316.1299
1715554800000,1.07729,1.07752,1.07701,1.07702,3534.97
1715558400000,1.07701,1.07722,1.07681,1.07691,6118.8599
1715562000000,1.07692,1.07731,1.07668,1.07689,6167.79
1715565600000,1.07689,1.07723,1.07658,1.07712,3728.29
1715569200000,1.07713,1.07722,1.07689,1.07716,3533.48
1715572800000,1.07715,1.07724,1.07691,1.07696,2792.6599
1715576400000,1.07696,1.07746,1.07695,1.0773,3207.0601
1715580000000,1.0773,1.07757,1.07687,1.077,5541.9399
1715583600000,1.077,1.07798,1.07691,1.07757,7583.9702
1715587200000,1.07756,1.07845,1.07735,1.07837,5731.5498
1715590800000,1.07837,1.07888,1.07814,1.07827,5944.6499
1715594400000,1.07826,1.07849,1.07772,1.07817,4947.5601
1715598000000,1.07816,1.07944,1.07812,1.07892,4819.7002
1715601600000,1.07892,1.07997,1.07888,1.07981,9442.9805
1715605200000,1.07982,1.08068,1.07968,1.08041,10528.1201
1715608800000,1.08041,1.08053,1.07956,1.08038,7743.5098
1715612400000,1.08038,1.08042,1.07893,1.07953,9671.6504
1715616000000,1.07952,1.07989,1.07931,1.07934,3266.21
1715619600000,1.07935,1.07939,1.07869,1.07916,3011.6101
1715623200000,1.07915,1.07934,1.0789,1.07896,2658.6001
1715626800000,1.07895,1.07899,1.07867,1.07889,2451.73
1715630400000,1.0789,1.07899,1.07882,1.07888,1105.83
1715634000000,1.07897,1.07899,1.07859,1.07896,1217.86
1715637600000,1.07895,1.07906,1.07886,1.07898,525.87
1715641200000,1.07899,1.07935,1.07895,1.0792,955.57
1715644800000,1.07922,1.07922,1.07853,1.07875,1500.34
1715648400000,1.07875,1.07896,1.07843,1.07872,1639.67
1715652000000,1.07873,1.07873,1.07845,1.07867,1119.51
1715655600000,1.07867,1.0788,1.07853,1.07876,1163.5601
1715659200000,1.07876,1.07888,1.07853,1.07854,864.86
1715662800000,1.07853,1.0787,1.07844,1.07862,973.3
1715666400000,1.07865,1.07893,1.07828,1.07876,3855.8401
1715670000000,1.07877,1.07888,1.07856,1.07871,2890.7
1715673600000,1.07871,1.07872,1.07753,1.07835,8900.8896
1715677200000,1.07836,1.07935,1.07836,1.07927,7964.1499
1715680800000,1.07928,1.07987,1.07921,1.07962,6090.27
1715684400000,1.07964,1.07989,1.07925,1.07925,3787.1101
1715688000000,1.07927,1.08105,1.07669,1.0803,26605.8105
1715691600000,1.0803,1.08226,1.08006,1.08189,18634.9297
1715695200000,1.08188,1.08256,1.08099,1.08246,11213.2695
1715698800000,1.08248,1.0825,1.08151,1.08182,8685.0303
1715702400000,1.08179,1.08201,1.08137,1.08167,5202.2598
1715706000000,1.08168,1.082,1.08155,1.08191,2897.3601
1715709600000,1.08192,1.0823,1.08187,1.08198,2241.4399
1715713200000,1.08199,1.08217,1.08192,1.082,2177.4399
1715716800000,1.08201,1.08209,1.08176,1.08176,1544.21
1715720400000,1.08175,1.08198,1.08162,1.08175,1631.16
1715724000000,1.08175,1.0818,1.0816,1.08166,905.77
1715727600000,1.08166,1.08167,1.08136,1.08138,2104.1399
1715731200000,1.08137,1.08177,1.0813,1.08169,2383.8201
1715734800000,1.08169,1.08226,1.08165,1.08224,1605.1801
1715738400000,1.08224,1.08266,1.08199,1.08252,1685.4399
1715742000000,1.08253,1.08277,1.0825,1.08261,1114.91
1715745600000,1.08261,1.08261,1.08205,1.08214,3180.3101
1715749200000,1.08214,1.0828,1.08211,1.08269,1494.1899
1715752800000,1.0827,1.08307,1.08225,1.08304,3390.8999
1715756400000,1.08305,1.08324,1.08252,1.08258,4676.25
1715760000000,1.08258,1.08345,1.08245,1.08297,4307.8999
1715763600000,1.08298,1.0832,1.08247,1.0828,5504.8599
1715767200000,1.0828,1.08299,1.08234,1.08246,2835.25
1715770800000,1.08245,1.08293,1.08218,1.08293,6416.5898
1715774400000,1.08293,1.08695,1.0828,1.08612,35437.8398
1715778000000,1.08612,1.08659,1.08316,1.0835,27074.5391
1715781600000,1.08351,1.086,1.0834,1.08575,13554.3896
1715785200000,1.08575,1.08744,1.08557,1.08597,14254.2402
1715788800000,1.08598,1.08736,1.08561,1.0872,7884.1201
1715792400000,1.08719,1.08804,1.08716,1.08799,5069.7202
1715796000000,1.08799,1.08805,1.08727,1.08783,4305.3501
1715799600000,1.08782,1.08829,1.08776,1.08817,4233.1602
1715803200000,1.08817,1.0886,1.08814,1.08843,1925.49
1715806800000,1.08842,1.08849,1.08784,1.08832,3453.3799
1715810400000,1.08832,1.08899,1.08831,1.0889,1304.73
1715814000000,1.08894,1.08901,1.08876,1.08883,2541.8101
1715817600000,1.08883,1.08949,1.08866,1.08936,5989.3398
1715821200000,1.08936,1.08938,1.08842,1.08866,6422.3599
1715824800000,1.08865,1.08881,1.08814,1.08871,5173.3599
1715828400000,1.0887,1.08892,1.08858,1.08872,4660.6602
1715832000000,1.08872,1.08872,1.0884,1.08847,2411.51
1715835600000,1.08849,1.08851,1.08794,1.08795,4011.5601
1715839200000,1.08795,1.08828,1.08745,1.08763,10111.1797
1715842800000,1.08764,1.08818,1.0873,1.08745,9097.0801
1715846400000,1.08743,1.08764,1.08662,1.08733,7614.9902
1715850000000,1.08732,1.08748,1.08687,1.08699,3867.4099
1715853600000,1.08699,1.08737,1.08664,1.08722,3504.6599
1715857200000,1.08723,1.08747,1.08617,1.08666,4333.9302
1715860800000,1.08667,1.08744,1.08606,1.08631,15858.1104
1715864400000,1.08631,1.08668,1.08545,1.08559,16680.6191
1715868000000,1.08562,1.08703,1.08544,1.08701,8933.0898
1715871600000,1.08701,1.08757,1.08666,1.08751,6760.29
1715875200000,1.08751,1.08754,1.08698,1.08734,6024.9702
1715878800000,1.08733,1.08754,1.08684,1.08706,3836.5601
1715882400000,1.08707,1.08717,1.08658,1.08709,3767.3
1715886000000,1.08708,1.08708,1.08668,1.08669,4596.6699
1715889600000,1.08668,1.08672,1.08646,1.08665,1327.65
1715893200000,1.08665,1.08675,1.08637,1.08659,2284.77
1715896800000,1.0866,1.08691,1.0866,1.08676,737.42
1715900400000,1.08676,1.08678,1.08659,1.08677,1355.8
1715904000000,1.08679,1.08688,1.08598,1.08628,4135.25
1715907600000,1.0863,1.08637,1.08572,1.08594,4632.1299
1715911200000,1.08595,1.08604,1.08543,1.0857,3323.5601
1715914800000,1.08571,1.08615,1.08567,1.0859,2408.54
1715918400000,1.08588,1.08594,1.08554,1.0856,4169.5898
1715922000000,1.0856,1.08621,1.08555,1.0861,2694.5901
1715925600000,1.0861,1.08667,1.08582,1.08626,4647.6699
1715929200000,1.08626,1.08683,1.08574,1.08588,7462.4199
1715932800000,1.08588,1.08594,1.08415,1.08441,8642.3096
1715936400000,1.08443,1.08467,1.08409,1.08446,4441.0601
1715940000000,1.08446,1.08446,1.0836,1.08383,4311.46
1715943600000,1.08382,1.08453,1.08356,1.08431,4231.46
1715947200000,1.08432,1.08456,1.0839,1.08428,6404.8901
1715950800000,1.0843,1.08564,1.0843,1.08553,8583.7998
1715954400000,1.08554,1.08772,1.0855,1.08764,9830.2695
1715958000000,1.08764,1.08784,1.08651,1.08686,8072.2798
1715961600000,1.08686,1.08743,1.08671,1.08686,4743.6299
1715965200000,1.08685,1.08743,1.08682,1.08736,5049.9902
1715968800000,1.08735,1.08768,1.08719,1.08756,4968.1802
1715972400000,1.08755,1.08762,1.08705,1.08724,2584.99
1715976000000,1.08726,1.08727,1.08674,1.08674,3855.71
1716152400000,1.08664,1.08698,1.0864,1.08686,347.91
1716156000000,1.08688,1.08729,1.08679,1.08704,1198.1
1716159600000,1.08707,1.08741,1.08703,1.08724,2587.3799
1716163200000,1.08725,1.08771,1.08689,1.0875,3748.8401
1716166800000,1.08749,1.08765,1.08718,1.08752,4195.8198
1716170400000,1.08752,1.08752,1.08715,1.0874,4432.3901
1716174000000,1.08741,1.08786,1.08727,1.08779,1616.65
1716177600000,1.0878,1.08823,1.08776,1.08806,2198.1299
1716181200000,1.08807,1.08825,1.08795,1.08805,2361.5801
1716184800000,1.08803,1.08844,1.08776,1.08781,7699.1499
1716188400000,1.08781,1.08808,1.08693,1.0873,10542.7598
1716192000000,1.08729,1.08763,1.08713,1.08746,3118.49
1716195600000,1.08745,1.0875,1.08664,1.08689,5406.4902
1716199200000,1.08689,1.08736,1.08686,1.08706,3087.6001
1716202800000,1.08707,1.08716,1.08598,1.086,6053.52
1716206400000,1.08602,1.0863,1.0854,1.08574,11388.1602
1716210000000,1.08575,1.08673,1.08575,1.08651,9685.4004
1716213600000,1.0865,1.08697,1.08627,1.08649,8156.6001
1716217200000,1.08649,1.08649,1.08579,1.08605,6644.4102
1716220800000,1.08606,1.0866,1.08592,1.08658,2411
1716224400000,1.08658,1.08706,1.08628,1.08641,3726.49
1716228000000,1.0864,1.08666,1.08611,1.0865,3244.76
1716231600000,1.08649,1.0865,1.08591,1.08597,4885.3701
1716235200000,1.08596,1.08599,1.08564,1.08565,2191.53
1716238800000,1.08562,1.08598,1.08553,1.08596,1807.91
1716242400000,1.08592,1.08596,1.08563,1.08588,597.27
1716246000000,1.08587,1.08607,1.08583,1.08602,932.22
1716249600000,1.08603,1.08618,1.08564,1.08613,4740.27
1716253200000,1.08613,1.08614,1.08553,1.08556,6985.23
1716256800000,1.08557,1.08565,1.08509,1.08555,8473.3398
1716260400000,1.08554,1.08568,1.08539,1.08559,3293.6001
1716264000000,1.08557,1.086,1.08552,1.08587,2816.1101
1716267600000,1.08587,1.08614,1.08565,1.08584,4426.7598
1716271200000,1.08583,1.08635,1.08568,1.08614,6279.2998
1716274800000,1.08616,1.08669,1.08593,1.08644,8125.1299
1716278400000,1.08643,1.08695,1.08598,1.08667,8163.3501
1716282000000,1.08668,1.08747,1.08663,1.08718,6988.0801
1716285600000,1.08722,1.08732,1.08658,1.08666,7426.6699
1716289200000,1.08667,1.08697,1.08643,1.08682,7000.6299
1716292800000,1.08685,1.08706,1.08547,1.0857,13097.29
1716296400000,1.08572,1.08604,1.08425,1.08495,25092.1895
1716300000000,1.08498,1.08616,1.08462,1.08593,13625.71
1716303600000,1.08594,1.08611,1.08529,1.08539,8761
1716307200000,1.08539,1.08566,1.0852,1.08539,5650.75
1716310800000,1.08537,1.08543,1.08463,1.08532,3415.3101
1716314400000,1.08532,1.08554,1.08501,1.08519,3395.4299
1716318000000,1.0852,1.08562,1.08508,1.08558,2866.6499
1716321600000,1.08559,1.08564,1.08534,1.08535,1341.24
1716325200000,1.08531,1.08563,1.08531,1.08545,3521.6399
1716328800000,1.08545,1.08574,1.08536,1.08571,1391.0601
1716332400000,1.08572,1.08594,1.08539,1.0854,1928.34
1716336000000,1.08539,1.08597,1.08538,1.08575,3766.28
1716339600000,1.08572,1.08616,1.08553,1.08598,5271.9199
1716343200000,1.08597,1.08633,1.08569,1.08589,7523.8198
1716346800000,1.0859,1.08592,1.08536,1.08556,4620.0298
1716350400000,1.08557,1.0856,1.08527,1.08533,2715.3
1716354000000,1.08534,1.08565,1.0852,1.08558,3286.5
1716357600000,1.08557,1.08632,1.08554,1.08612,13554.8203
1716361200000,1.08613,1.08633,1.08501,1.08576,9604.79
1716364800000,1.08577,1.0858,1.08461,1.08486,7843.25
1716368400000,1.08484,1.08498,1.08411,1.08435,6624.23
1716372000000,1.08437,1.08462,1.08368,1.08375,7024.1899
1716375600000,1.08375,1.08384,1.08219,1.08274,7794.4102
1716379200000,1.08274,1.08367,1.08264,1.08318,14037.1201
1716382800000,1.08319,1.08408,1.08317,1.08353,10583.8701
1716386400000,1.08354,1.08399,1.08316,1.08334,9424.3096
1716390000000,1.08335,1.08422,1.0833,1.08361,6385.5698
1716393600000,1.08361,1.08442,1.08357,1.08424,6510.75
1716397200000,1.08424,1.08469,1.08342,1.08372,7791.6499
1716400800000,1.08376,1.08379,1.08177,1.08213,15510.5
1716404400000,1.08213,1.08222,1.08174,1.08209,4442.3999
1716408000000,1.0821,1.08235,1.08202,1.08224,1441.27
1716411600000,1.08221,1.08243,1.0821,1.08233,1950.5699
1716415200000,1.08239,1.0826,1.08233,1.08251,1292.41
1716418800000,1.08251,1.08269,1.08241,1.0825,1683.23
1716422400000,1.08251,1.08287,1.08246,1.08255,4340.7002
1716426000000,1.08254,1.083,1.08246,1.08277,5012.7998
1716429600000,1.08277,1.08291,1.08219,1.08283,2918.9399
1716433200000,1.08284,1.08312,1.08271,1.08303,2340.27
1716436800000,1.08302,1.08323,1.08266,1.08266,2385.97
1716440400000,1.08266,1.08281,1.08231,1.0824,2428.9299
1716444000000,1.08237,1.0828,1.08214,1.08269,4835.1001
1716447600000,1.08269,1.08346,1.08124,1.0829,19580.0996
1716451200000,1.0829,1.08448,1.08282,1.08385,10241.4199
1716454800000,1.08386,1.08483,1.08335,1.08459,10256.21
1716458400000,1.08458,1.08483,1.08438,1.08452,6059.2798
1716462000000,1.08454,1.08525,1.0843,1.08505,4666.77
1716465600000,1.08506,1.08543,1.08455,1.08527,10935.5303
1716469200000,1.08529,1.0861,1.08281,1.08341,19133.9004
1716472800000,1.08341,1.08422,1.08232,1.08244,28101.7402
1716476400000,1.08246,1.08306,1.08203,1.08262,10927.7998
1716480000000,1.08261,1.08311,1.08179,1.08183,9531.5996
1716483600000,1.08182,1.082,1.08084,1.08117,7863.0098
1716487200000,1.08119,1.08137,1.08048,1.08053,7623.0898
1716490800000,1.08052,1.08114,1.08048,1.08101,5454.7598
1716494400000,1.08099,1.08158,1.08086,1.08146,1118.26
1716498000000,1.08145,1.0815,1.08106,1.08146,2167.7
1716501600000,1.08145,1.08149,1.08122,1.08131,1032.9301
1716505200000,1.08131,1.08149,1.08115,1.08116,638.19
1716508800000,1.08115,1.08125,1.08075,1.08101,2494.9399
1716512400000,1.08102,1.08137,1.08079,1.08105,3895.6299
1716516000000,1.08105,1.0811,1.0807,1.08088,2252.55
1716519600000,1.08088,1.08092,1.08056,1.08063,1496.41
1716523200000,1.08063,1.08102,1.08054,1.08091,1497.59
1716526800000,1.0809,1.08111,1.08075,1.08104,2159.6101
1716530400000,1.08107,1.0818,1.0809,1.08128,4228.6299
1716534000000,1.08129,1.08257,1.08129,1.08243,4654.1299
1716537600000,1.08243,1.08282,1.08197,1.08247,6039.3301
1716541200000,1.08246,1.08316,1.08236,1.08286,4632.8398
1716544800000,1.08287,1.08441,1.08276,1.08402,5716.48
1716548400000,1.08401,1.08429,1.08344,1.08409,6828.7402
1716552000000,1.08409,1.08537,1.08375,1.08512,15136.9297
1716555600000,1.08511,1.08534,1.08419,1.08428,14621.7305
1716559200000,1.08435,1.08506,1.08422,1.0846,15928.0898
1716562800000,1.08459,1.08558,1.08456,1.08512,8633.7305
1716566400000,1.08511,1.08578,1.08464,1.0847,4866.9702
1716570000000,1.0847,1.08527,1.08459,1.0852,3248.51
1716573600000,1.0852,1.08533,1.0848,1.08496,2499.0601
1716577200000,1.08495,1.085,1.08476,1.08488,5007.9902
1716580800000,1.08488,1.08492,1.08442,1.0846,2653.8899
1716757200000,1.0845,1.08466,1.0843,1.08449,273.62
1716760800000,1.08451,1.08513,1.08446,1.08504,1047.72
1716764400000,1.08503,1.08504,1.0846,1.08466,1932.8101
1716768000000,1.08467,1.08492,1.08466,1.08486,2636.3799
1716771600000,1.08488,1.08513,1.08486,1.08499,3913.04
1716775200000,1.08499,1.08519,1.08482,1.08499,2037.8
1716778800000,1.08499,1.08505,1.08475,1.0849,3447.46
1716782400000,1.08492,1.08496,1.08472,1.08485,1059.22
1716786000000,1.08485,1.08492,1.08477,1.08489,1274
1716789600000,1.08491,1.08517,1.08442,1.08512,3276.8899
1716793200000,1.08511,1.08524,1.08473,1.08504,4427.9502
1716796800000,1.08505,1.08533,1.0845,1.08493,6305.4902
1716800400000,1.08494,1.08671,1.08488,1.08671,4576.96
1716804000000,1.08673,1.08674,1.08536,1.08628,4308.9502
1716807600000,1.08626,1.08641,1.08565,1.08573,5579.6499
1716811200000,1.08576,1.086,1.08405,1.08489,11554.3799
1716814800000,1.0849,1.08589,1.08443,1.0855,7634.71
1716818400000,1.08551,1.08596,1.08488,1.08583,7180.02
1716822000000,1.08582,1.08598,1.08562,1.08595,4379.3398
1716825600000,1.08595,1.08619,1.08594,1.08597,2226.76
1716829200000,1.08598,1.08606,1.08572,1.08573,1620.2
1716832800000,1.08574,1.08586,1.08571,1.08574,1067.51
1716836400000,1.08573,1.08599,1.08572,1.08597,1366.27
1716840000000,1.08597,1.08607,1.08562,1.08571,786.06
1716843600000,1.08571,1.08602,1.08521,1.08566,2589.6101
1716847200000,1.08562,1.08603,1.08562,1.08596,666.56
1716850800000,1.08596,1.08618,1.08588,1.08614,1233.8101
1716854400000,1.08615,1.08683,1.08608,1.0865,5496.96
1716858000000,1.08649,1.08735,1.08642,1.08722,7955.0898
1716861600000,1.08723,1.08768,1.08714,1.08758,7077.8701
1716865200000,1.08758,1.08785,1.08737,1.08784,7158.1099
1716868800000,1.08784,1.088,1.08756,1.0876,9011.8301
1716872400000,1.08761,1.0878,1.08726,1.0875,5856.5298
1716876000000,1.08751,1.088,1.08737,1.08754,6683.0601
1716879600000,1.08753,1.0879,1.08716,1.08774,7098.96
1716883200000,1.08773,1.08797,1.0867,1.08699,9687.1104
1716886800000,1.08699,1.08775,1.08672,1.08768,5635.8599
1716890400000,1.08769,1.08797,1.08754,1.08782,4283.27
1716894000000,1.08783,1.0889,1.08782,1.0884,7695.1001
1716897600000,1.0884,1.08846,1.08747,1.08764,10622.9902
1716901200000,1.08763,1.08801,1.08636,1.08641,15460.6904
1716904800000,1.08642,1.08769,1.08578,1.08749,13149.1396
1716908400000,1.08749,1.08796,1.08712,1.08781,8307.8301
1716912000000,1.08782,1.08788,1.08706,1.08747,5152.4399
1716915600000,1.08747,1.08757,1.08645,1.08651,8446.6699
1716919200000,1.08651,1.08651,1.08551,1.08583,6702.8198
1716922800000,1.08584,1.08619,1.08558,1.08611,4325.48
1716926400000,1.08611,1.08614,1.08559,1.08563,2049.0601
1716930000000,1.08562,1.08594,1.08562,1.08569,4598.71
1716933600000,1.08572,1.08604,1.08541,1.08564,1665.83
1716937200000,1.08565,1.08568,1.08511,1.08512,2257.4399
1716940800000,1.08512,1.0852,1.08477,1.08511,4936.4399
1716944400000,1.08511,1.08569,1.08495,1.08516,5656.75
1716948000000,1.08516,1.0854,1.08459,1.08462,3855.21
1716951600000,1.08462,1.08483,1.08457,1.08471,3281.01
1716955200000,1.0847,1.08484,1.08439,1.08476,2419.6799
1716958800000,1.08475,1.08487,1.08443,1.08446,4023.3401
1716962400000,1.08445,1.08555,1.08445,1.08521,7658.29
1716966000000,1.08521,1.08588,1.08506,1.0852,10153.8203
1716969600000,1.08519,1.08519,1.08291,1.08372,17617.3008
1716973200000,1.08371,1.08562,1.08368,1.08516,7141.8701
1716976800000,1.08512,1.08525,1.0841,1.08467,7425.0601
1716980400000,1.08466,1.08517,1.08355,1.08496,7520.3398
1716984000000,1.08495,1.08585,1.08461,1.08461,13992.6396
1716987600000,1.08462,1.08468,1.08317,1.08383,13936.0098
1716991200000,1.08384,1.08417,1.08111,1.08146,15094.7803
1716994800000,1.08145,1.08172,1.08088,1.08109,10020.2803
1716998400000,1.08109,1.08173,1.08073,1.08154,6317.8101
1717002000000,1.08153,1.08159,1.08072,1.08133,8170.3101
1717005600000,1.08134,1.08154,1.08048,1.08059,3609.52
1717009200000,1.0806,1.08062,1.07999,1.08017,4903.0498
1717012800000,1.08018,1.08031,1.08,1.08011,2398.26
1717016400000,1.08007,1.08054,1.08007,1.08032,1180.92
1717020000000,1.08032,1.08035,1.08001,1.08009,1081.41
1717023600000,1.0801,1.08023,1.07996,1.08011,2895.54
1717027200000,1.08011,1.08011,1.07952,1.07964,7993.8799
1717030800000,1.07965,1.08044,1.07955,1.07982,6927.8701
1717034400000,1.07981,1.07996,1.07938,1.07974,6077.98
1717038000000,1.07974,1.07988,1.07961,1.07979,3313.3401
1717041600000,1.07979,1.07985,1.0792,1.07959,7131.02
1717045200000,1.07958,1.07958,1.07883,1.079,7451.3999
1717048800000,1.07901,1.07965,1.07895,1.07955,7908.6299
1717052400000,1.07956,1.08112,1.07931,1.08084,14039.7002
1717056000000,1.08083,1.08186,1.08033,1.08149,8987.3604
1717059600000,1.08148,1.08181,1.08112,1.08127,10658.2197
1717063200000,1.08128,1.08198,1.08084,1.08174,6827.8901
1717066800000,1.08175,1.08216,1.08139,1.08184,4933.5498
1717070400000,1.08182,1.08327,1.08129,1.08289,20945.8398
1717074000000,1.08293,1.08337,1.08253,1.0829,16768.8906
1717077600000,1.08294,1.08443,1.08288,1.08407,14728.6699
1717081200000,1.08407,1.08451,1.08361,1.08362,12216.9297
1717084800000,1.08364,1.0842,1.08357,1.08399,5755.3799
1717088400000,1.084,1.08433,1.08389,1.0839,3159.53
1717092000000,1.08391,1.08399,1.08352,1.08368,3955.1899
1717095600000,1.08367,1.08367,1.08268,1.08301,5917.3799
1717099200000,1.083,1.08326,1.08289,1.08316,2094.8201
1717102800000,1.08316,1.08343,1.0827,1.08334,2669.5601
1717106400000,1.08334,1.08339,1.08318,1.08334,1093.1
1717110000000,1.08333,1.08335,1.08309,1.08312,1540.2
1717113600000,1.08312,1.08334,1.08293,1.08321,3812.52
1717117200000,1.0832,1.08335,1.08201,1.08204,7239.1499
1717120800000,1.08201,1.08224,1.08114,1.08114,4349.4199
1717124400000,1.08113,1.08198,1.08112,1.08191,4894.3999
1717128000000,1.08193,1.08194,1.08155,1.08183,4495.2202
1717131600000,1.08183,1.08213,1.0817,1.08194,4535.9902
1717135200000,1.08197,1.08255,1.08145,1.0824,6832.8301
1717138800000,1.08238,1.0825,1.08167,1.08228,11253.5703
1717142400000,1.08227,1.08385,1.08225,1.08341,7469.8599
1717146000000,1.08341,1.08479,1.0834,1.08474,9593.8398
1717149600000,1.08477,1.08515,1.08446,1.08497,7104.8501
1717153200000,1.08497,1.08552,1.08481,1.08526,6148.48
1717156800000,1.08526,1.08822,1.08496,1.08801,21923.9707
1717160400000,1.08802,1.08808,1.08652,1.08689,17035.1406
1717164000000,1.08689,1.08774,1.0851,1.08555,24518.0293
1717167600000,1.08556,1.08589,1.08416,1.08459,13854.1504
1717171200000,1.0846,1.0852,1.08397,1.08473,9500.6602
1717174800000,1.0847,1.08526,1.08454,1.0847,4837.5601
1717178400000,1.08471,1.08491,1.0841,1.08425,4203.8101
1717182000000,1.08424,1.08512,1.08405,1.0851,5577.5098
1717185600000,1.0851,1.08521,1.08438,1.0845,2894.3101
1717362000000,1.08462,1.08495,1.08453,1.08466,1357.71
1717365600000,1.08466,1.08544,1.08466,1.08511,3233.0801
1717369200000,1.08512,1.08529,1.08502,1.08526,3147.6799
1717372800000,1.08526,1.08574,1.08512,1.08564,3884.6399
1717376400000,1.08565,1.08587,1.08547,1.08576,4887.3799
1717380000000,1.08577,1.08579,1.08519,1.08539,4169.4302
1717383600000,1.08539,1.08568,1.08493,1.08497,4153.3301
1717387200000,1.08497,1.08546,1.08492,1.08517,2979.1399
1717390800000,1.08518,1.0854,1.08483,1.08525,4554.3799
1717394400000,1.08524,1.08586,1.08467,1.08564,8361.4805
1717398000000,1.08563,1.08587,1.08397,1.08398,10942.2197
1717401600000,1.08397,1.08423,1.08334,1.084,9438.9404
1717405200000,1.084,1.08411,1.08321,1.08348,7174.2002
1717408800000,1.08348,1.0839,1.08278,1.0837,6930.1401
1717412400000,1.0837,1.08448,1.0837,1.08432,7485.0298
1717416000000,1.08433,1.08498,1.08405,1.08442,8432.1797
1717419600000,1.08443,1.08537,1.08443,1.08516,11888.0303
1717423200000,1.08602,1.08825,1.086,1.08699,26387.25
1717426800000,1.087,1.08904,1.08696,1.08896,11358.7305
1717430400000,1.08895,1.08904,1.08812,1.08851,10484.5498
1717434000000,1.08849,1.08886,1.08813,1.08879,7515.6001
1717437600000,1.0888,1.08976,1.08868,1.08972,6382.6001
1717441200000,1.08971,1.08999,1.0896,1.08999,6069.6099
1717444800000,1.08998,1.09045,1.08995,1.09039,1820.26
1717448400000,1.09039,1.09039,1.09002,1.09028,1553.67
1717452000000,1.09028,1.09098,1.09019,1.09071,1964.14
1717455600000,1.0907,1.09089,1.09062,1.09071,4675.5601
1717459200000,1.09072,1.0916,1.09072,1.09129,5032.4902
1717462800000,1.09127,1.09137,1.09069,1.09076,6202
1717466400000,1.09076,1.09085,1.09051,1.09076,3116.1001
1717470000000,1.09076,1.09098,1.09068,1.09074,3638.0901
1717473600000,1.09074,1.09098,1.09067,1.09093,2231.1001
1717477200000,1.09093,1.09108,1.09027,1.0903,4316.6802
1717480800000,1.09031,1.09048,1.08963,1.08971,10176.2598
1717484400000,1.0897,1.08985,1.08847,1.08901,13644.54
1717488000000,1.08902,1.08907,1.0874,1.08808,12247.4697
1717491600000,1.08808,1.0882,1.08692,1.08717,10672.9404
1717495200000,1.08717,1.08717,1.08631,1.08663,10798.6104
1717498800000,1.08662,1.08705,1.0859,1.08615,8294.1504
1717502400000,1.08615,1.08701,1.08615,1.08645,9898.2598
1717506000000,1.08646,1.08716,1.08621,1.0866,10286.4004
1717509600000,1.0866,1.08822,1.08632,1.08802,23617.9492
1717513200000,1.08802,1.08835,1.08749,1.08776,12448.1299
1717516800000,1.08777,1.08834,1.08774,1.08803,8733.7002
1717520400000,1.08802,1.08877,1.08781,1.08833,6602.0698
1717524000000,1.08832,1.08865,1.08802,1.08821,5470.9502
1717527600000,1.0882,1.08826,1.08784,1.08809,8386.6904
1717531200000,1.08809,1.08809,1.08781,1.08789,1902.79
1717534800000,1.08785,1.08811,1.0878,1.08792,1046.45
1717538400000,1.08791,1.08801,1.08778,1.08795,818.88
1717542000000,1.08795,1.08819,1.08794,1.08817,1453.1
1717545600000,1.08816,1.0886,1.08783,1.08841,4499.9702
1717549200000,1.08842,1.0886,1.08805,1.0884,3668.25
1717552800000,1.08839,1.08856,1.08828,1.08832,2181.05
1717556400000,1.08833,1.08836,1.08766,1.08784,5790.8398
1717560000000,1.08783,1.08809,1.08771,1.08805,2388.95
1717563600000,1.08806,1.08822,1.08759,1.08791,3778.8601
1717567200000,1.0879,1.08801,1.08721,1.08759,6413.3501
1717570800000,1.08758,1.08794,1.08708,1.08715,11355.71
1717574400000,1.08715,1.08767,1.087,1.08758,6143.7998
1717578000000,1.08757,1.08772,1.08714,1.08735,6931.8301
1717581600000,1.08734,1.08734,1.08649,1.08685,6343.1602
1717585200000,1.08683,1.08691,1.08599,1.0868,5673.98
1717588800000,1.08682,1.08842,1.0868,1.08839,11685.29
1717592400000,1.0884,1.08915,1.08815,1.08891,20048.0605
1717596000000,1.08898,1.08898,1.08618,1.08662,25899.6992
1717599600000,1.08663,1.08707,1.08629,1.08648,13266.1504
1717603200000,1.08648,1.08685,1.08544,1.08642,4968.1201
1717606800000,1.08642,1.08674,1.08605,1.08672,3320.03
1717610400000,1.08671,1.08773,1.08657,1.08756,2568.49
1717614000000,1.08756,1.08765,1.08724,1.0874,2498.3601
1717617600000,1.08742,1.08742,1.08679,1.08682,1468.33
1717621200000,1.08681,1.08725,1.08681,1.08705,1923.5699
1717624800000,1.08704,1.08728,1.08684,1.08728,799.17
1717628400000,1.08727,1.08744,1.08726,1.08739,1037.65
1717632000000,1.08738,1.08823,1.08738,1.08819,2007.97
1717635600000,1.08819,1.08943,1.08819,1.0894,7440.2598
1717639200000,1.08941,1.08957,1.08878,1.08919,4548.8799
1717642800000,1.08918,1.08934,1.08895,1.08906,1656.95
1717646400000,1.08906,1.08907,1.08865,1.08871,1760.99
1717650000000,1.0887,1.08874,1.08821,1.08847,5800.2402
1717653600000,1.08848,1.08848,1.0877,1.08839,9981.5801
1717657200000,1.08839,1.08882,1.08758,1.08782,7120.75
1717660800000,1.0878,1.0879,1.08711,1.08772,3859.8101
1717664400000,1.08771,1.0882,1.08755,1.08798,5106.9702
1717668000000,1.08797,1.08818,1.08751,1.08762,5798.8701
1717671600000,1.08764,1.08768,1.08619,1.08675,6429.1699
1717675200000,1.08676,1.0902,1.08643,1.08816,29159.1406
1717678800000,1.08815,1.08907,1.08718,1.0885,16547.0195
1717682400000,1.08851,1.08912,1.08728,1.0878,15247.2305
1717686000000,1.0878,1.08868,1.08775,1.08819,9369.5898
1717689600000,1.0882,1.08877,1.08798,1.08818,4430.98
1717693200000,1.08817,1.08936,1.0881,1.0892,3718.6201
1717696800000,1.0892,1.08942,1.0886,1.08929,3712.5601
1717700400000,1.0893,1.08941,1.08883,1.08892,4672.9399
1717704000000,1.08892,1.08931,1.08878,1.08878,2298.6699
1717707600000,1.08873,1.08915,1.08873,1.08893,1238.59
1717711200000,1.08893,1.08933,1.08893,1.08918,761.99
1717714800000,1.08921,1.08927,1.08907,1.08916,3453.0801
1717718400000,1.08915,1.08924,1.08867,1.08894,5255.5898
1717722000000,1.08895,1.08957,1.08872,1.08957,6494.1099
1717725600000,1.08956,1.08978,1.08943,1.08969,4390.1401
1717729200000,1.08969,1.08977,1.08936,1.08945,8081.6802
1717732800000,1.08944,1.08968,1.08935,1.08952,4206.1602
1717736400000,1.08952,1.08954,1.08892,1.08906,7283.6299
1717740000000,1.08905,1.08965,1.0888,1.08922,9279.2305
1717743600000,1.08921,1.08983,1.08896,1.08926,11054.7402
1717747200000,1.08927,1.08929,1.08831,1.08889,13339.4902
1717750800000,1.08888,1.08962,1.0888,1.08916,13138.8203
1717754400000,1.08915,1.08943,1.08883,1.08886,9959.6699
1717758000000,1.08886,1.09018,1.08872,1.08982,8500.6201
1717761600000,1.08984,1.09012,1.08239,1.08331,32987.5508
1717765200000,1.08331,1.08357,1.08177,1.08193,29302.8301
1717768800000,1.08194,1.08256,1.08103,1.08125,18267.1699
1717772400000,1.08125,1.08129,1.08041,1.08064,13859.2598
1717776000000,1.08065,1.08122,1.08032,1.08051,9399.1104
1717779600000,1.08051,1.08061,1.08008,1.08049,5877.5
1717783200000,1.08048,1.08068,1.08008,1.08054,4852.02
1717786800000,1.08053,1.08071,1.08,1.08002,5776.0601
1717790400000,1.08003,1.08038,1.07993,1.08017,2354.8999
1717966800000,1.07783,1.07789,1.07644,1.07715,3027.01
1717970400000,1.07724,1.07781,1.07651,1.07771,5007.1299
1717974000000,1.07773,1.07798,1.07756,1.07788,2884
1717977600000,1.07788,1.07814,1.07739,1.07779,2886.52
1717981200000,1.07781,1.07799,1.07722,1.07745,2961.1699
1717984800000,1.07746,1.07749,1.07667,1.07675,2701.3
1717988400000,1.07675,1.07683,1.07554,1.07555,2983.78
1717992000000,1.07554,1.07557,1.07479,1.07541,3617.3401
1717995600000,1.07542,1.07555,1.0748,1.07535,3700.29
1717999200000,1.07534,1.07586,1.0749,1.07518,7058.1001
1718002800000,1.07517,1.07663,1.07478,1.07644,11068.6904
1718006400000,1.07644,1.07681,1.07548,1.07566,10501.5498
1718010000000,1.07566,1.0759,1.07405,1.07432,14802.5
1718013600000,1.07431,1.07439,1.07327,1.07369,12294.3496
1718017200000,1.07368,1.07547,1.07368,1.07536,4797.3101
1718020800000,1.07537,1.07603,1.07412,1.07412,11080.4102
1718024400000,1.07411,1.07491,1.07371,1.07401,14675.8203
1718028000000,1.07403,1.07447,1.07337,1.07337,9412.75
1718031600000,1.07337,1.07502,1.07332,1.075,7040.6001
1718035200000,1.07501,1.07587,1.075,1.07541,9282.7695
1718038800000,1.0754,1.07604,1.07504,1.07595,8275.79
1718042400000,1.07594,1.07623,1.07566,1.07616,9073.4404
1718046000000,1.07616,1.07656,1.07611,1.0763,5855.2402
1718049600000,1.07629,1.07664,1.07613,1.07648,2057.0901
1718053200000,1.07642,1.07655,1.07594,1.07654,1863.72
1718056800000,1.07653,1.07681,1.07643,1.07652,1251.26
1718060400000,1.07652,1.07653,1.07626,1.07633,2244.9299
1718064000000,1.07635,1.07648,1.07612,1.07636,4779.2798
1718067600000,1.07637,1.07681,1.07623,1.07667,5684.54
1718071200000,1.07668,1.07688,1.07648,1.07678,3868.49
1718074800000,1.07678,1.0769,1.07665,1.07685,3684.8601
1718078400000,1.07683,1.07705,1.07677,1.07683,3110.27
1718082000000,1.07682,1.07699,1.07642,1.07655,5132
1718085600000,1.07654,1.07734,1.07654,1.07681,6328.96
1718089200000,1.0768,1.07694,1.0761,1.0764,10564.1602
1718092800000,1.07639,1.07645,1.07435,1.07452,13692.6201
1718096400000,1.07451,1.07537,1.07403,1.07507,16518.8809
1718100000000,1.07507,1.07563,1.07365,1.07409,14823.0195
1718103600000,1.07411,1.07415,1.07237,1.07289,13094.3398
1718107200000,1.0729,1.07363,1.07242,1.07323,13858.3398
1718110800000,1.07323,1.07366,1.07194,1.07239,18850.4805
1718114400000,1.0724,1.07293,1.07197,1.07224,9683.0596
1718118000000,1.07223,1.07335,1.0722,1.07323,11040.0801
1718121600000,1.07324,1.07388,1.07324,1.07372,3784.4399
1718125200000,1.07372,1.07431,1.07366,1.07422,6343.9702
1718128800000,1.07421,1.07452,1.07406,1.07436,2838.5901
1718132400000,1.07435,1.07493,1.07401,1.07401,4685.6201
1718136000000,1.07401,1.07418,1.0739,1.07403,1233.37
1718139600000,1.07404,1.07422,1.07392,1.07416,2450.47
1718143200000,1.07415,1.07427,1.07407,1.07407,933.56
1718146800000,1.07408,1.07414,1.07391,1.07399,2239.02
1718150400000,1.07398,1.07398,1.07348,1.07359,6817.8198
1718154000000,1.07359,1.07417,1.07346,1.07398,7201.3999
1718157600000,1.07399,1.07426,1.07392,1.07418,5873.8799
1718161200000,1.07418,1.07432,1.074,1.07402,5308.3999
1718164800000,1.07401,1.07405,1.07364,1.07366,3447.26
1718168400000,1.07364,1.0746,1.0736,1.07458,5291.48
1718172000000,1.0746,1.0747,1.07389,1.07414,6121.48
1718175600000,1.07415,1.07454,1.07355,1.07444,9217.4004
1718179200000,1.07445,1.07539,1.07444,1.07466,7533.23
1718182800000,1.07466,1.07538,1.07441,1.07526,7690.0601
1718186400000,1.07527,1.07601,1.07489,1.07586,4924.7598
1718190000000,1.07587,1.07654,1.07572,1.07642,7306.6401
1718193600000,1.07643,1.083,1.07621,1.08265,22259.5605
1718197200000,1.08264,1.08373,1.08189,1.08366,31621.7598
1718200800000,1.08366,1.08495,1.08176,1.0848,22634.1191
1718204400000,1.0848,1.08521,1.08418,1.08423,11582.7695
1718208000000,1.08424,1.0848,1.08415,1.0844,11207.5898
1718211600000,1.08441,1.08458,1.08361,1.08385,7786.4302
1718215200000,1.08384,1.08417,1.08076,1.08117,81892.7109
1718218800000,1.08116,1.08181,1.08036,1.08065,23040.1895
1718222400000,1.08065,1.08116,1.0804,1.08087,2466.23
1718226000000,1.08076,1.0815,1.08041,1.08125,3169.26
1718229600000,1.08125,1.08147,1.081,1.08109,1866.14
1718233200000,1.08108,1.0815,1.08105,1.08127,3652.5801
1718236800000,1.08126,1.08156,1.08105,1.08128,5365.6001
1718240400000,1.08128,1.08157,1.08038,1.08046,7361.8301
1718244000000,1.08045,1.08085,1.0804,1.0808,5564.23
1718247600000,1.08079,1.08091,1.08055,1.08068,3960.8401
1718251200000,1.08068,1.08071,1.08031,1.08038,2732.71
1718254800000,1.08039,1.0807,1.08004,1.08045,5171.5698
1718258400000,1.08046,1.0807,1.08007,1.08021,7645.2798
1718262000000,1.0802,1.08163,1.0802,1.08142,9851.8799
1718265600000,1.08141,1.08144,1.0805,1.08061,11687.1504
1718269200000,1.08061,1.08114,1.08017,1.08019,7533.0698
1718272800000,1.08018,1.08094,1.07931,1.07942,7869.1602
1718276400000,1.07941,1.07967,1.07826,1.07832,8702.6602
1718280000000,1.07832,1.08162,1.07806,1.07937,27102.8496
1718283600000,1.07938,1.08077,1.07858,1.07874,25907.7305
1718287200000,1.07874,1.07904,1.0763,1.07714,18736.9395
1718290800000,1.07714,1.07722,1.07533,1.07553,14550
1718294400000,1.07553,1.07556,1.07328,1.07351,14124.46
1718298000000,1.07351,1.0744,1.07351,1.07423,7783.1602
1718301600000,1.07423,1.0743,1.0736,1.07393,5730.0601
1718305200000,1.07392,1.0743,1.0738,1.07406,3403.5801
1718308800000,1.07405,1.07432,1.07367,1.07368,1848.77
1718312400000,1.07361,1.07398,1.07335,1.07388,1395.9
1718316000000,1.07387,1.07401,1.07351,1.07386,1646.62
1718319600000,1.07387,1.07404,1.0737,1.07374,1840.41
1718323200000,1.07374,1.07408,1.07362,1.07363,4765.1602
1718326800000,1.07363,1.07418,1.07353,1.07415,4470.4702
1718330400000,1.07415,1.07436,1.07401,1.0743,3802.3601
1718334000000,1.07428,1.07449,1.07381,1.07401,7766.4102
1718337600000,1.07401,1.07409,1.0735,1.07362,2860.98
1718341200000,1.07362,1.07372,1.07302,1.07306,4822.73
1718344800000,1.07305,1.07326,1.07157,1.07249,17977.7695
1718348400000,1.07248,1.07271,1.0706,1.07075,22734.6797
1718352000000,1.07075,1.07117,1.06896,1.06917,21408.6094
1718355600000,1.06917,1.0692,1.06717,1.06873,21971.7109
1718359200000,1.06871,1.06988,1.06792,1.06978,18002.5703
1718362800000,1.06978,1.07058,1.06925,1.06938,13238.4004
1718366400000,1.06939,1.06951,1.06791,1.06892,22093.7402
1718370000000,1.06894,1.06923,1.06676,1.06692,19295.5293
1718373600000,1.0669,1.06877,1.06682,1.0687,20182.0293
1718377200000,1.0687,1.06998,1.06834,1.06987,12777.9004
1718380800000,1.06986,1.07018,1.0693,1.07004,5960.8901
1718384400000,1.07005,1.07045,1.06968,1.0698,5461.2202
1718388000000,1.06981,1.07005,1.06945,1.06995,5600.5898
1718391600000,1.06995,1.0706,1.06988,1.07059,2585.6499
1718395200000,1.0706,1.07075,1.06975,1.07025,3272.54
1718571600000,1.07028,1.07084,1.06995,1.07045,446.93
1718575200000,1.07044,1.07089,1.07033,1.07065,4010.7
1718578800000,1.07067,1.07073,1.07017,1.07025,5252.1802
1718582400000,1.07026,1.07072,1.07004,1.07039,6019.6099
1718586000000,1.07039,1.07042,1.06992,1.07015,6162.4502
1718589600000,1.07014,1.07047,1.06989,1.0704,4392.9702
1718593200000,1.07039,1.07046,1.07017,1.07036,3734.8701
1718596800000,1.07037,1.07054,1.0702,1.0704,3227.5701
1718600400000,1.0704,1.07051,1.06991,1.06996,5064
1718604000000,1.06996,1.07037,1.06863,1.06976,17418.25
1718607600000,1.06977,1.07088,1.06921,1.07006,15091.2305
1718611200000,1.07005,1.07122,1.06995,1.07071,16146.2598
1718614800000,1.07072,1.07146,1.07069,1.0711,10413.3203
1718618400000,1.07111,1.07135,1.0702,1.07101,10301.0996
1718622000000,1.071,1.07178,1.07089,1.07094,8288.3301
1718625600000,1.07095,1.07152,1.0707,1.07137,10261.9199
1718629200000,1.07137,1.07207,1.07121,1.0716,13031.9502
1718632800000,1.07161,1.07183,1.07117,1.07161,12106.2305
1718636400000,1.07159,1.07247,1.07152,1.07222,8272.4102
1718640000000,1.07223,1.07277,1.07207,1.07251,7327.7598
1718643600000,1.0725,1.07272,1.07233,1.07259,3587.0901
1718647200000,1.0726,1.07378,1.07257,1.07361,7770.6001
1718650800000,1.07362,1.07363,1.07302,1.07321,7210.0298
1718654400000,1.07322,1.07359,1.07322,1.07339,1375.04
1718658000000,1.07336,1.07336,1.07304,1.07314,601.98
1718661600000,1.07322,1.074,1.0732,1.07376,794.96
1718665200000,1.07376,1.0741,1.07347,1.07398,1270.1899
1718668800000,1.074,1.07407,1.07355,1.07359,2579.55
1718672400000,1.07359,1.07368,1.07269,1.07277,4416.5898
1718676000000,1.07276,1.07282,1.07241,1.07243,2792.6899
1718679600000,1.07242,1.0725,1.07209,1.07246,1997.33
1718683200000,1.07246,1.07263,1.07201,1.07214,3604.98
1718686800000,1.07213,1.07234,1.07182,1.07231,3991.9299
1718690400000,1.07231,1.07336,1.07227,1.07331,6186.9302
1718694000000,1.0733,1.07351,1.07227,1.07233,7372.4199
1718697600000,1.07232,1.07246,1.07149,1.07192,10558.6797
1718701200000,1.07192,1.07256,1.07152,1.07196,12419.8301
1718704800000,1.07196,1.07207,1.07153,1.07178,7734.3301
1718708400000,1.0718,1.07182,1.07099,1.07162,7500.6899
1718712000000,1.07163,1.0734,1.07106,1.07311,21750.1191
1718715600000,1.07311,1.07497,1.073,1.07484,14768.2197
1718719200000,1.07484,1.07615,1.07364,1.07382,19371.5801
1718722800000,1.07383,1.07422,1.07342,1.07385,12308.7197
1718726400000,1.07387,1.07425,1.07363,1.07392,7077.96
1718730000000,1.07393,1.07433,1.07335,1.07351,5720.21
1718733600000,1.0735,1.07403,1.07321,1.07397,3954.3701
1718737200000,1.07395,1.07395,1.07361,1.07389,3392.3899
1718740800000,1.07389,1.07408,1.07378,1.07397,1096.89
1718744400000,1.07397,1.07408,1.07359,1.07402,758.81
1718748000000,1.07405,1.07411,1.07396,1.07406,470.73
1718751600000,1.07408,1.07411,1.07386,1.07386,644.92
1718755200000,1.07385,1.07395,1.07366,1.07374,2102.8201
1718758800000,1.07374,1.07417,1.07353,1.07406,2993.0601
1718762400000,1.07407,1.07423,1.07375,1.07386,2302.47
1718766000000,1.07386,1.07404,1.07368,1.07377,1957.41
1718769600000,1.07377,1.07377,1.07352,1.07357,1467.26
1718773200000,1.07358,1.07387,1.07352,1.07378,2134.26
1718776800000,1.07379,1.07414,1.07276,1.07312,5578.3901
1718780400000,1.0731,1.07408,1.07248,1.07367,8960.4805
1718784000000,1.07367,1.07417,1.07341,1.07403,10392.0098
1718787600000,1.07403,1.0744,1.07325,1.07371,14080.8701
1718791200000,1.07372,1.07522,1.07352,1.075,6931.8501
1718794800000,1.07502,1.07533,1.07467,1.07508,8080.0698
1718798400000,1.07509,1.07529,1.07424,1.07458,9174.6299
1718802000000,1.07461,1.07482,1.07408,1.07435,5165.7798
1718805600000,1.07435,1.07507,1.07429,1.07481,5620.3198
1718809200000,1.07482,1.07494,1.07412,1.07492,3400.0701
1718812800000,1.07491,1.07491,1.07463,1.0747,1339.96
1718816400000,1.0747,1.07472,1.07441,1.07444,707.07
1718820000000,1.07444,1.07445,1.07424,1.07431,496.08
1718823600000,1.07431,1.07454,1.07426,1.07448,685.9
1718827200000,1.07445,1.07452,1.07419,1.07422,587.78
1718830800000,1.07422,1.07456,1.07412,1.07446,757.82
1718834400000,1.07445,1.07466,1.07441,1.07458,1864.89
1718838000000,1.07458,1.07487,1.07454,1.0747,1561.17
1718841600000,1.07469,1.07483,1.0745,1.07461,4801.48
1718845200000,1.07462,1.07479,1.0742,1.07455,7434.6001
1718848800000,1.07455,1.07455,1.07388,1.07394,5041.7798
1718852400000,1.07394,1.0742,1.0739,1.07419,4079.5801
1718856000000,1.07419,1.07449,1.07409,1.07426,2413.0801
1718859600000,1.07425,1.07434,1.07371,1.07373,3984.48
1718863200000,1.07373,1.07383,1.07305,1.07327,7110.02
1718866800000,1.07326,1.07362,1.07243,1.07247,8038.6699
1718870400000,1.07246,1.07246,1.07126,1.07167,10681.6904
1718874000000,1.07167,1.07279,1.07141,1.07252,8824.79
1718877600000,1.07252,1.07316,1.07244,1.07285,6883.8198
1718881200000,1.07287,1.07321,1.07128,1.07147,11878.3701
1718884800000,1.07147,1.07307,1.07131,1.0719,19054.5898
1718888400000,1.07191,1.07287,1.07165,1.07244,15236.1299
1718892000000,1.07245,1.07307,1.07208,1.07217,13404.0303
1718895600000,1.07217,1.07225,1.0707,1.07073,11491.9199
1718899200000,1.07072,1.07105,1.07033,1.0707,6289.6802
1718902800000,1.07071,1.07094,1.07039,1.07069,6469.71
1718906400000,1.0707,1.07177,1.0707,1.07103,6295.46
1718910000000,1.07103,1.07111,1.07035,1.0705,6462.27
1718913600000,1.0705,1.07059,1.07016,1.07016,1870.54
1718917200000,1.07014,1.07042,1.07012,1.0704,635.05
1718920800000,1.07041,1.07041,1.07012,1.07023,1205.54
1718924400000,1.07023,1.07075,1.07019,1.07059,2792.6299
1718928000000,1.07059,1.07075,1.07033,1.07065,6058.6299
1718931600000,1.07065,1.07106,1.0705,1.07101,8342.2197
1718935200000,1.07102,1.07175,1.07102,1.07168,6027.7402
1718938800000,1.07167,1.07167,1.07136,1.07162,5420.2798
1718942400000,1.07162,1.07184,1.07152,1.07184,2800.03
1718946000000,1.07184,1.07198,1.0715,1.07178,5436.3301
1718949600000,1.07178,1.07205,1.07083,1.07099,10434.8896
1718953200000,1.071,1.07102,1.0671,1.06777,21947.3496
1718956800000,1.06776,1.06955,1.06759,1.06909,13766.1602
1718960400000,1.06909,1.06981,1.06833,1.06978,10653.1797
1718964000000,1.06978,1.06981,1.06765,1.06808,9505.8301
1718967600000,1.06809,1.069,1.06797,1.06889,7862.1401
1718971200000,1.0689,1.06952,1.06847,1.06947,11868.8301
1718974800000,1.06947,1.06977,1.06779,1.06823,18996.7109
1718978400000,1.06823,1.06976,1.06795,1.06814,18595.7305
1718982000000,1.06815,1.06944,1.06804,1.06936,11870.1396
1718985600000,1.06937,1.0696,1.06895,1.06921,5538.8599
1718989200000,1.06921,1.06942,1.06907,1.06932,4515.6899
1718992800000,1.06931,1.06967,1.06917,1.06948,3298.7
1718996400000,1.06947,1.06968,1.06909,1.06916,3969.6299
1719000000000,1.06916,1.0695,1.0691,1.06918,3225.3201
1719176400000,1.06849,1.06923,1.06849,1.06901,1187.03
1719180000000,1.06904,1.06937,1.06899,1.06937,1892.27
1719183600000,1.06938,1.06955,1.06873,1.06877,3770.8799
1719187200000,1.06878,1.06936,1.06847,1.06917,3504.1201
1719190800000,1.06916,1.06926,1.06837,1.06906,7073.8501
1719194400000,1.06908,1.06934,1.0688,1.06892,740.79
1719198000000,1.06893,1.06935,1.06891,1.06916,941.91
1719201600000,1.06916,1.06946,1.06914,1.06945,726.54
1719205200000,1.06944,1.06995,1.06944,1.06986,870.72
1719208800000,1.06987,1.07072,1.06973,1.07032,2239.6599
1719212400000,1.07031,1.07149,1.07023,1.07125,3188.3201
1719216000000,1.07126,1.07178,1.07088,1.07135,6983.5298
1719219600000,1.07134,1.0729,1.07131,1.07226,9388.8896
1719223200000,1.07225,1.07307,1.07195,1.07301,12613.1504
1719226800000,1.073,1.07358,1.07266,1.07357,10279.6396
1719230400000,1.07357,1.07357,1.07262,1.07345,13665.2002
1719234000000,1.07345,1.07435,1.07345,1.07427,13511.1504
1719237600000,1.07426,1.07463,1.07271,1.07299,15429.7305
1719241200000,1.073,1.0733,1.07233,1.0727,6634.4702
1719244800000,1.07272,1.07314,1.07261,1.07276,4911.2202
1719248400000,1.07277,1.07277,1.0722,1.07249,4502.25
1719252000000,1.0725,1.07375,1.07243,1.07355,3256.51
1719255600000,1.07355,1.07382,1.07342,1.07361,5991.4102
1719259200000,1.07358,1.07373,1.07319,1.07319,3215.6599
1719262800000,1.07316,1.07338,1.07313,1.07333,958.98
1719266400000,1.07332,1.07345,1.07318,1.07328,1532.39
1719270000000,1.07329,1.07329,1.07308,1.07322,2018.9399
1719273600000,1.07322,1.07356,1.07319,1.07341,5126.5698
1719277200000,1.07341,1.07359,1.07322,1.07345,3844.6499
1719280800000,1.07346,1.07369,1.07339,1.07369,3783.6599
1719284400000,1.07369,1.07394,1.07358,1.07385,2278.2
1719288000000,1.07385,1.074,1.07364,1.07395,2139.8101
1719291600000,1.07396,1.07441,1.07395,1.07415,2236.3501
1719295200000,1.07416,1.07416,1.07313,1.07318,7977.5898
1719298800000,1.07317,1.07328,1.07208,1.0727,12985.6602
1719302400000,1.07269,1.07358,1.07254,1.07342,7767.54
1719306000000,1.0734,1.07352,1.07232,1.07245,6702.02
1719309600000,1.07245,1.07302,1.07211,1.07233,6959.6899
1719313200000,1.07232,1.07242,1.07091,1.07093,9654.71
1719316800000,1.07093,1.07149,1.07022,1.07048,9871.9502
1719320400000,1.07048,1.0713,1.07001,1.07025,10501.2305
1719324000000,1.07025,1.07032,1.06906,1.07005,13970.9102
1719327600000,1.07006,1.07093,1.07005,1.07039,11402.8496
1719331200000,1.0704,1.07086,1.0702,1.07045,5962.5098
1719334800000,1.07045,1.07144,1.07044,1.07134,4335.0498
1719338400000,1.07134,1.07172,1.07121,1.0716,3869.8401
1719342000000,1.0716,1.07175,1.07139,1.07159,3994.79
1719345600000,1.07159,1.07159,1.07111,1.07139,1816.14
1719349200000,1.07136,1.07143,1.07072,1.07126,1620.62
1719352800000,1.07125,1.07151,1.07122,1.07123,1452.24
1719356400000,1.07124,1.07124,1.07088,1.07091,3090.1101
1719360000000,1.0709,1.07125,1.07061,1.07114,2914.1799
1719363600000,1.07113,1.07164,1.07108,1.07157,6512.3301
1719367200000,1.07158,1.07179,1.07086,1.071,5440.9102
1719370800000,1.07099,1.07125,1.07094,1.0711,2773.97
1719374400000,1.07109,1.07115,1.07074,1.07103,3488.48
1719378000000,1.07104,1.07112,1.07022,1.07037,4089.3201
1719381600000,1.07038,1.07055,1.06937,1.06948,8916.29
1719385200000,1.06948,1.06958,1.06852,1.06938,9957.6602
1719388800000,1.06937,1.06998,1.06901,1.06947,10966.46
1719392400000,1.06947,1.06995,1.06881,1.06888,7469.71
1719396000000,1.06889,1.06889,1.0682,1.06849,6285.27
1719399600000,1.06849,1.06947,1.06795,1.0694,11157.4502
1719403200000,1.06941,1.06944,1.0677,1.0677,16545.5
1719406800000,1.06771,1.06822,1.0666,1.06745,16729.75
1719410400000,1.06746,1.06958,1.06744,1.06801,21664.7207
1719414000000,1.068,1.06873,1.06743,1.06818,13798.1504
1719417600000,1.06818,1.06877,1.06793,1.0682,8622.7002
1719421200000,1.0682,1.06908,1.06814,1.06856,7369.7402
1719424800000,1.06854,1.06855,1.06782,1.06799,4636.1299
1719428400000,1.06798,1.06814,1.0675,1.0681,2849.05
1719432000000,1.06809,1.06815,1.06776,1.06799,1239.45
1719435600000,1.06798,1.06813,1.06781,1.06799,1068.39
1719439200000,1.06799,1.0682,1.06795,1.06804,1251.04
1719442800000,1.06806,1.06813,1.06777,1.06797,2321.25
1719446400000,1.06798,1.06816,1.0677,1.06781,5843.8501
1719450000000,1.06782,1.06895,1.06777,1.06886,6095.8599
1719453600000,1.06886,1.06915,1.06881,1.06892,5571.1499
1719457200000,1.06892,1.06923,1.06881,1.06908,3334.74
1719460800000,1.06907,1.06946,1.06905,1.06942,4029.22
1719464400000,1.06943,1.06972,1.06921,1.06956,5074.98
1719468000000,1.06957,1.06989,1.0691,1.0693,7362.73
1719471600000,1.06929,1.06979,1.06882,1.06901,11336.6104
1719475200000,1.06901,1.06913,1.06805,1.06879,10785.4004
1719478800000,1.06879,1.07009,1.06873,1.06971,9140.5898
1719482400000,1.06972,1.07043,1.06904,1.07036,10515.5498
1719486000000,1.07037,1.07041,1.06926,1.06927,8580.4297
1719489600000,1.06928,1.07221,1.06927,1.07194,22458.2402
1719493200000,1.07194,1.07264,1.07171,1.07204,22918.5898
1719496800000,1.07205,1.07253,1.07077,1.07125,16157.2803
1719500400000,1.07125,1.0713,1.07003,1.07069,11420.29
1719504000000,1.0707,1.07101,1.07032,1.07066,7445.54
1719507600000,1.07066,1.07083,1.07043,1.07054,5698.0801
1719511200000,1.07053,1.07077,1.0702,1.07055,6503.7598
1719514800000,1.07057,1.07072,1.07012,1.07028,4636.04
1719518400000,1.07028,1.07051,1.07027,1.07031,1243.47
1719522000000,1.07031,1.07054,1.07029,1.07049,2546.47
1719525600000,1.07049,1.07054,1.07027,1.07038,1056.11
1719529200000,1.07039,1.07092,1.07034,1.07076,1964.83
1719532800000,1.07078,1.07108,1.06975,1.06976,4636.27
1719536400000,1.06975,1.06989,1.06852,1.06912,11634.6797
1719540000000,1.06913,1.06971,1.06879,1.06939,5051.2798
1719543600000,1.06939,1.06948,1.06899,1.06921,3444.8701
1719547200000,1.06921,1.06921,1.06856,1.06866,3837.01
1719550800000,1.06866,1.06923,1.06861,1.06902,4241.2998
1719554400000,1.06903,1.06982,1.06899,1.06968,8280.0898
1719558000000,1.06968,1.0704,1.06917,1.06969,10345.54
1719561600000,1.06968,1.07,1.06922,1.06977,12666.3896
1719565200000,1.06978,1.07094,1.06933,1.07091,10128.3701
1719568800000,1.0709,1.07102,1.07043,1.07094,9486.6201
1719572400000,1.07092,1.07116,1.0692,1.06971,7822.5298
1719576000000,1.06971,1.07197,1.06968,1.07046,23425.3105
1719579600000,1.07048,1.07078,1.06927,1.06983,21397.1191
1719583200000,1.06982,1.07221,1.06924,1.07183,33158.6094
1719586800000,1.07184,1.07184,1.07095,1.07112,23081.9199
1719590400000,1.07112,1.07215,1.07097,1.07159,8637.3701
1719594000000,1.07158,1.07246,1.07137,1.07143,6607.71
1719597600000,1.07142,1.07185,1.07109,1.07117,4067.1499
1719601200000,1.07119,1.07125,1.07061,1.07111,4349.1099
1719604800000,1.07111,1.07145,1.07078,1.07119,7315.2402
1719781200000,1.07438,1.07455,1.07355,1.07381,1806.04
1719784800000,1.07381,1.07416,1.0732,1.07367,4335.8901
1719788400000,1.0737,1.07395,1.07339,1.07349,3663.27
1719792000000,1.0735,1.07497,1.07348,1.07456,11118.7998
1719795600000,1.07455,1.07615,1.07429,1.07482,16112.3203
1719799200000,1.07484,1.07551,1.07469,1.07549,5451.48
1719802800000,1.07549,1.07565,1.07515,1.07528,2786.0901
1719806400000,1.07527,1.07586,1.07524,1.07548,4875.3901
1719810000000,1.07546,1.07621,1.07541,1.07556,5990.8799
1719813600000,1.07555,1.07763,1.07553,1.07697,16848.0703
1719817200000,1.07699,1.07725,1.07513,1.07545,18392.7207
1719820800000,1.07544,1.0772,1.07495,1.07682,12275.2598
1719824400000,1.07681,1.07685,1.0756,1.07571,10007.4297
1719828000000,1.0757,1.0757,1.07473,1.07485,7390.1499
1719831600000,1.07487,1.07523,1.07426,1.07489,6544.1699
1719835200000,1.07487,1.075,1.07398,1.07481,10066.1797
1719838800000,1.07481,1.07592,1.07481,1.07547,13733.5703
1719842400000,1.07552,1.07697,1.07284,1.07301,28367.4805
1719846000000,1.07302,1.07305,1.07197,1.07269,12940.2002
1719849600000,1.07272,1.07332,1.07242,1.07315,8374.7305
1719853200000,1.07315,1.07333,1.07281,1.07293,4375.2002
1719856800000,1.07292,1.07301,1.07242,1.07295,4933.46
1719860400000,1.07295,1.07392,1.07293,1.07384,4784.02
1719864000000,1.07384,1.07426,1.07382,1.07402,4827.3198
1719867600000,1.07393,1.07399,1.07347,1.07379,2005.49
1719871200000,1.07382,1.07411,1.07371,1.07372,1395.42
1719874800000,1.07371,1.07377,1.07357,1.07365,3125.8301
1719878400000,1.07364,1.07385,1.07331,1.07346,6514.46
1719882000000,1.07347,1.07363,1.07318,1.07344,5064.8301
1719885600000,1.07345,1.07358,1.07319,1.07351,4149.8301
1719889200000,1.0735,1.07355,1.07308,1.07322,3835.23
1719892800000,1.07323,1.07332,1.07282,1.07294,5181.23
1719896400000,1.07295,1.07329,1.07267,1.07318,6108.04
1719900000000,1.07319,1.07357,1.07249,1.0725,8440.8896
1719903600000,1.07249,1.07281,1.0712,1.07181,13235.7998
1719907200000,1.07181,1.0724,1.07142,1.07204,11368.8799
1719910800000,1.07203,1.07225,1.07105,1.07108,9111.1299
1719914400000,1.07109,1.07188,1.071,1.07171,7363.3701
1719918000000,1.07172,1.07246,1.07149,1.07239,4781.1499
1719921600000,1.07239,1.07335,1.07239,1.07317,10871.4404
1719925200000,1.07317,1.07469,1.073,1.07419,20051.5293
1719928800000,1.07417,1.0745,1.0724,1.07432,30852.9707
1719932400000,1.07432,1.07446,1.07332,1.07363,11181.0801
1719936000000,1.07362,1.07365,1.07306,1.07319,6108.7798
1719939600000,1.07319,1.07406,1.07316,1.07384,3772.46
1719943200000,1.07383,1.07428,1.07381,1.07421,3670.48
1719946800000,1.0742,1.07465,1.07416,1.07462,3565.28
1719950400000,1.0746,1.07471,1.07446,1.07446,3343.6899
1719954000000,1.07443,1.07451,1.07408,1.07447,1539.62
1719957600000,1.07449,1.07489,1.07447,1.07488,1519.03
1719961200000,1.07488,1.07491,1.07467,1.0748,2439.99
1719964800000,1.0748,1.07542,1.07473,1.07479,5260.1899
1719968400000,1.07478,1.07478,1.07404,1.07419,5210.5
1719972000000,1.07419,1.07468,1.07418,1.07439,3525.51
1719975600000,1.07436,1.07451,1.0743,1.07435,5701.3301
1719979200000,1.07434,1.07445,1.07419,1.07423,5872.8999
1719982800000,1.07423,1.07423,1.07363,1.07384,4264.1802
1719986400000,1.07385,1.07482,1.07368,1.07469,7218.6401
1719990000000,1.0747,1.07617,1.07468,1.07595,12349.0898
1719993600000,1.07595,1.07635,1.07555,1.07581,10795.8701
1719997200000,1.07581,1.07623,1.07543,1.07551,8806.3896
1720000800000,1.07551,1.07628,1.07525,1.07583,7321.8101
1720004400000,1.07583,1.07622,1.07562,1.07576,7602.1201
1720008000000,1.07576,1.07783,1.07549,1.07745,15639.0098
1720011600000,1.07744,1.07922,1.0772,1.07889,9240.7803
1720015200000,1.07895,1.08168,1.07885,1.08059,31773.4395
1720018800000,1.08058,1.08091,1.0797,1.07987,19269.5996
1720022400000,1.07987,1.08003,1.07919,1.07957,6602.5298
1720026000000,1.07958,1.07958,1.0782,1.07833,5549.3799
1720029600000,1.07833,1.07847,1.07781,1.07801,3424.6499
1720033200000,1.07804,1.07877,1.07797,1.07848,3593.3201
1720036800000,1.07848,1.07886,1.0784,1.07868,920.43
1720040400000,1.07853,1.07879,1.07833,1.0786,889.59
1720044000000,1.07857,1.07901,1.07854,1.07895,731.66
1720047600000,1.07896,1.07916,1.07881,1.0791,1071.3199
1720051200000,1.0791,1.07937,1.07887,1.07925,3422.6001
1720054800000,1.07926,1.07949,1.07883,1.07907,4924.7798
1720058400000,1.07906,1.07914,1.07863,1.07863,3187.2
1720062000000,1.07864,1.07873,1.07836,1.07852,2189.01
1720065600000,1.07852,1.07871,1.07847,1.07865,2348.0901
1720069200000,1.07865,1.07907,1.07848,1.07899,2092.5901
1720072800000,1.079,1.07935,1.07849,1.07926,8266.3096
1720076400000,1.07925,1.07965,1.07889,1.07944,8085.73
1720080000000,1.07943,1.0803,1.0794,1.08018,5992.5801
1720083600000,1.08017,1.0803,1.07952,1.07976,9541.8496
1720087200000,1.07977,1.08014,1.07939,1.0801,4251.5298
1720090800000,1.08009,1.0802,1.07961,1.0797,6080.5698
1720094400000,1.07969,1.08022,1.0796,1.0797,4811.3501
1720098000000,1.07969,1.08016,1.07948,1.0801,5038.6499
1720101600000,1.08009,1.08092,1.07993,1.08083,6251.71
1720105200000,1.08083,1.08138,1.08069,1.08106,5138.7202
1720108800000,1.08107,1.08137,1.08096,1.08121,3139.9299
1720112400000,1.08121,1.08128,1.08106,1.08114,1528.8101
1720116000000,1.08117,1.08126,1.08113,1.0812,978.72
1720119600000,1.08119,1.08131,1.08119,1.08129,974.18
1720123200000,1.08129,1.08137,1.08101,1.08101,1085.71
1720126800000,1.08101,1.08117,1.081,1.08116,1015.93
1720130400000,1.08119,1.0814,1.08103,1.08116,1316.3
1720134000000,1.08117,1.08117,1.08093,1.08103,2113.01
1720137600000,1.08105,1.08179,1.08102,1.08149,3922.79
1720141200000,1.08148,1.0818,1.08137,1.08157,2608.49
1720144800000,1.08158,1.0818,1.08142,1.08179,1967.03
1720148400000,1.08179,1.08245,1.08179,1.08218,5387.3901
1720152000000,1.08216,1.08227,1.08197,1.0822,3587.3799
1720155600000,1.08219,1.08224,1.08191,1.08213,2809.6101
1720159200000,1.08214,1.08258,1.08188,1.08192,5907.23
1720162800000,1.08191,1.08302,1.08164,1.0829,11053.71
1720166400000,1.08289,1.08305,1.08227,1.0828,7142.46
1720170000000,1.08278,1.08307,1.08256,1.08264,5625.52
1720173600000,1.08264,1.08319,1.08221,1.08246,5850.4702
1720177200000,1.08247,1.08252,1.08184,1.0819,9328.5195
1720180800000,1.0819,1.08423,1.07993,1.08296,39299.3086
1720184400000,1.08295,1.08341,1.08141,1.08191,38930.3984
1720188000000,1.08191,1.08261,1.08106,1.08241,23220.3496
1720191600000,1.08241,1.08307,1.08193,1.08277,12475.4697
1720195200000,1.08278,1.08303,1.08232,1.08255,6648.5698
1720198800000,1.08255,1.08304,1.08248,1.08278,5260.3799
1720202400000,1.08278,1.08374,1.08276,1.0837,3088.1499
1720206000000,1.08369,1.08426,1.08365,1.08414,3958.1001
1720209600000,1.08412,1.08412,1.08363,1.0837,4130.04
1720386000000,1.08014,1.08225,1.07998,1.08177,1344.77
1720389600000,1.08181,1.08329,1.08178,1.08244,5981.73
1720393200000,1.08245,1.08279,1.08218,1.08256,7752.1099
1720396800000,1.08255,1.08293,1.0819,1.08216,11234.1699
1720400400000,1.08215,1.08295,1.08201,1.0829,7164.23
1720404000000,1.08291,1.083,1.0825,1.08259,7896.5801
1720407600000,1.0826,1.08363,1.08258,1.08314,5818.6201
1720411200000,1.08314,1.08316,1.08273,1.08286,3506.5801
1720414800000,1.08285,1.083,1.08209,1.08222,7579.5898
1720418400000,1.08223,1.08292,1.08146,1.08216,13226.0195
1720422000000,1.08218,1.08382,1.08208,1.08368,22356.0293
1720425600000,1.08369,1.0843,1.08346,1.08383,12804.2803
1720429200000,1.08382,1.08418,1.08353,1.08381,7231.6099
1720432800000,1.08381,1.08396,1.08235,1.08298,8135.9702
1720436400000,1.08297,1.08335,1.08267,1.08334,7615.6201
1720440000000,1.08335,1.08445,1.08322,1.08437,13740.8896
1720443600000,1.08438,1.0845,1.08383,1.08411,13005.5996
1720447200000,1.08411,1.08448,1.08321,1.08347,14458.4697
1720450800000,1.08347,1.08361,1.08311,1.08346,8145.1201
1720454400000,1.08345,1.08361,1.08285,1.08323,7831.96
1720458000000,1.08323,1.08336,1.08294,1.08319,4364.0698
1720461600000,1.08319,1.08319,1.08234,1.08259,3999.22
1720465200000,1.0826,1.08265,1.08223,1.0825,3703.6699
1720468800000,1.0825,1.08251,1.08226,1.0823,1937.9
1720472400000,1.0824,1.08251,1.08236,1.08241,564.63
1720476000000,1.08244,1.08258,1.08241,1.08256,1249.8199
1720479600000,1.08258,1.08313,1.08255,1.08305,2327.4299
1720483200000,1.08307,1.08333,1.08261,1.08269,4678.1099
1720486800000,1.0827,1.08296,1.08226,1.08235,5601.6602
1720490400000,1.08234,1.08274,1.08192,1.08264,5925.3701
1720494000000,1.08264,1.08297,1.08257,1.08281,4035.7
1720497600000,1.08283,1.08311,1.08278,1.08296,3811.5
1720501200000,1.08296,1.08306,1.08262,1.08286,5313.7998
1720504800000,1.08287,1.08302,1.08239,1.08247,7783.4399
1720508400000,1.08247,1.08298,1.0817,1.08174,16074.4805
1720512000000,1.08174,1.08242,1.08151,1.08223,9233.2197
1720515600000,1.08225,1.08258,1.08188,1.08227,7090.4702
1720519200000,1.08226,1.08283,1.08202,1.08222,6433.1899
1720522800000,1.08221,1.08239,1.08121,1.08137,12533.6201
1720526400000,1.08138,1.08177,1.08126,1.08157,8980.3496
1720530000000,1.08159,1.08261,1.08158,1.08218,15766.4697
1720533600000,1.08218,1.08282,1.08093,1.08156,28488.5293
1720537200000,1.08156,1.08192,1.08054,1.08125,16578.5508
1720540800000,1.08126,1.08162,1.08058,1.08099,8069.4199
1720544400000,1.08099,1.08138,1.08065,1.08092,8426.3701
1720548000000,1.08091,1.0814,1.08081,1.08133,5289.3101
1720551600000,1.08134,1.08158,1.08109,1.08142,3305.1699
1720555200000,1.08143,1.08165,1.08127,1.08127,2232.3601
1720558800000,1.08125,1.08152,1.08124,1.08145,853.44
1720562400000,1.08145,1.08152,1.08135,1.08144,852.29
1720566000000,1.08144,1.0816,1.08139,1.08142,1888.22
1720569600000,1.08142,1.08166,1.08111,1.0812,5718.6802
1720573200000,1.08119,1.08152,1.08108,1.08145,6279.1802
1720576800000,1.08148,1.08168,1.08118,1.08167,8176.6201
1720580400000,1.08168,1.0821,1.08164,1.08199,3205.1899
1720584000000,1.082,1.08205,1.08176,1.08185,5301.46
1720587600000,1.08185,1.08211,1.08159,1.08176,4418.1699
1720591200000,1.08177,1.08233,1.08147,1.0822,8186.5801
1720594800000,1.08219,1.08249,1.0815,1.08161,11491.0498
1720598400000,1.08161,1.08199,1.08118,1.08153,10228.4404
1720602000000,1.08152,1.08251,1.08145,1.08188,8180.3599
1720605600000,1.08188,1.0824,1.08134,1.08216,7380.0698
1720609200000,1.08217,1.08269,1.08198,1.08256,6164.8599
1720612800000,1.08255,1.08282,1.08233,1.0827,8966.8496
1720616400000,1.08269,1.08288,1.08201,1.08226,15736
1720620000000,1.08226,1.08286,1.08199,1.08232,13899.1396
1720623600000,1.08233,1.08275,1.08208,1.08223,10879.8203
1720627200000,1.08224,1.08277,1.08216,1.08269,5975.3799
1720630800000,1.0827,1.08285,1.08208,1.08221,5960.9399
1720634400000,1.08219,1.08251,1.08173,1.0825,5465.8301
1720638000000,1.08249,1.08295,1.08237,1.08287,6296.6201
1720641600000,1.08287,1.08305,1.08273,1.08295,1868.71
1720645200000,1.08292,1.08297,1.08254,1.08289,707.14
1720648800000,1.08289,1.08332,1.08289,1.08327,1180.6801
1720652400000,1.08328,1.08365,1.0831,1.08333,4476.3901
1720656000000,1.08332,1.08367,1.08325,1.08351,6215.6499
1720659600000,1.08351,1.084,1.08325,1.08392,3901.21
1720663200000,1.08393,1.084,1.08368,1.08371,3390.1399
1720666800000,1.08372,1.08388,1.08355,1.08379,3362.47
1720670400000,1.08379,1.08387,1.08355,1.08364,3418.54
1720674000000,1.08363,1.08377,1.08344,1.08344,2877.72
1720677600000,1.08344,1.08396,1.08322,1.0834,4732.71
1720681200000,1.0834,1.08399,1.08324,1.08394,4424.8398
1720684800000,1.08396,1.08478,1.08382,1.08473,5798.23
1720688400000,1.08472,1.08526,1.08433,1.08468,7556.5498
1720692000000,1.08467,1.08524,1.08455,1.08487,5076.2202
1720695600000,1.08486,1.08577,1.08486,1.08547,5449.2402
1720699200000,1.08547,1.08999,1.08443,1.08868,45034.6094
1720702800000,1.08868,1.08991,1.08685,1.08865,52004.1211
1720706400000,1.08866,1.08899,1.08706,1.08784,31225.8809
1720710000000,1.08784,1.08807,1.08665,1.08697,20206.2793
1720713600000,1.08697,1.08705,1.0864,1.08669,11560.4902
1720717200000,1.0867,1.08673,1.08597,1.08608,11917.6104
1720720800000,1.08607,1.0869,1.08604,1.08679,5165.3599
1720724400000,1.0868,1.08698,1.08641,1.08647,7391.2402
1720728000000,1.08645,1.08679,1.08641,1.08678,1694.63
1720731600000,1.08673,1.08677,1.08614,1.0866,980.9
1720735200000,1.0866,1.08681,1.0864,1.08662,2087.8899
1720738800000,1.08663,1.08743,1.08649,1.0874,8261.7197
1720742400000,1.0874,1.08744,1.08676,1.08697,9126.96
1720746000000,1.08698,1.0872,1.08637,1.08646,9630.5303
1720749600000,1.08647,1.08675,1.08634,1.08657,5646.2598
1720753200000,1.08656,1.08707,1.08645,1.08687,4043.71
1720756800000,1.08686,1.0871,1.08681,1.08697,3704.22
1720760400000,1.08699,1.08724,1.08676,1.08694,4516.8301
1720764000000,1.08694,1.08722,1.08632,1.08649,8437.3896
1720767600000,1.0865,1.08761,1.08617,1.08754,8669.7402
1720771200000,1.08754,1.08872,1.08753,1.08868,9597.8096
1720774800000,1.08867,1.08893,1.08814,1.08852,13943.4805
1720778400000,1.08851,1.08919,1.08846,1.08899,7642.75
1720782000000,1.08899,1.08922,1.08864,1.08876,7597.1401
1720785600000,1.08876,1.08929,1.08734,1.08904,32545.6602
1720789200000,1.08905,1.0898,1.08868,1.08966,29920.1406
1720792800000,1.08966,1.09094,1.08932,1.09092,24572.0098
1720796400000,1.09092,1.09109,1.0901,1.09012,12276.79
1720800000000,1.09011,1.09053,1.09005,1.09045,5842.3701
1720803600000,1.09046,1.09073,1.0901,1.09064,3872.25
1720807200000,1.09064,1.09065,1.0901,1.09061,4173.3501
1720810800000,1.0906,1.09113,1.09046,1.09063,5708.7402
1720814400000,1.09066,1.0908,1.09039,1.09054,5370.52
1720990800000,1.08852,1.0895,1.08818,1.08888,1624.5
1720994400000,1.08888,1.08934,1.08846,1.08869,5744.2998
1720998000000,1.0887,1.08883,1.08832,1.08856,4181.3101
1721001600000,1.08857,1.08888,1.08833,1.08883,3956.1699
1721005200000,1.08882,1.08901,1.08859,1.08896,2781.03
1721008800000,1.08896,1.08918,1.08863,1.08917,2401.8201
1721012400000,1.08917,1.08956,1.08906,1.0894,1047.65
1721016000000,1.0894,1.08946,1.08924,1.08935,2065.8401
1721019600000,1.08934,1.08958,1.08925,1.08943,2487.8501
1721023200000,1.08944,1.0896,1.08862,1.08894,7450.9102
1721026800000,1.08895,1.08963,1.08837,1.08956,8336.2197
1721030400000,1.08956,1.09093,1.08956,1.09083,7153
1721034000000,1.09083,1.09152,1.09068,1.09128,10935.3203
1721037600000,1.09128,1.09203,1.09048,1.09097,14610.9502
1721041200000,1.09097,1.09148,1.0905,1.09055,19050.8906
1721044800000,1.09055,1.09087,1.0902,1.09073,15567.6904
1721048400000,1.09075,1.09165,1.09068,1.09151,16990.5508
1721052000000,1.09152,1.09177,1.09075,1.0917,16323.7197
1721055600000,1.09171,1.09222,1.091,1.09118,15086.0801
1721059200000,1.09118,1.09171,1.08999,1.09061,19250.2598
1721062800000,1.09062,1.09063,1.08932,1.08948,18581.6895
1721066400000,1.08947,1.09018,1.08934,1.09014,7097.6001
1721070000000,1.09013,1.09013,1.08963,1.08987,7928.73
1721073600000,1.08988,1.08991,1.08938,1.08938,6739.29
1721077200000,1.08938,1.08969,1.08935,1.08952,659
1721080800000,1.08952,1.08965,1.0894,1.08944,2247.3
1721084400000,1.08943,1.08985,1.08943,1.08981,4314.96
1721088000000,1.0898,1.08981,1.08909,1.08913,8030.9102
1721091600000,1.08914,1.08933,1.08901,1.08928,8396.1299
1721095200000,1.08928,1.08936,1.08887,1.08909,4244.04
1721098800000,1.08908,1.0894,1.08907,1.0893,4028.47
1721102400000,1.08929,1.08945,1.08918,1.08923,3988.6399
1721106000000,1.08923,1.08924,1.0887,1.08884,8569.6699
1721109600000,1.08884,1.08907,1.08836,1.08885,11074.5
1721113200000,1.08884,1.09003,1.08884,1.08992,15041.8896
1721116800000,1.08992,1.09027,1.08939,1.09002,14914.5996
1721120400000,1.09002,1.09041,1.08938,1.08979,14140.1504
1721124000000,1.08979,1.09029,1.08959,1.08989,13147.0703
1721127600000,1.0899,1.09038,1.08944,1.09021,11568.7002
1721131200000,1.0902,1.09054,1.08756,1.08806,29963.0098
1721134800000,1.08807,1.08832,1.08715,1.08831,16036.9404
1721138400000,1.08832,1.08848,1.08731,1.08785,13869.0195
1721142000000,1.08786,1.08861,1.08783,1.08844,9763.1504
1721145600000,1.08845,1.08891,1.08812,1.0889,6898.3198
1721149200000,1.08888,1.08923,1.08876,1.0892,4567.8101
1721152800000,1.08921,1.08973,1.08904,1.08959,3633.1799
1721156400000,1.08959,1.09029,1.08953,1.09018,3774.54
1721160000000,1.09017,1.09026,1.08982,1.0899,2915.3601
1721163600000,1.08984,1.08999,1.08982,1.08991,978.22
1721167200000,1.0899,1.09019,1.08975,1.09019,2903.55
1721170800000,1.0902,1.09029,1.09001,1.0902,5094.7002
1721174400000,1.09019,1.09028,1.08958,1.08975,7969.4502
1721178000000,1.08974,1.09029,1.08955,1.09023,6146.2798
1721181600000,1.09024,1.09068,1.09008,1.09042,3949.0901
1721185200000,1.09043,1.09063,1.09004,1.09061,3948.7
1721188800000,1.09062,1.09066,1.0902,1.09029,4430.9502
1721192400000,1.0903,1.09068,1.09008,1.09045,5593.9302
1721196000000,1.09044,1.09054,1.08975,1.08975,16733.6406
1721199600000,1.08974,1.09134,1.0895,1.09083,21182.0898
1721203200000,1.09085,1.09437,1.09075,1.09416,21796.6406
1721206800000,1.09416,1.0945,1.09359,1.09438,20604.6504
1721210400000,1.09437,1.09448,1.09302,1.09307,13475.5098
1721214000000,1.09306,1.0942,1.09289,1.09347,8675.29
1721217600000,1.09345,1.0944,1.0932,1.09424,13265.7803
1721221200000,1.09425,1.0948,1.09355,1.09386,20235.5801
1721224800000,1.09387,1.09387,1.09315,1.09325,24939.4492
1721228400000,1.09323,1.09361,1.09275,1.09324,14240.9199
1721232000000,1.09323,1.09336,1.09237,1.09297,9810.2402
1721235600000,1.09296,1.09363,1.09283,1.09312,5774.8301
1721239200000,1.09313,1.09394,1.09303,1.09368,5939.0801
1721242800000,1.09367,1.09397,1.09347,1.09362,5627.6401
1721246400000,1.09362,1.094,1.09352,1.09386,4681.8398
1721250000000,1.09384,1.09401,1.0938,1.09381,365.75
1721253600000,1.09382,1.09397,1.0938,1.09395,1280.73
1721257200000,1.09394,1.0941,1.09386,1.09402,4065.9299
1721260800000,1.09402,1.09407,1.09366,1.09371,7138.1602
1721264400000,1.0937,1.0939,1.0934,1.09342,13251.5596
1721268000000,1.09342,1.09358,1.09321,1.0935,6782.75
1721271600000,1.0935,1.09365,1.09322,1.09328,4088.1201
1721275200000,1.09329,1.09362,1.09316,1.09335,4303.98
1721278800000,1.09335,1.09382,1.09327,1.0937,5940.52
1721282400000,1.09369,1.09371,1.09275,1.09311,10320.79
1721286000000,1.09311,1.0935,1.09261,1.09314,15429.9404
1721289600000,1.09314,1.09388,1.09289,1.09306,11128.21
1721293200000,1.09306,1.09317,1.09271,1.09308,7378.4502
1721296800000,1.09307,1.09361,1.09285,1.0933,4430.1699
1721300400000,1.09329,1.09331,1.09262,1.09276,9050.4502
1721304000000,1.09275,1.09369,1.09237,1.09284,19925.4102
1721307600000,1.09285,1.0929,1.09073,1.09112,23757.2109
1721311200000,1.09111,1.09166,1.0905,1.09148,18299.1406
1721314800000,1.09147,1.09183,1.0905,1.09123,18924.8906
1721318400000,1.09122,1.09163,1.0911,1.09159,9554.5
1721322000000,1.09159,1.09164,1.09067,1.09069,10228.9902
1721325600000,1.0907,1.09073,1.08956,1.08989,10569.4199
1721329200000,1.08988,1.08999,1.08935,1.0897,11339.9502
1721332800000,1.0897,1.08987,1.08951,1.08964,2111.1699
1721336400000,1.08956,1.08986,1.08952,1.08977,1630.21
1721340000000,1.08977,1.09001,1.08954,1.08974,1799.52
1721343600000,1.08976,1.09017,1.08966,1.09003,3267.1399
1721347200000,1.09002,1.09003,1.08908,1.08919,10160.7197
1721350800000,1.08919,1.08946,1.08863,1.08876,9047.79
1721354400000,1.08877,1.08923,1.08871,1.0892,4264.3999
1721358000000,1.0892,1.08922,1.08877,1.08883,4444.6899
1721361600000,1.08883,1.08895,1.08861,1.08869,5751.8599
1721365200000,1.08872,1.08904,1.08845,1.08888,5289.0498
1721368800000,1.08887,1.08896,1.08833,1.08851,9845.3496
1721372400000,1.08849,1.08905,1.08818,1.08878,12948.9805
1721376000000,1.08877,1.08878,1.08761,1.0879,14630.6299
1721379600000,1.0879,1.08846,1.08774,1.08803,7444.0898
1721383200000,1.08803,1.08863,1.08775,1.08841,10649.3604
1721386800000,1.08841,1.08932,1.0883,1.08931,11729.8604
1721390400000,1.08932,1.08941,1.08843,1.08889,14681.2803
1721394000000,1.08889,1.08896,1.08813,1.08815,17283.1406
1721397600000,1.08814,1.089,1.08792,1.08896,18379.0195
1721401200000,1.08897,1.089,1.08835,1.08879,10839.9902
1721404800000,1.08882,1.08911,1.08839,1.08848,8672.2197
1721408400000,1.08849,1.08854,1.08807,1.08839,6364.9199
1721412000000,1.08839,1.08845,1.08756,1.08786,4972.8198
1721415600000,1.08786,1.08821,1.08769,1.08793,7177.5698
1721419200000,1.08793,1.08836,1.08779,1.08779,4860.3198
1721595600000,1.08861,1.08864,1.08807,1.08839,849.92
1721599200000,1.0884,1.09001,1.0884,1.08997,3650.73
1721602800000,1.08997,1.09027,1.08983,1.08988,8640.0195
1721606400000,1.08988,1.08998,1.08924,1.08938,7861.23
1721610000000,1.08937,1.08948,1.08847,1.08866,5056.9502
1721613600000,1.08866,1.08953,1.08846,1.08927,6907.6099
1721617200000,1.08926,1.08937,1.08907,1.08915,4827.1099
1721620800000,1.08916,1.08927,1.0887,1.08874,5670.7202
1721624400000,1.08873,1.08876,1.08824,1.08846,6081.8701
1721628000000,1.08845,1.08902,1.08788,1.08809,17940.8809
1721631600000,1.0881,1.08879,1.08804,1.08871,16366.1699
1721635200000,1.08871,1.08924,1.08848,1.0888,9781.7998
1721638800000,1.08881,1.08953,1.08869,1.08918,12936.5596
1721642400000,1.08917,1.08929,1.08852,1.08894,8814.2695
1721646000000,1.08894,1.08911,1.08838,1.08857,9589.0801
1721649600000,1.08856,1.08884,1.08752,1.08781,15993.5801
1721653200000,1.08779,1.08862,1.08753,1.08804,13970.1797
1721656800000,1.08803,1.08856,1.0873,1.08845,11859.4902
1721660400000,1.08846,1.08863,1.08766,1.08798,11685.5498
1721664000000,1.08797,1.08867,1.08788,1.08862,6073.6299
1721667600000,1.08864,1.08917,1.08864,1.08901,5765.2402
1721671200000,1.08901,1.08904,1.08877,1.08894,4261.6001
1721674800000,1.08896,1.08896,1.08858,1.08872,4311.9399
1721678400000,1.08872,1.08918,1.08862,1.08908,2155.3301
1721682000000,1.08908,1.08933,1.08866,1.08893,1709.46
1721685600000,1.08903,1.08924,1.08902,1.08909,1385.5
1721689200000,1.08909,1.08916,1.08889,1.08889,1592.37
1721692800000,1.08888,1.08924,1.0887,1.08896,8309.25
1721696400000,1.08896,1.08939,1.08874,1.08886,7073.9199
1721700000000,1.08885,1.08937,1.08883,1.08919,3514.0901
1721703600000,1.08919,1.08967,1.08919,1.08941,5110.23
1721707200000,1.08941,1.08947,1.08906,1.08908,6755.0098
1721710800000,1.08908,1.08913,1.08881,1.089,7011.0801
1721714400000,1.089,1.08903,1.08793,1.08848,11873.5498
1721718000000,1.08848,1.08886,1.08739,1.0876,11956.71
1721721600000,1.0876,1.08824,1.08679,1.08778,11153.6104
1721725200000,1.08778,1.08783,1.08659,1.08673,8589.6396
1721728800000,1.08673,1.08689,1.08564,1.08614,12943.4697
1721732400000,1.08614,1.08684,1.0856,1.0857,9516.5303
1721736000000,1.08569,1.08634,1.08547,1.08559,10195.5703
1721739600000,1.08559,1.08561,1.08458,1.08491,15457.2803
1721743200000,1.08492,1.08552,1.08438,1.08447,19646
1721746800000,1.08447,1.08576,1.08446,1.08542,8354.96
1721750400000,1.08543,1.08578,1.08518,1.08533,5816.1899
1721754000000,1.08534,1.08564,1.08506,1.08532,5113.04
1721757600000,1.08532,1.08554,1.08513,1.08522,7349.2998
1721761200000,1.08522,1.08524,1.08492,1.08507,4346.25
1721764800000,1.08508,1.08563,1.08495,1.08533,2596.8701
1721768400000,1.08528,1.08548,1.08528,1.08533,704.23
1721772000000,1.08539,1.08539,1.08491,1.08508,3121.6599
1721775600000,1.08509,1.0852,1.08485,1.08496,2897.1599
1721779200000,1.08495,1.08502,1.08456,1.08466,7640.0298
1721782800000,1.08467,1.08503,1.08458,1.08483,8407.0596
1721786400000,1.08483,1.08483,1.08416,1.08428,6717.29
1721790000000,1.08429,1.08456,1.08425,1.0845,4050.24
1721793600000,1.08451,1.08475,1.08433,1.08468,6032.25
1721797200000,1.08469,1.08532,1.08466,1.08526,7070.3501
1721800800000,1.08526,1.08526,1.08424,1.08432,13280.8398
1721804400000,1.0843,1.08537,1.08256,1.0829,28158.0293
1721808000000,1.0829,1.08375,1.08257,1.08349,15628.8203
1721811600000,1.08349,1.08412,1.08323,1.08406,6861.4102
1721815200000,1.08406,1.08463,1.084,1.08426,7867.96
1721818800000,1.08425,1.08489,1.08385,1.08461,11029.96
1721822400000,1.08464,1.08592,1.08456,1.08582,11045.1299
1721826000000,1.08583,1.08628,1.08515,1.08543,23031.7598
1721829600000,1.08543,1.08664,1.08504,1.08536,21922.8809
1721833200000,1.08539,1.08576,1.08516,1.08527,15106.8301
1721836800000,1.08528,1.08529,1.08475,1.08509,8134.7402
1721840400000,1.08509,1.08549,1.08459,1.08463,4929.9302
1721844000000,1.08463,1.08463,1.08367,1.08375,6534.2402
1721847600000,1.08374,1.08425,1.08359,1.08389,7818.5
1721851200000,1.08388,1.08401,1.08378,1.08397,2253.77
1721854800000,1.08396,1.08404,1.08383,1.08394,1197.09
1721858400000,1.08394,1.0842,1.08378,1.08393,1355.36
1721862000000,1.08394,1.08399,1.08374,1.08378,2116.52
1721865600000,1.08379,1.08412,1.08349,1.08394,8971.6699
1721869200000,1.08395,1.08428,1.08372,1.08379,9156.9297
1721872800000,1.08379,1.08414,1.08362,1.08395,7232.0298
1721876400000,1.08394,1.08439,1.08389,1.08427,5441.3301
1721880000000,1.08427,1.08434,1.08376,1.08399,5390.7798
1721883600000,1.08401,1.08454,1.08382,1.0845,6024.9199
1721887200000,1.08451,1.08451,1.08334,1.08347,12386.9004
1721890800000,1.08348,1.08531,1.08282,1.08487,19997.25
1721894400000,1.08487,1.08577,1.08433,1.0846,26450.4609
1721898000000,1.08459,1.08559,1.08438,1.08515,12440.2998
1721901600000,1.08514,1.08588,1.08479,1.08512,11372.5996
1721905200000,1.08513,1.08537,1.08436,1.08457,9615.8203
1721908800000,1.08456,1.08549,1.08363,1.08497,23512.4902
1721912400000,1.08497,1.08508,1.08302,1.0839,26652.5
1721916000000,1.0839,1.08568,1.08361,1.08545,28224.9902
1721919600000,1.08546,1.08646,1.08544,1.08598,15363.5098
1721923200000,1.08599,1.08634,1.08565,1.0862,9107.0596
1721926800000,1.08621,1.08699,1.08539,1.08543,12809.3398
1721930400000,1.08543,1.08547,1.08478,1.08479,7375.4102
1721934000000,1.08478,1.08536,1.08454,1.08459,7780.3701
1721937600000,1.08459,1.08463,1.08434,1.0845,2153.26
1721941200000,1.08448,1.08466,1.08442,1.0845,1233.83
1721944800000,1.0845,1.08484,1.08434,1.08469,1842.52
1721948400000,1.08471,1.08514,1.08468,1.08513,4459.02
1721952000000,1.08514,1.08554,1.08514,1.08538,5671.48
1721955600000,1.08537,1.08594,1.0852,1.08579,4864.02
1721959200000,1.0858,1.08604,1.08546,1.08551,4376.8999
1721962800000,1.08552,1.08585,1.0854,1.08583,5974.3101
1721966400000,1.08582,1.08597,1.08567,1.08582,6238.0098
1721970000000,1.08583,1.08607,1.08565,1.08572,4516
1721973600000,1.08572,1.08572,1.08505,1.08522,9321.4697
1721977200000,1.08522,1.08556,1.08449,1.08491,11468.7305
1721980800000,1.08491,1.08529,1.0842,1.08514,9912.6602
1721984400000,1.08514,1.08566,1.085,1.08539,9321.3096
1721988000000,1.0854,1.08586,1.08508,1.08562,5772.2998
1721991600000,1.08561,1.08614,1.08522,1.0861,6776.21
1721995200000,1.08611,1.08654,1.08484,1.08606,13080.3896
1721998800000,1.08606,1.08672,1.0859,1.08651,10950.1504
1722002400000,1.08651,1.08681,1.08514,1.08557,21771.7598
1722006000000,1.08558,1.086,1.08525,1.08579,8649.5098
1722009600000,1.08579,1.08669,1.08564,1.08653,3874.98
1722013200000,1.08653,1.08654,1.08579,1.08607,6791.3701
1722016800000,1.08606,1.08633,1.08561,1.08566,4814.0098
1722020400000,1.08567,1.08591,1.08554,1.08577,4977.9902
1722024000000,1.08576,1.08578,1.08547,1.08547,3863.79
1722200400000,1.08553,1.08586,1.08527,1.08549,988.72
1722204000000,1.0855,1.08599,1.08547,1.08559,3810.9299
1722207600000,1.0856,1.08567,1.08527,1.08527,3500.73
1722211200000,1.08524,1.08664,1.08508,1.08633,5923.7598
1722214800000,1.08634,1.08679,1.08606,1.08657,6356.7002
1722218400000,1.08656,1.087,1.08642,1.08642,7192.29
1722222000000,1.08641,1.08657,1.08616,1.08622,3117.21
1722225600000,1.08623,1.08637,1.08582,1.0859,3104.04
1722229200000,1.08589,1.08629,1.08574,1.0859,3812.46
1722232800000,1.08589,1.08621,1.0855,1.0858,7185.9302
1722236400000,1.0858,1.08597,1.08432,1.08445,12405.9902
1722240000000,1.08443,1.08443,1.08316,1.08321,9982.0498
1722243600000,1.08321,1.08413,1.08266,1.08371,6395.8501
1722247200000,1.0837,1.0842,1.08329,1.08358,10466.0996
1722250800000,1.08358,1.08358,1.08167,1.08177,8413.2998
1722254400000,1.08178,1.08215,1.0815,1.0816,8145.6201
1722258000000,1.08161,1.08174,1.08109,1.08117,15185.2803
1722261600000,1.08118,1.08161,1.08028,1.08153,14899.1104
1722265200000,1.08154,1.08239,1.08154,1.08189,18314.8203
1722268800000,1.0819,1.08237,1.08149,1.08214,5180.9102
1722272400000,1.08214,1.08259,1.08195,1.0825,3644.46
1722276000000,1.08251,1.08251,1.08193,1.08215,2690.6699
1722279600000,1.08216,1.08255,1.08216,1.08237,4507.4702
1722283200000,1.08238,1.08238,1.08197,1.08212,2277.78
1722286800000,1.08203,1.08235,1.08199,1.08228,1140.51
1722290400000,1.08232,1.08236,1.08213,1.08222,1550.6801
1722294000000,1.08222,1.08222,1.08182,1.0819,2349.99
1722297600000,1.08191,1.082,1.08153,1.0817,5625.3599
1722301200000,1.08169,1.082,1.08142,1.08173,3588.8701
1722304800000,1.08173,1.08185,1.08146,1.08179,4211.8501
1722308400000,1.0818,1.08224,1.08175,1.08221,1999.41
1722312000000,1.0822,1.08251,1.08218,1.0824,4618.2002
1722315600000,1.08238,1.08248,1.0819,1.08205,7992.5098
1722319200000,1.08204,1.08246,1.08176,1.08226,7245.9102
1722322800000,1.08223,1.08268,1.08163,1.08187,13289.7305
1722326400000,1.08187,1.08346,1.0816,1.08283,12865.1504
1722330000000,1.08284,1.0835,1.08277,1.08317,9223.7998
1722333600000,1.08317,1.08356,1.08316,1.08332,6111.2202
1722337200000,1.08333,1.08334,1.08238,1.08242,6015.6499
1722340800000,1.0824,1.08259,1.08015,1.08019,10977.1904
1722344400000,1.08019,1.08151,1.08018,1.08103,17633.7793
1722348000000,1.08102,1.08102,1.07982,1.0805,23666.8594
1722351600000,1.08051,1.0811,1.07989,1.08087,15891.79
1722355200000,1.08088,1.08166,1.08068,1.08138,10850.1396
1722358800000,1.08139,1.08176,1.08097,1.08143,11855.0801
1722362400000,1.08143,1.08161,1.08102,1.08111,5017.7402
1722366000000,1.08111,1.08135,1.08093,1.08106,5653.29
1722369600000,1.08107,1.08154,1.08085,1.08151,3184.47
1722373200000,1.08144,1.08149,1.08127,1.08131,1007.5636
1722376800000,1.08131,1.08164,1.08123,1.08148,3651.22
1722380400000,1.08148,1.08178,1.08141,1.08157,4909.8101
1722384000000,1.08156,1.082,1.08127,1.082,7800.3799
1722387600000,1.082,1.08243,1.08166,1.0822,12228.2002
1722391200000,1.08218,1.08282,1.08201,1.08265,9811.4297
1722394800000,1.08265,1.08302,1.08219,1.0822,10918.6602
1722398400000,1.0822,1.08259,1.08214,1.08254,9121.0303
1722402000000,1.08254,1.08268,1.082,1.08248,7293.3599
1722405600000,1.08249,1.08255,1.08156,1.08252,19356.8809
1722409200000,1.08252,1.08252,1.08115,1.08181,19830.4805
1722412800000,1.08181,1.08276,1.08065,1.08224,21576.75
1722416400000,1.08225,1.08276,1.08219,1.08258,12989.4004
1722420000000,1.08258,1.08352,1.0825,1.08331,8300.9902
1722423600000,1.08331,1.08401,1.08268,1.08281,9077.5
1722427200000,1.08281,1.08479,1.08251,1.08408,21018.0293
1722430800000,1.08408,1.08493,1.08385,1.08428,19981.8691
1722434400000,1.08429,1.08467,1.08172,1.08215,27414.4102
1722438000000,1.08216,1.08277,1.08189,1.08231,16836.0391
1722441600000,1.08228,1.08232,1.08042,1.08092,8157.8799
1722445200000,1.08092,1.08164,1.08057,1.08161,5093.8599
1722448800000,1.0816,1.08292,1.08019,1.08268,30728.2793
1722452400000,1.08266,1.08329,1.08192,1.08227,22169.9102
1722456000000,1.08226,1.0828,1.08169,1.08256,3405.51
1722459600000,1.08256,1.08282,1.08227,1.08272,592.24
1722463200000,1.0827,1.08309,1.0824,1.08243,2216.6599
1722466800000,1.08246,1.08255,1.08217,1.08238,4243.7202
1722470400000,1.08235,1.083,1.08232,1.08276,8346.8799
1722474000000,1.08275,1.08336,1.08269,1.08276,9600.5596
1722477600000,1.08275,1.08307,1.08242,1.08261,8738.3096
1722481200000,1.08261,1.08345,1.08255,1.08328,6122.46
1722484800000,1.08328,1.08354,1.08263,1.08267,7035.7998
1722488400000,1.08267,1.08296,1.08253,1.08272,7903.9702
1722492000000,1.0827,1.08277,1.0811,1.0816,14132.4404
1722495600000,1.08161,1.08199,1.07991,1.08009,19068.3906
1722499200000,1.08009,1.08021,1.07813,1.07843,14738.7197
1722502800000,1.07842,1.07861,1.07774,1.07778,11303.7803
1722506400000,1.07781,1.07896,1.07779,1.07842,7523.48
1722510000000,1.07844,1.07958,1.07805,1.07918,20155.0098
1722513600000,1.07919,1.08084,1.07869,1.07964,32173.9395
1722517200000,1.07963,1.0806,1.07872,1.08027,22939.1797
1722520800000,1.08034,1.08182,1.07872,1.07921,36247.6406
1722524400000,1.07922,1.07945,1.07836,1.07886,20934.7109
1722528000000,1.07887,1.07967,1.07802,1.07862,18708.5996
1722531600000,1.07863,1.0792,1.07849,1.07915,8195.1699
1722535200000,1.07917,1.07919,1.07828,1.07837,12107.9102
1722538800000,1.07838,1.07954,1.07825,1.07897,11711.29
1722542400000,1.07897,1.07917,1.07864,1.07911,3898.74
1722546000000,1.07911,1.07925,1.07887,1.07913,1980.37
1722549600000,1.07911,1.07932,1.07874,1.07884,5782.1802
1722553200000,1.07885,1.07918,1.07863,1.07864,6170.23
1722556800000,1.07864,1.07925,1.07818,1.07909,9645.2803
1722560400000,1.07908,1.07937,1.07878,1.07908,13401.1299
1722564000000,1.07909,1.07917,1.07846,1.07902,8977.0898
1722567600000,1.07901,1.07951,1.07901,1.0793,5820.9302
1722571200000,1.07931,1.07986,1.07924,1.07976,7046.21
1722574800000,1.07976,1.08042,1.07955,1.08042,8519.3496
1722578400000,1.08041,1.08087,1.07929,1.07963,20495.2793
1722582000000,1.07961,1.08042,1.07861,1.0804,23157.0996
1722585600000,1.08041,1.08152,1.08031,1.08145,16335.21
1722589200000,1.08144,1.08248,1.08144,1.08202,16796.9902
1722592800000,1.08203,1.08244,1.08156,1.0823,10884.8604
1722596400000,1.08229,1.08372,1.08229,1.08312,15187.71
1722600000000,1.08313,1.0897,1.08292,1.0891,40948
1722603600000,1.0891,1.09064,1.08844,1.09054,41896.5
1722607200000,1.09056,1.09265,1.09001,1.09223,34874.0586
1722610800000,1.09224,1.09247,1.09121,1.09132,30529.3906
1722614400000,1.09132,1.09148,1.09032,1.0912,21773.7109
1722618000000,1.0912,1.09153,1.09071,1.09111,10802.8398
1722621600000,1.0911,1.09166,1.091,1.09129,11861.6504
1722625200000,1.09128,1.09165,1.09096,1.09126,7277.6201
1722628800000,1.09127,1.09147,1.0908,1.09098,3790.6399
1722805200000,1.09225,1.09234,1.09175,1.09202,604.88
1722808800000,1.09203,1.0921,1.09028,1.0906,6482.0098
1722812400000,1.09064,1.09114,1.09043,1.09103,11884.9199
1722816000000,1.09104,1.09224,1.09068,1.09166,21301.5898
1722819600000,1.09165,1.09215,1.09119,1.09188,20257.8906
1722823200000,1.09188,1.09238,1.09129,1.09216,14708.96
1722826800000,1.09217,1.09311,1.09208,1.09305,11182.5703
1722830400000,1.09305,1.09396,1.09276,1.09324,17966.2695
1722834000000,1.09325,1.09386,1.09119,1.09122,34445.3516
1722837600000,1.09124,1.09178,1.08923,1.09051,65203.9297
1722841200000,1.09051,1.0967,1.09034,1.09487,56322.3203
1722844800000,1.09488,1.09748,1.09464,1.09508,41371.1289
1722848400000,1.09511,1.09607,1.09449,1.09513,30138.1992
1722852000000,1.09511,1.09513,1.0933,1.09483,21904.5898
1722855600000,1.09483,1.09647,1.09434,1.09629,21702.2695
1722859200000,1.09628,1.10088,1.09617,1.0991,46942.8516
1722862800000,1.0991,1.10032,1.09754,1.09791,51989.3281
1722866400000,1.0979,1.098,1.09563,1.09793,51416.1914
1722870000000,1.09793,1.09862,1.09559,1.09561,36381.4297
1722873600000,1.09561,1.0961,1.09476,1.09598,27129.3008
1722877200000,1.09598,1.09643,1.09472,1.09532,22708.2109
1722880800000,1.09532,1.09574,1.0949,1.0951,12940.4102
1722884400000,1.0951,1.09587,1.09495,1.09587,12053.5996
1722888000000,1.0959,1.09602,1.09491,1.09505,4784.3901
1722891600000,1.095,1.09529,1.09462,1.09525,1685.92
1722895200000,1.09528,1.09619,1.0952,1.09547,3402.22
1722898800000,1.09548,1.09577,1.09498,1.09505,13594.0801
1722902400000,1.09506,1.0963,1.09437,1.09627,17825.8398
1722906000000,1.09627,1.09631,1.095,1.09548,15678.4902
1722909600000,1.09548,1.09575,1.09517,1.09519,10921.4805
1722913200000,1.09518,1.0956,1.09514,1.0954,8039.9302
1722916800000,1.09541,1.09558,1.09496,1.09519,11569.1201
1722920400000,1.09519,1.09549,1.09448,1.09465,24479.2891
1722924000000,1.09466,1.09486,1.09344,1.09389,37638.75
1722927600000,1.09389,1.09408,1.09218,1.09268,35096.6016
1722931200000,1.09267,1.0935,1.09185,1.09276,22135.5293
1722934800000,1.09277,1.09277,1.09076,1.09117,21074.9395
1722938400000,1.09115,1.09143,1.09041,1.09083,18815.6309
1722942000000,1.09084,1.09174,1.09037,1.09167,18345.5293
1722945600000,1.09166,1.09179,1.09046,1.09051,19262.2695
1722949200000,1.0905,1.09245,1.0905,1.09183,27552.1992
1722952800000,1.09185,1.09348,1.09152,1.09337,28090.8496
1722956400000,1.09338,1.09341,1.09222,1.09251,23191.4609
1722960000000,1.09253,1.09321,1.09207,1.09277,11309.3096
1722963600000,1.09277,1.0931,1.09226,1.09259,9850.7998
1722967200000,1.0926,1.09335,1.0925,1.09285,7169.6201
1722970800000,1.09285,1.09305,1.09226,1.09299,13414.6299
1722974400000,1.09298,1.09321,1.09276,1.09313,4959.98
1722978000000,1.09299,1.09317,1.09253,1.09286,1548.52
1722981600000,1.09286,1.09316,1.09274,1.09294,2571.52
1722985200000,1.09296,1.09303,1.09238,1.09259,2325.9199
1722988800000,1.09259,1.09305,1.09231,1.09296,4231.71
1722992400000,1.09296,1.09303,1.09109,1.09181,6524.73
1722996000000,1.09183,1.09193,1.09122,1.09162,7765.4502
1722999600000,1.09163,1.09174,1.09117,1.09157,3327
1723003200000,1.09157,1.09168,1.09115,1.09116,4100.2002
1723006800000,1.09114,1.09129,1.09068,1.09102,4137.0498
1723010400000,1.09101,1.09153,1.09053,1.0915,7441.4702
1723014000000,1.09151,1.09278,1.09128,1.09222,10257.25
1723017600000,1.09222,1.09279,1.09183,1.09186,10247.4404
1723021200000,1.09187,1.09195,1.09085,1.09134,16663.5
1723024800000,1.09137,1.09232,1.09096,1.09179,11070.8896
1723028400000,1.09178,1.09266,1.09177,1.09232,12473.3496
1723032000000,1.09233,1.09256,1.09133,1.09219,14660.9199
1723035600000,1.09219,1.09264,1.09124,1.09187,15590.4297
1723039200000,1.0919,1.0934,1.09188,1.09318,15098.4902
1723042800000,1.09318,1.09366,1.09239,1.09246,14557.1299
1723046400000,1.09246,1.09269,1.0921,1.09221,9526.9199
1723050000000,1.0922,1.09271,1.09175,1.09221,13565.8604
1723053600000,1.09221,1.09238,1.09174,1.09221,12311.8701
1723057200000,1.09221,1.09266,1.09213,1.09233,11517.5195
1723060800000,1.09233,1.09237,1.092,1.0922,8382.7695
1723064400000,1.0921,1.09244,1.09173,1.09233,1878.4399
1723068000000,1.09233,1.09269,1.09225,1.09266,3413.8501
1723071600000,1.09267,1.09338,1.09263,1.09273,4123.4199
1723075200000,1.09275,1.09324,1.09258,1.09279,5828.0498
1723078800000,1.0928,1.09307,1.09235,1.09277,5101.52
1723082400000,1.09278,1.09351,1.09265,1.09336,3714
1723086000000,1.09337,1.09354,1.09298,1.09348,3794.8
1723089600000,1.09348,1.09376,1.09307,1.09316,4246.6899
1723093200000,1.09317,1.09358,1.09298,1.09357,4611.77
1723096800000,1.09356,1.09447,1.09335,1.09428,7807.5601
1723100400000,1.0943,1.09451,1.09338,1.09399,10023.7305
1723104000000,1.09399,1.09443,1.09354,1.09369,5642.6499
1723107600000,1.0937,1.09395,1.0926,1.09268,7360.02
1723111200000,1.09268,1.09286,1.09208,1.09252,9711.5098
1723114800000,1.09252,1.09332,1.0923,1.09304,10837.6797
1723118400000,1.09305,1.09325,1.08915,1.08974,25808.1699
1723122000000,1.08975,1.09062,1.08814,1.08926,24236.2305
1723125600000,1.08931,1.09077,1.08913,1.09063,27148.3398
1723129200000,1.09062,1.09146,1.09055,1.0913,22876.4609
1723132800000,1.0913,1.09145,1.0905,1.09086,13789.4902
1723136400000,1.09087,1.09162,1.09074,1.09126,10924.7803
1723140000000,1.09128,1.09188,1.0911,1.09183,11741.3896
1723143600000,1.09182,1.09182,1.09133,1.09159,10153.9199
1723147200000,1.09159,1.0919,1.09159,1.09181,3097
1723150800000,1.09174,1.09177,1.091,1.09162,1220.1801
1723154400000,1.09163,1.09189,1.09155,1.09182,1477.27
1723158000000,1.09183,1.09193,1.09143,1.09149,1031.59
1723161600000,1.09147,1.09159,1.09114,1.0913,3733.5
1723165200000,1.09131,1.09188,1.09119,1.09177,4076.99
1723168800000,1.09178,1.09243,1.09157,1.09212,3722.8601
1723172400000,1.09211,1.0924,1.09204,1.09228,3215.04
1723176000000,1.09228,1.09239,1.09199,1.09201,2526.22
1723179600000,1.09201,1.09213,1.09181,1.09193,4336.4502
1723183200000,1.09194,1.09281,1.09175,1.09273,4276.27
1723186800000,1.09272,1.0929,1.09202,1.09218,9606.8398
1723190400000,1.09218,1.09224,1.09129,1.09175,6506.8599
1723194000000,1.09176,1.09257,1.09172,1.09195,6866.9502
1723197600000,1.09195,1.09231,1.09166,1.09174,8842.9805
1723201200000,1.09175,1.09206,1.09112,1.0916,12370.9297
1723204800000,1.09159,1.09195,1.0909,1.09117,10640.96
1723208400000,1.09117,1.09239,1.09097,1.09223,10833.5
1723212000000,1.09223,1.09313,1.09212,1.09231,12037.0596
1723215600000,1.09231,1.09276,1.09216,1.09241,10341.8701
1723219200000,1.0924,1.09245,1.09178,1.09186,6635.73
1723222800000,1.09186,1.09234,1.09151,1.09206,5900.3398
1723226400000,1.09207,1.09217,1.0917,1.09195,3443.1201
1723230000000,1.09195,1.09211,1.09171,1.09187,4730.7002
1723233600000,1.09186,1.09194,1.09148,1.09167,3954.79
1723410000000,1.09142,1.09196,1.09142,1.09189,452.67
1723413600000,1.09189,1.09191,1.091,1.09128,3514.8
1723417200000,1.09128,1.0915,1.09125,1.09127,3529.02
1723420800000,1.09125,1.09197,1.09116,1.09182,3687.73
1723424400000,1.09182,1.0923,1.0918,1.09206,4447.6201
1723428000000,1.09205,1.09217,1.09178,1.09178,4353.9199
1723431600000,1.09177,1.09187,1.09126,1.0914,2629.5601
1723435200000,1.09138,1.09214,1.09136,1.09189,3159.52
1723438800000,1.0919,1.0921,1.09175,1.09185,6373.2998
1723442400000,1.09185,1.09235,1.09157,1.09211,8249.6904
1723446000000,1.09211,1.09284,1.09194,1.09221,10661.7002
1723449600000,1.09223,1.09254,1.0916,1.09206,8189.1499
1723453200000,1.09206,1.09279,1.09176,1.09267,7335.52
1723456800000,1.09268,1.09299,1.09215,1.09265,5320.2598
1723460400000,1.09265,1.09292,1.09197,1.09259,7592.71
1723464000000,1.09259,1.09288,1.09176,1.09199,7302.5698
1723467600000,1.09199,1.09333,1.09199,1.09251,14806.4902
1723471200000,1.09253,1.09333,1.09152,1.09312,10871.3398
1723474800000,1.09312,1.09393,1.09272,1.09279,15144.8701
1723478400000,1.09278,1.09294,1.09218,1.09228,7281.5898
1723482000000,1.09227,1.09336,1.09221,1.09331,7171.4399
1723485600000,1.09331,1.0935,1.09282,1.09304,4518.7402
1723489200000,1.09304,1.09331,1.09297,1.09314,4560.1099
1723492800000,1.09314,1.09322,1.09272,1.09312,1630.84
1723496400000,1.09303,1.09334,1.09249,1.09317,1164.03
1723500000000,1.09317,1.0933,1.09307,1.09323,1878.47
1723503600000,1.09324,1.09363,1.09312,1.09361,2030.58
1723507200000,1.0936,1.09361,1.09292,1.09299,6046.5801
1723510800000,1.09299,1.09352,1.09292,1.09349,3920.78
1723514400000,1.09348,1.09375,1.09339,1.09353,2731.29
1723518000000,1.09353,1.09384,1.0935,1.09369,2058.4099
1723521600000,1.09369,1.09392,1.09357,1.09391,2529.48
1723525200000,1.09392,1.09411,1.09373,1.09397,3592.97
1723528800000,1.09398,1.09408,1.09325,1.09333,10647.4004
1723532400000,1.09333,1.09347,1.09262,1.09301,9476.8203
1723536000000,1.093,1.093,1.09206,1.09233,8368.7998
1723539600000,1.09234,1.09269,1.09137,1.09196,6736.8301
1723543200000,1.09196,1.09251,1.09179,1.09231,7389.1299
1723546800000,1.0923,1.09322,1.09225,1.09302,4796.7402
1723550400000,1.09301,1.09465,1.09254,1.09409,14200.96
1723554000000,1.0941,1.09623,1.0938,1.09586,14806.4805
1723557600000,1.09587,1.09618,1.09501,1.09559,13167.46
1723561200000,1.0956,1.09586,1.0948,1.09535,9571.0898
1723564800000,1.09536,1.09739,1.09529,1.09723,9007.4297
1723568400000,1.09725,1.09784,1.09697,1.09767,11365.2598
1723572000000,1.09768,1.09994,1.09767,1.09991,8654.1201
1723575600000,1.09991,1.09996,1.09939,1.09959,15461.5596
1723579200000,1.0996,1.09989,1.09916,1.09916,7350.1099
1723582800000,1.09916,1.09941,1.09754,1.09918,2754.3201
1723586400000,1.09918,1.09973,1.09908,1.09965,2465.7
1723590000000,1.09966,1.09984,1.09943,1.09959,4849.23
1723593600000,1.09958,1.09971,1.09916,1.09919,7703.8398
1723597200000,1.09918,1.09965,1.09904,1.09918,8359.3203
1723600800000,1.09916,1.0994,1.09902,1.09914,8981.3896
1723604400000,1.09915,1.09916,1.09887,1.099,6755.1201
1723608000000,1.099,1.09931,1.09894,1.09928,3564.3899
1723611600000,1.09928,1.09948,1.09895,1.09907,5715.7998
1723615200000,1.09908,1.10018,1.09863,1.09999,11608.3799
1723618800000,1.09999,1.10079,1.09961,1.10057,10707.0195
1723622400000,1.10056,1.10199,1.10025,1.10192,10068.6504
1723626000000,1.10192,1.10286,1.10154,1.10256,7988.9502
1723629600000,1.10256,1.10256,1.1018,1.10219,8638.2695
1723633200000,1.1022,1.10251,1.10199,1.10225,9518.2402
1723636800000,1.10227,1.10354,1.10039,1.10168,31045.3496
1723640400000,1.10168,1.10424,1.10162,1.10376,22917.0898
1723644000000,1.10377,1.10473,1.10271,1.10355,18562.4902
1723647600000,1.10356,1.10361,1.10212,1.10231,11551.7695
1723651200000,1.10232,1.10241,1.10155,1.10183,7326.77
1723654800000,1.10182,1.10184,1.1013,1.10142,8176.1699
1723658400000,1.10141,1.1017,1.10108,1.1016,11271.0703
1723662000000,1.1016,1.10165,1.10113,1.10129,9083.3398
1723665600000,1.1013,1.10145,1.10108,1.10125,3688.71
1723669200000,1.10124,1.10132,1.10112,1.10115,677.65
1723672800000,1.10121,1.10154,1.10109,1.1013,1638.41
1723676400000,1.10134,1.10139,1.10097,1.10116,3378.6499
1723680000000,1.10117,1.10142,1.10092,1.10096,4318.5098
1723683600000,1.10095,1.10098,1.1003,1.10069,5450.8599
1723687200000,1.10069,1.10112,1.10056,1.10085,4798.5601
1723690800000,1.10085,1.10106,1.10075,1.1008,2852.3301
1723694400000,1.10082,1.1012,1.1008,1.10116,2461.21
1723698000000,1.10116,1.1013,1.10085,1.10096,4512.6802
1723701600000,1.10098,1.10153,1.10079,1.10145,6097.2598
1723705200000,1.10146,1.10154,1.10075,1.10134,9186.8096
1723708800000,1.10132,1.10135,1.10052,1.10061,7808.21
1723712400000,1.1006,1.10128,1.10033,1.10118,4503.4502
1723716000000,1.10118,1.10141,1.1008,1.10101,3134.46
1723719600000,1.10101,1.10136,1.10098,1.10133,5489.1899
1723723200000,1.10132,1.10142,1.09518,1.09564,21452.7402
1723726800000,1.09564,1.09697,1.09495,1.09685,24060.8398
1723730400000,1.09685,1.09861,1.09651,1.09831,19256.6191
1723734000000,1.0983,1.09894,1.09815,1.09854,16141.3096
1723737600000,1.09855,1.09892,1.09774,1.09778,12326.7598
1723741200000,1.09779,1.09797,1.09715,1.09742,6248.4902
1723744800000,1.09743,1.09792,1.09736,1.09782,5542.52
1723748400000,1.09781,1.09799,1.09725,1.09741,7223.6299
1723752000000,1.0974,1.0974,1.09704,1.09724,3050.74
1723755600000,1.09713,1.09724,1.09703,1.09717,862.65
1723759200000,1.09717,1.09743,1.09708,1.09712,1731.38
1723762800000,1.09714,1.09748,1.09711,1.09723,2452.26
1723766400000,1.09723,1.09769,1.09718,1.09756,6076.23
1723770000000,1.09757,1.09813,1.09743,1.09808,4102.7598
1723773600000,1.09808,1.09825,1.09782,1.09812,2701.4099
1723777200000,1.09812,1.09817,1.09767,1.0977,2113.23
1723780800000,1.09771,1.09823,1.0976,1.0982,2037.45
1723784400000,1.09821,1.0986,1.09813,1.09856,2798.98
1723788000000,1.09856,1.09866,1.09806,1.09815,8222.79
1723791600000,1.09814,1.09861,1.09767,1.0985,9891.9297
1723795200000,1.09853,1.09897,1.09798,1.09808,8417.2402
1723798800000,1.09807,1.09899,1.09788,1.09897,6313.7798
1723802400000,1.09898,1.09949,1.09853,1.09939,4363.5
1723806000000,1.09938,1.09948,1.0989,1.09921,12270.9805
1723809600000,1.09922,1.09945,1.09853,1.09938,13013.1797
1723813200000,1.0994,1.10044,1.09918,1.10025,11569.0303
1723816800000,1.10022,1.10022,1.09826,1.09904,12766.2998
1723820400000,1.09903,1.09975,1.09903,1.0996,9328.4697
1723824000000,1.0996,1.10042,1.09956,1.10036,5045.3999
1723827600000,1.10037,1.10128,1.10036,1.10127,4925.5098
1723831200000,1.10125,1.10214,1.10092,1.10205,5565.3301
1723834800000,1.10206,1.10247,1.1018,1.10244,5693.27
1723838400000,1.10245,1.10296,1.10201,1.10211,5016.7402
1724014800000,1.10265,1.10276,1.10232,1.10258,545.03
1724018400000,1.10254,1.1034,1.10231,1.10249,3275.8799
1724022000000,1.10252,1.10261,1.10227,1.10246,3643.21
1724025600000,1.10246,1.1036,1.10231,1.10302,6944.8501
1724029200000,1.10302,1.10334,1.10275,1.10311,7142.8101
1724032800000,1.10311,1.10318,1.10288,1.10307,2669.8201
1724036400000,1.10306,1.10403,1.10301,1.10389,5061.8501
1724040000000,1.1039,1.10417,1.10365,1.10396,3354.6899
1724043600000,1.10399,1.1049,1.10396,1.10474,6613.8301
1724047200000,1.10475,1.10501,1.10407,1.1042,12810.7197
1724050800000,1.10419,1.10471,1.10402,1.10427,12662.71
1724054400000,1.10428,1.10504,1.10356,1.10372,12808.46
1724058000000,1.10371,1.10412,1.10344,1.1035,8456.5
1724061600000,1.10351,1.10381,1.10308,1.10368,10961.5195
1724065200000,1.10366,1.10437,1.10325,1.10422,9294.1299
1724068800000,1.10424,1.10443,1.10345,1.10389,13418.2695
1724072400000,1.10388,1.10444,1.10301,1.10443,12189.79
1724076000000,1.10443,1.10735,1.10429,1.10655,21863.1895
1724079600000,1.10654,1.1072,1.10597,1.10691,16057.4902
1724083200000,1.10691,1.10739,1.10671,1.10735,12943.3799
1724086800000,1.10734,1.10769,1.10703,1.10769,5069.1299
1724090400000,1.1077,1.10849,1.10764,1.10815,7887.8799
1724094000000,1.10814,1.10863,1.10789,1.10836,4966.7002
1724097600000,1.10835,1.10861,1.10815,1.10848,3693.0601
1724101200000,1.10843,1.10858,1.10804,1.10835,1066.17
1724104800000,1.10836,1.10875,1.10835,1.10851,1929.21
1724108400000,1.10852,1.10866,1.10833,1.10854,3697.1899
1724112000000,1.10855,1.10871,1.10799,1.10818,6102.73
1724115600000,1.10819,1.10871,1.10814,1.10853,7861.1499
1724119200000,1.10853,1.1087,1.1075,1.10761,8382.6504
1724122800000,1.10762,1.10791,1.10751,1.10755,5720.1201
1724126400000,1.10756,1.10791,1.10748,1.10769,4325.3398
1724130000000,1.10768,1.10776,1.10729,1.10765,8393.04
1724133600000,1.10766,1.1082,1.10743,1.1081,15985.5303
1724137200000,1.1081,1.1087,1.10719,1.10866,18720.4492
1724140800000,1.10868,1.10888,1.10777,1.10795,16299.21
1724144400000,1.10796,1.10818,1.10749,1.10755,14581.3301
1724148000000,1.10756,1.10827,1.1075,1.10819,12090.4805
1724151600000,1.10821,1.10865,1.10766,1.10808,10522.1299
1724155200000,1.10809,1.10986,1.10804,1.10983,15104.5898
1724158800000,1.10982,1.11051,1.10926,1.1102,26988.3496
1724162400000,1.11021,1.11168,1.10935,1.11117,29048.5098
1724166000000,1.11116,1.1112,1.10996,1.11051,21287.3496
1724169600000,1.11057,1.11191,1.11041,1.11148,11034.1104
1724173200000,1.11148,1.11167,1.11088,1.1116,10258.71
1724176800000,1.1116,1.11225,1.11156,1.11206,15070.6602
1724180400000,1.11206,1.11273,1.11193,1.11245,12394.5303
1724184000000,1.11248,1.11304,1.11239,1.11294,8206.79
1724187600000,1.1129,1.11295,1.11236,1.1129,1450.58
1724191200000,1.1129,1.11294,1.1126,1.11285,2522.01
1724194800000,1.11284,1.11317,1.11268,1.11275,2351.3701
1724198400000,1.11274,1.11325,1.11253,1.11278,4479.25
1724202000000,1.11277,1.1128,1.1119,1.11216,6693.6699
1724205600000,1.11215,1.11252,1.11202,1.11217,3422.45
1724209200000,1.11218,1.11224,1.11171,1.1121,4279.23
1724212800000,1.1121,1.11213,1.11165,1.1119,3975.3999
1724216400000,1.1119,1.11209,1.11161,1.11177,5050.1099
1724220000000,1.11179,1.11198,1.11131,1.11178,12831.8496
1724223600000,1.11179,1.11287,1.11103,1.11142,10234.2598
1724227200000,1.11143,1.11224,1.11109,1.11184,9514.5596
1724230800000,1.11183,1.11253,1.11133,1.11169,6821.1699
1724234400000,1.11168,1.11259,1.11155,1.11248,5275.0601
1724238000000,1.11247,1.11247,1.111,1.11147,8117
1724241600000,1.11149,1.11299,1.11133,1.11248,8503
1724245200000,1.11248,1.11277,1.11113,1.11145,14406.1602
1724248800000,1.11145,1.11298,1.10992,1.11247,31643.9297
1724252400000,1.11245,1.11476,1.11244,1.1142,12820.8896
1724256000000,1.11421,1.11481,1.11415,1.11462,6534.25
1724259600000,1.11464,1.11583,1.11455,1.11554,4356.2598
1724263200000,1.11553,1.1174,1.11549,1.11617,7101.8701
1724266800000,1.11616,1.11617,1.11514,1.11516,4694.8301
1724270400000,1.11517,1.11523,1.11471,1.11493,2305.0701
1724274000000,1.11491,1.11523,1.11468,1.11482,2074.5701
1724277600000,1.11482,1.11562,1.11481,1.11562,1552.4
1724281200000,1.11562,1.1158,1.11529,1.11548,1515.92
1724284800000,1.11549,1.11567,1.11453,1.11474,4901.2598
1724288400000,1.11475,1.1149,1.11424,1.11432,4093.3601
1724292000000,1.11432,1.11444,1.11404,1.1143,3580.3201
1724295600000,1.11432,1.11454,1.11427,1.11446,1899.04
1724299200000,1.11446,1.11456,1.11406,1.11432,2410.0901
1724302800000,1.11431,1.11443,1.11401,1.11431,3171.3301
1724306400000,1.11429,1.11497,1.11408,1.11494,4720.5898
1724310000000,1.11494,1.11646,1.11272,1.11367,12959.5898
1724313600000,1.11367,1.11509,1.11367,1.11424,8679.7803
1724317200000,1.11425,1.11426,1.11333,1.11396,6795.7598
1724320800000,1.11397,1.1146,1.11324,1.11453,4634
1724324400000,1.11453,1.11453,1.1132,1.11367,6324.79
1724328000000,1.11368,1.11431,1.11253,1.114,10231.6699
1724331600000,1.11403,1.11414,1.11122,1.11188,14192
1724335200000,1.11188,1.11195,1.1098,1.11148,12588.3096
1724338800000,1.11148,1.11149,1.11051,1.1113,7118.4502
1724342400000,1.1113,1.11175,1.11077,1.11103,6060.5498
1724346000000,1.11103,1.11106,1.10987,1.11027,4480.4902
1724349600000,1.11028,1.11109,1.11027,1.11104,2999.3
1724353200000,1.11103,1.11133,1.11046,1.11084,4083.79
1724356800000,1.11083,1.11131,1.11074,1.11118,2263.6001
1724360400000,1.1111,1.11116,1.11071,1.11108,1233.49
1724364000000,1.1111,1.11162,1.11105,1.11135,1122.54
1724367600000,1.11137,1.11177,1.11135,1.1116,1644.61
1724371200000,1.11159,1.11224,1.11129,1.11197,5228.98
1724374800000,1.11196,1.11282,1.11181,1.11274,3379.6399
1724378400000,1.11275,1.11286,1.11229,1.1125,3089.1499
1724382000000,1.11251,1.11273,1.11231,1.11247,1777.3
1724385600000,1.11248,1.11283,1.11245,1.11276,1220.4
1724389200000,1.11275,1.11287,1.11246,1.11259,2455.7
1724392800000,1.11258,1.11304,1.11202,1.11283,3775.03
1724396400000,1.11284,1.11318,1.11124,1.11192,8376.2695
1724400000000,1.11193,1.11237,1.11172,1.11226,5421.3599
1724403600000,1.11226,1.11271,1.11166,1.11172,4582.4902
1724407200000,1.11172,1.11232,1.11151,1.11196,4073.1599
1724410800000,1.11194,1.11209,1.11109,1.11189,4691.4702
1724414400000,1.11188,1.11227,1.11111,1.1114,7136.4902
1724418000000,1.1114,1.11145,1.11055,1.11144,6923.6099
1724421600000,1.11144,1.11848,1.11133,1.11749,31198.5
1724425200000,1.11747,1.1196,1.11735,1.11753,13868.1396
1724428800000,1.11753,1.11788,1.11642,1.11738,8498.4297
1724432400000,1.11739,1.11975,1.1173,1.11925,7619.1699
1724436000000,1.11924,1.12008,1.11855,1.11872,5935.6001
1724439600000,1.11872,1.11955,1.11855,1.11911,3914.0901
1724443200000,1.11909,1.11941,1.11874,1.1191,2740.6399
1724619600000,1.11854,1.11948,1.11854,1.11908,636.99
1724623200000,1.11908,1.1193,1.11867,1.1191,2040.5
1724626800000,1.11911,1.11924,1.11863,1.11892,3107.1101
1724630400000,1.11892,1.12015,1.11869,1.11937,4408.1401
1724634000000,1.11936,1.12001,1.11872,1.11894,5288.1299
1724637600000,1.11894,1.11947,1.11856,1.11867,4227.3901
1724641200000,1.11866,1.11887,1.11815,1.11834,3394.55
1724644800000,1.11834,1.11862,1.11821,1.11833,2387.1799
1724648400000,1.11832,1.11852,1.11775,1.1179,3790.3101
1724652000000,1.11791,1.11892,1.11791,1.11813,5761.98
1724655600000,1.11813,1.11846,1.11757,1.11807,7308.1401
1724659200000,1.11808,1.11848,1.11763,1.11804,7464.5601
1724662800000,1.11803,1.11827,1.11715,1.11743,10514.96
1724666400000,1.11743,1.11768,1.11691,1.11714,8591.96
1724670000000,1.11715,1.11734,1.1163,1.11652,11749.3096
1724673600000,1.11651,1.11685,1.11584,1.11612,17287.4707
1724677200000,1.1161,1.11625,1.115,1.11596,19190.8809
1724680800000,1.11596,1.11788,1.11539,1.11765,15191.0703
1724684400000,1.11765,1.11768,1.11634,1.11636,13709.9697
1724688000000,1.11635,1.1172,1.11596,1.11711,14010.2402
1724691600000,1.1171,1.11753,1.11677,1.11696,9212.4199
1724695200000,1.11698,1.11712,1.11594,1.11635,8352.0801
1724698800000,1.11635,1.11655,1.11586,1.11595,7838.7002
1724702400000,1.11596,1.11615,1.11586,1.11609,2198.98
1724706000000,1.11605,1.11626,1.11575,1.11604,2749.8101
1724709600000,1.11604,1.11639,1.11598,1.11627,2514.5701
1724713200000,1.11629,1.11668,1.11628,1.11644,3574.49
1724716800000,1.11646,1.11656,1.11595,1.1161,6321.96
1724720400000,1.1161,1.11706,1.11597,1.11692,5703.4399
1724724000000,1.11692,1.11703,1.1164,1.11682,5528.5801
1724727600000,1.11682,1.11689,1.11651,1.11667,4593.6899
1724731200000,1.11667,1.11695,1.11667,1.11683,3275.1399
1724734800000,1.11683,1.11722,1.11647,1.11668,5696.2002
1724738400000,1.11667,1.11714,1.11612,1.11617,8700.1104
1724742000000,1.11616,1.11724,1.11616,1.1164,11028.6904
1724745600000,1.11638,1.11739,1.1162,1.11666,7539.4399
1724749200000,1.11666,1.11786,1.11661,1.11681,8255.71
1724752800000,1.1168,1.11699,1.11618,1.11659,6803.3901
1724756400000,1.11659,1.11697,1.11605,1.11605,7065.52
1724760000000,1.11606,1.11646,1.11501,1.11585,11111.3701
1724763600000,1.11585,1.11697,1.11525,1.11681,10360.5498
1724767200000,1.11682,1.11718,1.11628,1.11661,22286.3691
1724770800000,1.11661,1.11698,1.11587,1.11597,12868.5098
1724774400000,1.11597,1.11677,1.11595,1.11657,6276.2202
1724778000000,1.11656,1.11826,1.11643,1.11813,5934.6499
1724781600000,1.11813,1.11905,1.118,1.11857,5362.5601
1724785200000,1.11857,1.11857,1.11814,1.11842,4399.29
1724788800000,1.11841,1.11858,1.11827,1.11836,2859.77
1724792400000,1.11834,1.11852,1.11784,1.11833,1127.8
1724796000000,1.11833,1.11849,1.11829,1.11836,859.17
1724799600000,1.11837,1.11845,1.11747,1.11769,1157.12
1724803200000,1.11769,1.118,1.11745,1.11798,2122.72
1724806800000,1.11798,1.11798,1.11719,1.11737,3567.46
1724810400000,1.11738,1.11776,1.11665,1.11665,3214.3899
1724814000000,1.11668,1.11691,1.11624,1.11657,2282.02
1724817600000,1.11657,1.11679,1.11582,1.11596,2035.37
1724821200000,1.11596,1.11607,1.11395,1.11437,5456.46
1724824800000,1.11438,1.11513,1.11351,1.11477,6790.9399
1724828400000,1.11478,1.1159,1.11478,1.11562,8202.4902
1724832000000,1.11561,1.11593,1.11389,1.11413,7639.1499
1724835600000,1.11413,1.11455,1.1133,1.11357,10551.4404
1724839200000,1.11358,1.11375,1.1122,1.11252,12836.6699
1724842800000,1.11253,1.1131,1.11173,1.11205,10242.9102
1724846400000,1.11206,1.11228,1.1105,1.11118,14131.4297
1724850000000,1.11118,1.11219,1.11105,1.11111,17635.1602
1724853600000,1.11112,1.11377,1.11107,1.11301,21443.8691
1724857200000,1.11301,1.11311,1.11212,1.1126,15065.9297
1724860800000,1.11261,1.11261,1.11102,1.11146,9277.5
1724864400000,1.11146,1.11172,1.11053,1.11068,11330.1797
1724868000000,1.11067,1.11162,1.11056,1.11157,8987.0596
1724871600000,1.11158,1.11179,1.1113,1.11132,9298.1104
1724875200000,1.11132,1.11199,1.11123,1.11194,4098.8701
1724878800000,1.11193,1.11193,1.11184,1.11191,376.95
1724882400000,1.11189,1.11242,1.11175,1.11239,2059.3501
1724886000000,1.11239,1.11261,1.11227,1.11244,3337.29
1724889600000,1.11245,1.11324,1.11241,1.11313,6146.4399
1724893200000,1.11314,1.11338,1.11285,1.11289,7678.6802
1724896800000,1.1129,1.11321,1.11272,1.11315,3643.23
1724900400000,1.11315,1.11357,1.113,1.11356,3467.8
1724904000000,1.11357,1.1137,1.11333,1.11354,2908.5901
1724907600000,1.11352,1.11379,1.11321,1.11355,4110.0601
1724911200000,1.11354,1.11399,1.11255,1.11281,6635.4502
1724914800000,1.11281,1.11314,1.11162,1.11299,11260.4199
1724918400000,1.11299,1.11299,1.10719,1.10848,24261.5703
1724922000000,1.1085,1.1099,1.10832,1.10938,13985.5498
1724925600000,1.10941,1.10999,1.10873,1.10973,9681.2002
1724929200000,1.10974,1.10997,1.10914,1.10958,9455.9502
1724932800000,1.10956,1.10976,1.10727,1.10841,28161.0996
1724936400000,1.10842,1.10895,1.10727,1.10821,23190.2598
1724940000000,1.1082,1.10832,1.10556,1.10698,24139.7695
1724943600000,1.10699,1.10855,1.10668,1.10848,16176.7002
1724947200000,1.10849,1.10879,1.10782,1.10816,13440.4902
1724950800000,1.10816,1.10854,1.10784,1.10837,9056.4004
1724954400000,1.10838,1.10846,1.10752,1.1079,9400.4404
1724958000000,1.1079,1.10813,1.10747,1.10757,6270.54
1724961600000,1.10756,1.1079,1.10749,1.10771,2128.1001
1724965200000,1.10766,1.10796,1.10743,1.10777,621.58
1724968800000,1.10776,1.10801,1.10772,1.10799,1076.11
1724972400000,1.10799,1.1083,1.10787,1.108,2800.8201
1724976000000,1.10802,1.10828,1.10788,1.10804,4318.4399
1724979600000,1.10803,1.1082,1.10714,1.10714,7701.46
1724983200000,1.10715,1.10735,1.10697,1.1072,5043.1201
1724986800000,1.10719,1.10763,1.10711,1.10737,4506.8301
1724990400000,1.10736,1.10773,1.10719,1.10739,5044.3398
1724994000000,1.10739,1.10778,1.10734,1.10769,5446.9199
1724997600000,1.10769,1.10856,1.10743,1.10848,8940.75
1725001200000,1.10849,1.10888,1.10752,1.1084,12378.04
1725004800000,1.10841,1.1095,1.10735,1.10749,14822.1602
1725008400000,1.10748,1.10854,1.10747,1.10827,12316.1797
1725012000000,1.10827,1.10843,1.10745,1.10793,11075.96
1725015600000,1.10792,1.10881,1.10782,1.10813,9814.1797
1725019200000,1.10816,1.1088,1.10577,1.10679,26339.9004
1725022800000,1.1068,1.10758,1.10538,1.10722,30509.9102
1725026400000,1.10718,1.108,1.10618,1.10686,32960.9102
1725030000000,1.10685,1.1072,1.1053,1.10597,18734.4199
1725033600000,1.10596,1.10597,1.10438,1.10494,13781.5596
1725037200000,1.10494,1.10566,1.10482,1.10525,11649.6104
1725040800000,1.10525,1.10563,1.10495,1.10521,9913.8398
1725044400000,1.1052,1.10547,1.10473,1.10527,12756.5
1725048000000,1.10525,1.10551,1.10453,1.10456,8984.8096
1725224400000,1.10462,1.10494,1.10462,1.1048,393.19
1725228000000,1.10483,1.10496,1.1044,1.10458,2674.79
1725231600000,1.10458,1.10471,1.10441,1.10446,5104.5098
1725235200000,1.10445,1.10556,1.10419,1.10534,5133.4102
1725238800000,1.10535,1.10556,1.10501,1.10514,6625.0298
1725242400000,1.10513,1.10536,1.10458,1.10514,7006.7798
1725246000000,1.10515,1.10554,1.10484,1.10484,3762.3501
1725249600000,1.10485,1.10485,1.10439,1.10484,3201.6699
1725253200000,1.10483,1.10563,1.10454,1.10551,4153.3599
1725256800000,1.10551,1.10702,1.10548,1.10657,7243.1602
1725260400000,1.10656,1.10686,1.10559,1.10666,15945.1602
1725264000000,1.10666,1.10773,1.1064,1.10674,14502.3496
1725267600000,1.10674,1.10727,1.10635,1.1069,10187.5703
1725271200000,1.1069,1.10705,1.10613,1.10663,10450.4902
1725274800000,1.10663,1.10688,1.10596,1.10596,9386.1201
1725278400000,1.10594,1.10714,1.10585,1.10679,7964.9399
1725282000000,1.1068,1.10718,1.10663,1.10678,7790.8701
1725285600000,1.10678,1.10715,1.106,1.1069,8088.96
1725289200000,1.10688,1.10709,1.10637,1.10678,4145.1299
1725292800000,1.10678,1.10682,1.10623,1.10658,3080.54
1725296400000,1.10658,1.10687,1.10658,1.10687,502.71
1725300000000,1.10687,1.10714,1.10685,1.10709,647.45
1725303600000,1.10708,1.10727,1.10707,1.10722,659.07
1725307200000,1.10721,1.10725,1.1069,1.1069,375.33
1725310800000,1.1069,1.10723,1.10613,1.10702,884.31
1725314400000,1.10706,1.10727,1.10663,1.10663,884.87
1725318000000,1.10664,1.10681,1.10645,1.1067,1068.11
1725321600000,1.10671,1.10687,1.10589,1.10605,3375.45
1725325200000,1.10605,1.10682,1.106,1.10668,3810.8701
1725328800000,1.10669,1.10702,1.10629,1.10636,3212.7
1725332400000,1.10636,1.10636,1.10573,1.10579,3304.97
1725336000000,1.10579,1.10587,1.10538,1.1054,4856.23
1725339600000,1.10541,1.10599,1.10539,1.10596,4331.3799
1725343200000,1.10595,1.10614,1.1051,1.10614,7407.7402
1725346800000,1.10615,1.10676,1.10555,1.1056,8623.6904
1725350400000,1.10557,1.10596,1.10479,1.10485,9217.4404
1725354000000,1.10485,1.10505,1.10341,1.10399,9063.6797
1725357600000,1.10399,1.10417,1.1033,1.10357,10655.5596
1725361200000,1.10355,1.10429,1.10337,1.10363,14106.4697
1725364800000,1.10362,1.10525,1.10335,1.10478,22945.0996
1725368400000,1.1048,1.10634,1.1048,1.10612,34747.6289
1725372000000,1.10614,1.1069,1.1037,1.10421,47278.0781
1725375600000,1.10422,1.10444,1.1036,1.10422,17753.5293
1725379200000,1.10424,1.1047,1.1038,1.10392,11713.9297
1725382800000,1.10391,1.10399,1.10263,1.10279,8989.1396
1725386400000,1.10278,1.10391,1.10265,1.1038,10769.4902
1725390000000,1.10381,1.10421,1.10374,1.10418,7585.9902
1725393600000,1.10418,1.10442,1.10395,1.10431,2580.75
1725397200000,1.1043,1.1045,1.10363,1.10446,2838.76
1725400800000,1.10446,1.10468,1.1039,1.10456,2337.8899
1725404400000,1.10456,1.10503,1.1045,1.10485,3114.0601
1725408000000,1.10485,1.10512,1.10464,1.10481,8775.9404
1725411600000,1.10481,1.10561,1.10474,1.1053,6854.8198
1725415200000,1.10531,1.10562,1.10494,1.10525,5653
1725418800000,1.10524,1.10552,1.10501,1.1054,4923.48
1725422400000,1.10538,1.1057,1.10535,1.10562,3812.95
1725426000000,1.10562,1.10598,1.10546,1.10578,4479.5
1725429600000,1.10577,1.10579,1.10473,1.10532,11133.04
1725433200000,1.10534,1.10628,1.10468,1.10559,16100.7695
1725436800000,1.10556,1.10588,1.10496,1.10516,10997.5898
1725440400000,1.10518,1.10585,1.10502,1.10531,7507.8599
1725444000000,1.10531,1.10557,1.105,1.1053,7582.1099
1725447600000,1.1053,1.10538,1.10427,1.10503,10973.9404
1725451200000,1.10503,1.10526,1.104,1.10524,14029.0801
1725454800000,1.10523,1.10591,1.10498,1.10578,15420.4102
1725458400000,1.10574,1.10951,1.10569,1.10898,35087.6406
1725462000000,1.10897,1.10917,1.10765,1.10809,14480.3799
1725465600000,1.10809,1.10865,1.10758,1.10845,8661.3799
1725469200000,1.10844,1.10861,1.10658,1.10662,6539.9302
1725472800000,1.10661,1.10767,1.10653,1.1076,6340.79
1725476400000,1.1076,1.10825,1.1075,1.10781,4597.3398
1725480000000,1.10782,1.10836,1.10755,1.10818,2738.8899
1725483600000,1.10817,1.10836,1.10795,1.10823,1133.91
1725487200000,1.10826,1.10863,1.10822,1.10848,1531.73
1725490800000,1.1085,1.10853,1.1079,1.10801,4404.25
1725494400000,1.108,1.10818,1.10756,1.1079,6675.71
1725498000000,1.10791,1.10854,1.10775,1.10788,6989.98
1725501600000,1.10787,1.10833,1.10783,1.10797,3703.74
1725505200000,1.10796,1.10797,1.10761,1.10769,3521.1799
1725508800000,1.10769,1.10778,1.10746,1.10769,4144.3999
1725512400000,1.10767,1.10806,1.10766,1.10802,4996.8501
1725516000000,1.10802,1.10881,1.10796,1.10837,9072.1201
1725519600000,1.10837,1.10903,1.10798,1.10871,10799.21
1725523200000,1.1087,1.11002,1.1084,1.10988,12134.7002
1725526800000,1.10989,1.11004,1.10926,1.10946,14187.8496
1725530400000,1.10945,1.10996,1.10921,1.10989,6995.7402
1725534000000,1.10988,1.11082,1.1093,1.1095,11002.79
1725537600000,1.10952,1.11197,1.10871,1.10922,31004.4395
1725541200000,1.10923,1.11083,1.10905,1.11052,23980.0391
1725544800000,1.11047,1.11048,1.10762,1.10795,28959.7305
1725548400000,1.10796,1.10957,1.10781,1.10952,15458.6201
1725552000000,1.10952,1.11054,1.10952,1.11009,10267.8799
1725555600000,1.1101,1.11073,1.10994,1.11067,8808.7002
1725559200000,1.11068,1.11132,1.11025,1.11041,6350.29
1725562800000,1.1104,1.11077,1.11027,1.11036,7730.3901
1725566400000,1.11038,1.11112,1.11038,1.11102,3061.0901
1725570000000,1.111,1.11115,1.11062,1.11086,833.73
1725573600000,1.11081,1.11109,1.1108,1.11095,2162.23
1725577200000,1.11096,1.11123,1.11085,1.1111,2838.8301
1725580800000,1.11111,1.11145,1.11096,1.11133,6751.3999
1725584400000,1.11133,1.11139,1.11098,1.11106,5987.29
1725588000000,1.11107,1.11126,1.11092,1.11111,6078.9702
1725591600000,1.11111,1.11161,1.11109,1.11151,4956.3198
1725595200000,1.11151,1.11175,1.11137,1.11158,3646.4399
1725598800000,1.11158,1.11187,1.11139,1.11169,6446.1899
1725602400000,1.11169,1.11208,1.11141,1.11206,7639.7402
1725606000000,1.11205,1.11206,1.11108,1.11158,9588.4805
1725609600000,1.11157,1.11207,1.11129,1.11173,9461.04
1725613200000,1.11171,1.11171,1.11073,1.11134,9619.5
1725616800000,1.11133,1.11137,1.11068,1.11073,7840.1499
1725620400000,1.11072,1.11098,1.11026,1.11069,8398.5
1725624000000,1.1107,1.11556,1.10796,1.11208,46390.9883
1725627600000,1.11209,1.11255,1.10656,1.10832,49206.1289
1725631200000,1.10832,1.11132,1.10731,1.11018,50264.25
1725634800000,1.1102,1.1135,1.1083,1.10856,57800.0195
1725638400000,1.10854,1.10855,1.10695,1.10767,21136.3594
1725642000000,1.10768,1.10892,1.10695,1.10846,15366.4199
1725645600000,1.10845,1.10869,1.10781,1.10861,13079.9502
1725649200000,1.10862,1.10895,1.10822,1.10884,5937.1699
1725652800000,1.10886,1.10887,1.10822,1.10825,7471.4302
1725829200000,1.10781,1.10838,1.10781,1.1083,440.26
1725832800000,1.1083,1.10904,1.10819,1.10867,4281.3799
1725836400000,1.10867,1.10908,1.10866,1.10867,9169.3301
1725840000000,1.10864,1.1091,1.10823,1.10832,8275.4297
1725843600000,1.10831,1.10909,1.10813,1.1082,12699.6904
1725847200000,1.10821,1.10831,1.10804,1.10806,4525.7002
1725850800000,1.10806,1.10817,1.10786,1.10799,3699.1899
1725854400000,1.10798,1.10802,1.10745,1.10756,4509.8701
1725858000000,1.10757,1.10757,1.10689,1.10689,5243.3999
1725861600000,1.10691,1.10718,1.10606,1.10645,9574.0303
1725865200000,1.10644,1.1066,1.10549,1.10591,14357.46
1725868800000,1.10591,1.10624,1.10456,1.10476,13425.0703
1725872400000,1.10476,1.10591,1.10456,1.10561,9554.8799
1725876000000,1.10561,1.10567,1.10368,1.10401,11550.4199
1725879600000,1.10401,1.10451,1.10357,1.10448,8884.5996
1725883200000,1.10448,1.10489,1.1038,1.10396,13168.1797
1725886800000,1.10395,1.1052,1.10394,1.1047,13644.8496
1725890400000,1.1047,1.10471,1.1034,1.10421,17666.7305
1725894000000,1.1042,1.10447,1.10354,1.10415,12096.96
1725897600000,1.10414,1.10507,1.10414,1.10487,7874.6499
1725901200000,1.10489,1.10536,1.10434,1.10435,11389.8096
1725904800000,1.10436,1.10463,1.10415,1.10429,9690
1725908400000,1.10428,1.10429,1.10376,1.10382,7242.9702
1725912000000,1.10382,1.10392,1.10335,1.10342,4541.3501
1725915600000,1.10334,1.10373,1.10331,1.10368,989.58
1725919200000,1.10368,1.10396,1.10349,1.10375,1626.96
1725922800000,1.10376,1.10381,1.10345,1.10352,1654.13
1725926400000,1.10352,1.10352,1.10283,1.10308,6316.2798
1725930000000,1.10307,1.10355,1.10305,1.10347,5426.5098
1725933600000,1.1035,1.10361,1.10326,1.10347,3170.5801
1725937200000,1.10348,1.10391,1.10348,1.10384,3105.6201
1725940800000,1.10384,1.10405,1.1036,1.104,2462.8999
1725944400000,1.10399,1.10426,1.10383,1.10394,3327.55
1725948000000,1.10394,1.10496,1.10337,1.10496,9986.5098
1725951600000,1.10494,1.10494,1.10367,1.1037,16591.4004
1725955200000,1.1037,1.104,1.10335,1.10377,13666.3398
1725958800000,1.10376,1.10422,1.10323,1.10385,10607.2002
1725962400000,1.10386,1.10418,1.10338,1.10403,6144.6001
1725966000000,1.10404,1.10438,1.10267,1.10312,8484.0801
1725969600000,1.10311,1.10368,1.10265,1.10298,18720.3398
1725973200000,1.10298,1.10349,1.10175,1.10196,18825.6699
1725976800000,1.10196,1.10234,1.10151,1.10185,16664.3203
1725980400000,1.10185,1.10272,1.10174,1.1025,13229.5596
1725984000000,1.10251,1.10288,1.10225,1.10266,9300.0195
1725987600000,1.10266,1.10278,1.10226,1.10229,5709.8901
1725991200000,1.1023,1.1027,1.10205,1.10245,3529.3999
1725994800000,1.10244,1.10276,1.10223,1.10268,4324.8701
1725998400000,1.10267,1.1027,1.10182,1.10193,3546.99
1726002000000,1.10189,1.10195,1.10185,1.10188,254.19
1726005600000,1.10191,1.10216,1.10186,1.10197,1581.59
1726009200000,1.10198,1.10237,1.10194,1.102,3044.26
1726012800000,1.102,1.10227,1.10166,1.102,6463.4302
1726016400000,1.10199,1.10401,1.10182,1.10366,8876.54
1726020000000,1.10367,1.10443,1.10327,1.10331,9262.6699
1726023600000,1.1033,1.10425,1.10316,1.10385,5083.8701
1726027200000,1.10386,1.10471,1.10379,1.10465,6021.73
1726030800000,1.10466,1.10514,1.10425,1.10438,6228.6499
1726034400000,1.10437,1.1049,1.10407,1.10451,5944.4199
1726038000000,1.10451,1.1052,1.10403,1.10412,10391.3896
1726041600000,1.10412,1.10479,1.10366,1.10437,9925.0596
1726045200000,1.10437,1.10489,1.10418,1.1042,10325.8701
1726048800000,1.1042,1.10488,1.10385,1.10486,9248.2998
1726052400000,1.10487,1.10549,1.10427,1.10436,9301.8896
1726056000000,1.10435,1.10488,1.10033,1.10162,43236.8594
1726059600000,1.10161,1.10262,1.10097,1.10128,40971.4492
1726063200000,1.10129,1.10152,1.10019,1.10102,28490.8809
1726066800000,1.10102,1.10167,1.10077,1.1012,21581.9492
1726070400000,1.10119,1.10177,1.10097,1.10158,13277.4102
1726074000000,1.10159,1.10209,1.10151,1.10185,11728.3398
1726077600000,1.10184,1.10226,1.1018,1.10181,10124.4404
1726081200000,1.10181,1.10265,1.1016,1.10174,8512.8896
1726084800000,1.10175,1.1018,1.10108,1.10117,3669.5601
1726088400000,1.10111,1.10144,1.10104,1.10124,942.93
1726092000000,1.10124,1.10149,1.10112,1.10121,1417.02
1726095600000,1.10122,1.10128,1.10101,1.10102,2635.52
1726099200000,1.10101,1.10117,1.10059,1.10067,5367.0098
1726102800000,1.10066,1.10127,1.10065,1.10111,5620.0298
1726106400000,1.10111,1.10122,1.10075,1.10097,6823.7998
1726110000000,1.10096,1.1014,1.10096,1.10136,4331.0298
1726113600000,1.10136,1.10168,1.10136,1.10162,2515.54
1726117200000,1.10161,1.1022,1.10152,1.10218,3035.6699
1726120800000,1.10219,1.10238,1.10077,1.1008,7713.2002
1726124400000,1.1008,1.10157,1.10059,1.10076,15111.5
1726128000000,1.10077,1.10218,1.10055,1.10154,13699.8203
1726131600000,1.10158,1.102,1.10127,1.10144,11083.2803
1726135200000,1.10144,1.10234,1.10144,1.10217,8861.0498
1726138800000,1.10217,1.10235,1.10129,1.10138,10718.8496
1726142400000,1.10139,1.10324,1.10089,1.1025,37176.3594
1726146000000,1.10251,1.10407,1.10246,1.10368,30154.8809
1726149600000,1.10367,1.10471,1.10298,1.10398,19432.6191
1726153200000,1.10398,1.10428,1.10307,1.10401,16869.5605
1726156800000,1.10401,1.10479,1.1037,1.1046,8551
1726160400000,1.10461,1.10568,1.10425,1.10564,13339.4902
1726164000000,1.10563,1.10622,1.10511,1.10607,14997.6299
1726167600000,1.10607,1.10716,1.10599,1.10703,14614.9902
1726171200000,1.10704,1.1075,1.10685,1.10741,6296.8999
1726174800000,1.10739,1.10743,1.10715,1.10737,428.61
1726178400000,1.10738,1.10749,1.10703,1.10717,2425.72
1726182000000,1.10716,1.10791,1.10715,1.10789,3830.22
1726185600000,1.10786,1.10873,1.10775,1.1087,7008.7798
1726189200000,1.1087,1.10889,1.10803,1.10816,8284
1726192800000,1.10817,1.10898,1.10794,1.10867,7266.1401
1726196400000,1.10867,1.10902,1.1084,1.10869,6073.2998
1726200000000,1.1087,1.10882,1.1084,1.10844,2644.3401
1726203600000,1.10843,1.10862,1.10815,1.10824,5808.6699
1726207200000,1.10825,1.10845,1.10745,1.10789,11585.9502
1726210800000,1.10789,1.1094,1.1073,1.10924,12243.7197
1726214400000,1.10924,1.10939,1.10859,1.10927,14967.2305
1726218000000,1.10928,1.11007,1.10882,1.10919,14097.7002
1726221600000,1.10918,1.10973,1.10868,1.10904,12227.71
1726225200000,1.10904,1.1093,1.10812,1.10841,18816.8105
1726228800000,1.10842,1.10935,1.10791,1.10928,16761.6602
1726232400000,1.10929,1.11017,1.10879,1.10943,20172.8105
1726236000000,1.10943,1.10951,1.10844,1.10889,19178.9297
1726239600000,1.10891,1.10918,1.1082,1.10844,12379.3398
1726243200000,1.10845,1.10851,1.10768,1.10838,8071.27
1726246800000,1.10839,1.10858,1.10801,1.10815,8185.8301
1726250400000,1.10814,1.10845,1.10766,1.1078,8545.2402
1726254000000,1.10779,1.10813,1.1076,1.10777,5434.3599
1726257600000,1.10777,1.10782,1.10721,1.10732,6387.8398
1726434000000,1.10757,1.10781,1.10743,1.10751,842.21
1726437600000,1.10743,1.10873,1.10743,1.10868,3999.6399
1726441200000,1.10868,1.10894,1.10848,1.10873,3448.1299
1726444800000,1.10872,1.10923,1.1087,1.10895,4591.1699
1726448400000,1.10894,1.10924,1.10873,1.10877,6332.02
1726452000000,1.10876,1.1091,1.10867,1.1089,4863.5801
1726455600000,1.1089,1.11049,1.1088,1.1104,7096.75
1726459200000,1.1104,1.11048,1.10969,1.10971,6713.3301
1726462800000,1.10971,1.10996,1.10956,1.10983,5404.9702
1726466400000,1.10982,1.11157,1.10975,1.11145,8337.4902
1726470000000,1.11143,1.11197,1.11095,1.1115,13280.9199
1726473600000,1.11149,1.1126,1.11138,1.11228,12005.2402
1726477200000,1.11227,1.11293,1.11181,1.11204,11083.6904
1726480800000,1.11204,1.11282,1.11201,1.11219,9119.5
1726484400000,1.1122,1.11256,1.11159,1.11237,10047.4297
1726488000000,1.11238,1.11327,1.11165,1.11249,15905.2598
1726491600000,1.11249,1.11374,1.11227,1.11294,18379.3105
1726495200000,1.11296,1.11305,1.1118,1.11238,16002.0996
1726498800000,1.11238,1.11242,1.11165,1.11225,10327.1602
1726502400000,1.11226,1.113,1.11195,1.1129,9229.2002
1726506000000,1.11288,1.113,1.1116,1.11233,5880.8198
1726509600000,1.11234,1.11243,1.11197,1.11208,6637.8198
1726513200000,1.11207,1.11297,1.11186,1.11289,5280.3799
1726516800000,1.11288,1.11332,1.11279,1.11325,3896.47
1726520400000,1.1132,1.11324,1.11306,1.1131,319.44
1726524000000,1.1131,1.11321,1.11266,1.11272,2435.21
1726527600000,1.11275,1.11299,1.11232,1.11291,4447.5898
1726531200000,1.11291,1.11311,1.11219,1.1123,6552.2402
1726534800000,1.11229,1.11294,1.11226,1.11278,6117.5801
1726538400000,1.11277,1.11296,1.11248,1.11271,4794.04
1726542000000,1.1127,1.11283,1.11228,1.11239,3973.1001
1726545600000,1.1124,1.11246,1.11217,1.11244,3401.54
1726549200000,1.11243,1.11288,1.1122,1.11266,3736.0701
1726552800000,1.11267,1.11334,1.11208,1.11208,7881.3999
1726556400000,1.11208,1.11378,1.11156,1.11361,13163.5703
1726560000000,1.11361,1.11461,1.11329,1.11445,11577.5498
1726563600000,1.11445,1.11445,1.11346,1.1138,14773.0195
1726567200000,1.11381,1.11398,1.11318,1.11343,8833.1797
1726570800000,1.11342,1.11427,1.11302,1.11385,9407.0303
1726574400000,1.11384,1.11436,1.11177,1.11246,34403.1484
1726578000000,1.11247,1.11277,1.11117,1.11129,31496.7793
1726581600000,1.1113,1.11281,1.1113,1.11245,30547.6895
1726585200000,1.11246,1.11262,1.11152,1.11173,15963.79
1726588800000,1.11172,1.11216,1.1115,1.11193,9739.2998
1726592400000,1.11192,1.11208,1.11109,1.11162,13709.3496
1726596000000,1.11162,1.11226,1.11155,1.11223,12560.8203
1726599600000,1.11223,1.11235,1.11147,1.11158,10958.7803
1726603200000,1.11158,1.11168,1.11126,1.11134,5802.1602
1726606800000,1.11128,1.11155,1.11124,1.1113,697.98
1726610400000,1.1113,1.11186,1.1113,1.11179,1879.6801
1726614000000,1.1118,1.11238,1.11179,1.1122,2018.11
1726617600000,1.11221,1.11285,1.11215,1.1127,5113.0098
1726621200000,1.11271,1.11303,1.11252,1.11277,6456.5601
1726624800000,1.11278,1.11285,1.11247,1.11279,5187.6699
1726628400000,1.1128,1.11285,1.11253,1.11262,6547.7202
1726632000000,1.11262,1.11263,1.11199,1.112,5521.3398
1726635600000,1.112,1.11215,1.11177,1.11205,5401.8101
1726639200000,1.11204,1.1126,1.11152,1.11186,13709.0801
1726642800000,1.11186,1.11311,1.11174,1.11311,15236.8301
1726646400000,1.11311,1.11332,1.11278,1.11294,14704.7998
1726650000000,1.11295,1.11398,1.11268,1.11381,9933.5703
1726653600000,1.1138,1.11387,1.11297,1.11299,9472.9502
1726657200000,1.11298,1.11301,1.11224,1.11244,7437.02
1726660800000,1.11243,1.11285,1.11179,1.11222,15013.0195
1726664400000,1.11222,1.11398,1.11222,1.11352,13896.3604
1726668000000,1.11352,1.11361,1.11082,1.1118,19664.2598
1726671600000,1.11181,1.1122,1.11119,1.11158,11655.6602
1726675200000,1.11158,1.11261,1.11154,1.11242,9580.0996
1726678800000,1.11243,1.11304,1.11171,1.11247,10307.9502
1726682400000,1.11247,1.11891,1.11238,1.11492,79634.3906
1726686000000,1.11489,1.1149,1.10966,1.11056,46817.7305
1726689600000,1.11054,1.11201,1.11043,1.11184,10001.96
1726693200000,1.11184,1.11184,1.11104,1.11164,868.56
1726696800000,1.1116,1.1124,1.11149,1.11218,3736.1399
1726700400000,1.11219,1.11219,1.11111,1.11139,5124.6001
1726704000000,1.1114,1.11166,1.10788,1.10815,18545.5391
1726707600000,1.10815,1.10856,1.10683,1.10832,13316.2695
1726711200000,1.10834,1.11035,1.10834,1.11019,13712.9102
1726714800000,1.11019,1.11191,1.10994,1.11185,9639.3398
1726718400000,1.11185,1.11212,1.11149,1.11201,9012.6201
1726722000000,1.11202,1.11311,1.11202,1.1131,9926.6602
1726725600000,1.11309,1.11451,1.11287,1.11451,18576.1094
1726729200000,1.11453,1.1153,1.11401,1.11458,31828.7207
1726732800000,1.11457,1.1169,1.11448,1.11626,16697.2109
1726736400000,1.11626,1.11787,1.11622,1.11776,17296.5508
1726740000000,1.11777,1.11787,1.11686,1.11702,16467.8691
1726743600000,1.11705,1.1176,1.11519,1.1158,20305.7598
1726747200000,1.11581,1.11582,1.11257,1.11258,32281.1406
1726750800000,1.11259,1.11405,1.11174,1.11213,33084.4102
1726754400000,1.11213,1.1133,1.11164,1.11292,33774.6406
1726758000000,1.11293,1.11487,1.11255,1.11468,24100.4297
1726761600000,1.11469,1.11583,1.11452,1.11554,22112.1094
1726765200000,1.11553,1.11613,1.11524,1.11605,10900.5898
1726768800000,1.11605,1.11678,1.11605,1.11654,13024.6396
1726772400000,1.11654,1.11666,1.11588,1.1162,16450
1726776000000,1.1162,1.11642,1.11604,1.11611,5005.0498
1726779600000,1.11611,1.11623,1.11598,1.11615,595.63
1726783200000,1.11616,1.11627,1.11603,1.11607,1486.25
1726786800000,1.11608,1.11609,1.11584,1.11593,2870.8301
1726790400000,1.11593,1.11615,1.11571,1.11603,8080.6299
1726794000000,1.11604,1.1164,1.11583,1.11591,9698.8301
1726797600000,1.11592,1.11632,1.11572,1.11614,8568.3398
1726801200000,1.11613,1.11692,1.11612,1.11656,7948
1726804800000,1.11657,1.11679,1.11638,1.11649,4206.6699
1726808400000,1.1165,1.11664,1.1161,1.11637,7950.9302
1726812000000,1.1164,1.11785,1.1164,1.11764,13972.8896
1726815600000,1.11763,1.11818,1.11594,1.11627,18853.4004
1726819200000,1.11626,1.11691,1.11523,1.11643,16004.8203
1726822800000,1.11644,1.1166,1.1157,1.11607,11750.3896
1726826400000,1.1161,1.11626,1.11551,1.11592,10724.2002
1726830000000,1.11593,1.11622,1.1154,1.11615,15142.9004
1726833600000,1.11615,1.11768,1.11615,1.11744,14782.7002
1726837200000,1.11743,1.11762,1.11538,1.11547,21472.3809
1726840800000,1.11546,1.11546,1.11379,1.11437,21882.2305
1726844400000,1.11437,1.11594,1.1136,1.11588,28771.5996
1726848000000,1.11588,1.11757,1.11588,1.11738,26454.8496
1726851600000,1.11736,1.11742,1.11582,1.11593,14021.3496
1726855200000,1.11594,1.1166,1.11571,1.1165,12650.3604
1726858800000,1.1165,1.11659,1.11616,1.1162,10272.5098
1726862400000,1.11619,1.11638,1.11561,1.11626,7163.3398
1727038800000,1.1158,1.11647,1.1158,1.11612,591.26
1727042400000,1.11612,1.11645,1.11594,1.11621,2432.01
1727046000000,1.11622,1.1164,1.11591,1.11591,3448.3999
1727049600000,1.11589,1.11607,1.1156,1.11589,4321.9502
1727053200000,1.11588,1.11615,1.11558,1.11589,5279.8599
1727056800000,1.11588,1.11636,1.11565,1.11622,3994.3201
1727060400000,1.11622,1.11648,1.1161,1.11615,4108.6001
1727064000000,1.11615,1.1165,1.116,1.11635,4758.4702
1727067600000,1.11634,1.11672,1.11614,1.11631,4909.9399
1727071200000,1.11632,1.11642,1.11551,1.11588,12798.5098
1727074800000,1.11587,1.11595,1.10978,1.11013,31302.3105
1727078400000,1.11012,1.11017,1.10831,1.10924,16805.3398
1727082000000,1.10923,1.11123,1.10921,1.11058,11578.3096
1727085600000,1.11061,1.11193,1.11053,1.11129,15167.8398
1727089200000,1.11131,1.11258,1.11125,1.11196,14349.4199
1727092800000,1.11197,1.11238,1.11085,1.11223,15085.5596
1727096400000,1.11224,1.11396,1.11201,1.11292,27939.7598
1727100000000,1.11291,1.11433,1.11152,1.11323,27251.6504
1727103600000,1.11325,1.11371,1.11235,1.11302,19569.2598
1727107200000,1.11299,1.11299,1.11212,1.11251,16804.9395
1727110800000,1.11251,1.11284,1.11202,1.11206,7992.5801
1727114400000,1.11205,1.11238,1.11159,1.11167,6398.23
1727118000000,1.11166,1.11176,1.11119,1.11145,8145.98
1727121600000,1.11146,1.11148,1.11097,1.11109,3511.46
1727125200000,1.11107,1.11144,1.11107,1.11116,970.4
1727128800000,1.11116,1.1114,1.11108,1.11109,1420.45
1727132400000,1.11111,1.11116,1.11074,1.11109,1971.77
1727136000000,1.1111,1.11137,1.11043,1.11057,7692.4102
1727139600000,1.11056,1.1111,1.11043,1.11073,8565.9805
1727143200000,1.11074,1.11083,1.11033,1.11055,4792.6099
1727146800000,1.11055,1.11136,1.11055,1.11126,5315.0298
1727150400000,1.11125,1.11176,1.11093,1.11167,5678.9302
1727154000000,1.11167,1.11194,1.11139,1.11163,9688.71
1727157600000,1.11162,1.11189,1.11042,1.1115,16458.4102
1727161200000,1.11149,1.11322,1.11125,1.11272,18337.5098
1727164800000,1.11271,1.11449,1.11263,1.11401,17662.5
1727168400000,1.11401,1.11459,1.11315,1.11355,12570.5898
1727172000000,1.11356,1.11411,1.11269,1.1128,11283.75
1727175600000,1.1128,1.11298,1.11221,1.1129,9404.9697
1727179200000,1.11289,1.11477,1.11289,1.11408,19173.7793
1727182800000,1.11408,1.11442,1.11324,1.11389,18932.6602
1727186400000,1.11389,1.11635,1.11387,1.11507,39821.4688
1727190000000,1.11506,1.11561,1.11467,1.11497,16930.7109
1727193600000,1.11497,1.1162,1.11493,1.11584,9899.9102
1727197200000,1.11583,1.11637,1.11546,1.11626,7389.1299
1727200800000,1.11628,1.11669,1.11598,1.11662,5282.52
1727204400000,1.11663,1.11767,1.1165,1.11766,7032.9302
1727208000000,1.11766,1.11809,1.1175,1.11794,3436.48
1727211600000,1.11791,1.11798,1.11756,1.11783,321.78
1727215200000,1.11782,1.11888,1.11782,1.11886,2327.5
1727218800000,1.11885,1.1191,1.11833,1.11909,3989.73
1727222400000,1.11907,1.11939,1.11873,1.11931,6613.9102
1727226000000,1.11933,1.11937,1.11853,1.1188,11693.8398
1727229600000,1.1188,1.11961,1.11876,1.11947,6232.3999
1727233200000,1.11948,1.11987,1.11917,1.1198,5418.3799
1727236800000,1.1198,1.11987,1.11936,1.11956,4526.3799
1727240400000,1.11955,1.1196,1.11922,1.11956,3977.9099
1727244000000,1.11955,1.11956,1.11869,1.11905,9123.6201
1727247600000,1.11906,1.11964,1.11858,1.11917,10213
1727251200000,1.11917,1.11954,1.11821,1.11848,12890.0801
1727254800000,1.11848,1.11877,1.11782,1.11832,8414.6504
1727258400000,1.11832,1.11889,1.11809,1.11871,8363.96
1727262000000,1.11872,1.11974,1.11831,1.11959,9865.0596
1727265600000,1.11959,1.12078,1.11917,1.11976,19269.5898
1727269200000,1.11976,1.1214,1.11952,1.11952,28008.5098
1727272800000,1.11952,1.11954,1.11652,1.11726,24945.6504
1727276400000,1.11727,1.11752,1.11418,1.11432,20011.3691
1727280000000,1.1143,1.11476,1.11329,1.11344,10762.4199
1727283600000,1.11344,1.11378,1.11215,1.11369,8750.21
1727287200000,1.11368,1.11387,1.11326,1.11342,7583.4199
1727290800000,1.11342,1.11358,1.11254,1.11259,9534.3799
1727294400000,1.1126,1.11327,1.11249,1.11325,4241.3501
1727298000000,1.11322,1.11334,1.1129,1.1133,1269.88
1727301600000,1.11329,1.1133,1.11303,1.11316,1622.83
1727305200000,1.11316,1.11322,1.11295,1.11296,3477.9299
1727308800000,1.11297,1.11368,1.1129,1.11365,6773.7598
1727312400000,1.11367,1.11411,1.11316,1.11394,6772.2202
1727316000000,1.11395,1.11419,1.11371,1.1141,4401.4302
1727319600000,1.1141,1.11451,1.11378,1.11405,4728.23
1727323200000,1.11404,1.11435,1.11377,1.11416,5015.7202
1727326800000,1.11416,1.11519,1.11405,1.11497,6209.9702
1727330400000,1.11498,1.11566,1.1147,1.11534,9609.5898
1727334000000,1.11534,1.11579,1.11336,1.11348,19243.0996
1727337600000,1.11347,1.11435,1.11257,1.11413,16846.5605
1727341200000,1.11414,1.11523,1.11414,1.11436,9974.0898
1727344800000,1.11436,1.1155,1.11397,1.11538,13751.9697
1727348400000,1.11539,1.11614,1.1148,1.1154,14822.2598
1727352000000,1.11541,1.11654,1.11374,1.1151,23714.7598
1727355600000,1.11511,1.11597,1.11347,1.11398,21473.1797
1727359200000,1.11398,1.11747,1.11257,1.11648,21967.1992
1727362800000,1.11647,1.11893,1.11642,1.11828,13724.71
1727366400000,1.11827,1.11828,1.11662,1.11692,9264.7305
1727370000000,1.11691,1.118,1.11683,1.11795,5949.2202
1727373600000,1.11797,1.11823,1.11734,1.11795,5292.6001
1727377200000,1.11796,1.11841,1.11761,1.11778,6303.4102
1727380800000,1.11778,1.11787,1.11744,1.11764,4940.1899
1727384400000,1.11763,1.1178,1.11739,1.11747,1397.65
1727388000000,1.11751,1.11769,1.11748,1.1176,4363.6802
1727391600000,1.11761,1.11772,1.11736,1.11769,3218.22
1727395200000,1.1177,1.11776,1.1168,1.11691,7424.3101
1727398800000,1.11691,1.11719,1.11624,1.11642,14816.0303
1727402400000,1.11641,1.11696,1.11624,1.11689,7055.9702
1727406000000,1.1169,1.11731,1.11687,1.1169,5455.5698
1727409600000,1.11689,1.11695,1.11637,1.11647,7482.54
1727413200000,1.11647,1.11683,1.11584,1.11639,13456.8496
1727416800000,1.11638,1.1176,1.11402,1.11509,31530.4902
1727420400000,1.11506,1.11506,1.11248,1.1133,28047.0508
1727424000000,1.11328,1.11451,1.11263,1.11444,16730.0801
1727427600000,1.11446,1.11598,1.11371,1.11594,14556.6104
1727431200000,1.11595,1.11709,1.11556,1.11633,13648.0195
1727434800000,1.11632,1.11676,1.11589,1.11624,15919.0195
1727438400000,1.11625,1.12016,1.11541,1.11997,30749.8906
1727442000000,1.11997,1.1203,1.11795,1.11847,35597.25
1727445600000,1.11849,1.1192,1.11692,1.11784,27487.0098
1727449200000,1.11785,1.11785,1.1154,1.11584,18437.0605
1727452800000,1.11585,1.116,1.11463,1.11515,13751.0303
1727456400000,1.11515,1.11658,1.11503,1.11635,11082.4902
1727460000000,1.11636,1.11677,1.11596,1.11677,8981.6904
1727463600000,1.11676,1.11678,1.11626,1.1164,6881.8198
1727467200000,1.11639,1.11677,1.11589,1.11619,5222.5098
1727643600000,1.11582,1.11615,1.11526,1.11594,537.65
1727647200000,1.11594,1.11723,1.1159,1.11707,3552.2
1727650800000,1.11707,1.11715,1.11675,1.11689,4552.2002
1727654400000,1.11688,1.11739,1.11684,1.11707,8105.7798
1727658000000,1.11709,1.11725,1.11605,1.11605,9802.8096
1727661600000,1.11604,1.11622,1.11564,1.11603,6053.6499
1727665200000,1.11604,1.11616,1.11562,1.11581,4800.9502
1727668800000,1.11582,1.1162,1.11582,1.11615,4691.4302
1727672400000,1.11616,1.11692,1.11614,1.11665,7862.5601
1727676000000,1.11665,1.11688,1.1156,1.11681,11535.5
1727679600000,1.1168,1.11754,1.11593,1.11722,14472.3496
1727683200000,1.11721,1.12089,1.11721,1.12056,20885.3105
1727686800000,1.12056,1.12057,1.11884,1.11893,18502.1699
1727690400000,1.11893,1.1191,1.11832,1.11899,11147.0898
1727694000000,1.119,1.12029,1.11889,1.11975,13086.3398
1727697600000,1.11976,1.12012,1.11863,1.11897,12524.8496
1727701200000,1.11898,1.11912,1.11666,1.11686,21194.5391
1727704800000,1.11684,1.11686,1.11409,1.11583,25948.0605
1727708400000,1.11582,1.11642,1.1135,1.11441,20865.5801
1727712000000,1.11442,1.11498,1.11399,1.11484,13056.4297
1727715600000,1.11484,1.11629,1.11481,1.1153,10543.5801
1727719200000,1.11528,1.11547,1.11136,1.11322,31406.2793
1727722800000,1.11322,1.11361,1.11215,1.11326,15503.8096
1727726400000,1.11326,1.11365,1.11302,1.11345,4181.96
1727730000000,1.11344,1.11356,1.11289,1.11351,1083.53
1727733600000,1.1135,1.11419,1.11342,1.11415,833.73
1727737200000,1.11417,1.11426,1.11355,1.11365,2686.3201
1727740800000,1.11365,1.11372,1.11271,1.11322,5000.4399
1727744400000,1.11322,1.11433,1.11313,1.1143,4121.6802
1727748000000,1.11431,1.11433,1.11359,1.11388,2357.71
1727751600000,1.11389,1.11399,1.11354,1.11377,2501.1699
1727755200000,1.11377,1.11413,1.11346,1.11405,2386.6599
1727758800000,1.11407,1.11439,1.11362,1.11375,3845.3701
1727762400000,1.11374,1.1141,1.11309,1.11345,6699.4702
1727766000000,1.11345,1.11369,1.11116,1.1115,15258.6602
1727769600000,1.11153,1.11201,1.10981,1.11026,11289.4199
1727773200000,1.11026,1.11145,1.1092,1.1095,9501.5195
1727776800000,1.10949,1.10976,1.10839,1.10869,13671.3398
1727780400000,1.1087,1.10998,1.10785,1.10845,21860.0508
1727784000000,1.10845,1.10886,1.10702,1.10711,28594.5293
1727787600000,1.1071,1.1083,1.10584,1.10708,31110.1504
1727791200000,1.10708,1.10868,1.10565,1.10764,38717.8203
1727794800000,1.10765,1.10778,1.10598,1.10662,20419.1992
1727798400000,1.10662,1.10715,1.10482,1.10543,15584.5195
1727802000000,1.10543,1.1065,1.10458,1.10621,20476.3398
1727805600000,1.10624,1.10721,1.10624,1.10715,10521.96
1727809200000,1.10716,1.10773,1.10662,1.10675,10230.6504
1727812800000,1.10677,1.10727,1.10656,1.10675,5188.4199
1727816400000,1.10668,1.10708,1.10667,1.10684,918.77
1727820000000,1.10683,1.10706,1.10669,1.10672,1610.1
1727823600000,1.10671,1.10672,1.10634,1.10644,3221.8
1727827200000,1.10645,1.10719,1.10633,1.10655,6714.4199
1727830800000,1.10656,1.10739,1.10656,1.10721,6477.46
1727834400000,1.10721,1.1073,1.10634,1.10664,6522.6299
1727838000000,1.10664,1.10711,1.10639,1.10706,7629.04
1727841600000,1.10706,1.10737,1.10603,1.10629,8003.5098
1727845200000,1.10629,1.10635,1.10541,1.10622,12533.3799
1727848800000,1.1062,1.10701,1.10599,1.10664,12771.29
1727852400000,1.10667,1.10727,1.10632,1.10665,19042.0703
1727856000000,1.10664,1.10828,1.1064,1.10722,14679.1299
1727859600000,1.10723,1.10723,1.10612,1.10713,10614.7695
1727863200000,1.10713,1.10765,1.10664,1.10666,12637.0898
1727866800000,1.10668,1.10767,1.10646,1.10756,13586.1201
1727870400000,1.10755,1.10773,1.1051,1.10535,20942.8301
1727874000000,1.10537,1.10656,1.1047,1.10512,23005.6094
1727877600000,1.10511,1.10563,1.10353,1.10361,22757.6309
1727881200000,1.10361,1.10504,1.10325,1.10494,13883.9102
1727884800000,1.10495,1.10548,1.10436,1.10466,11596.0498
1727888400000,1.10466,1.10499,1.10445,1.1047,9622.6396
1727892000000,1.10469,1.10484,1.10376,1.10382,8449.4297
1727895600000,1.10382,1.10533,1.10367,1.10488,3853.5801
1727899200000,1.10488,1.10524,1.1044,1.1044,6965.8501
1727902800000,1.1044,1.10482,1.1043,1.10478,1468.66
1727906400000,1.10471,1.1049,1.10457,1.10461,2381.74
1727910000000,1.10462,1.10477,1.10436,1.10458,3501.8301
1727913600000,1.10459,1.10465,1.10372,1.10391,9447.2998
1727917200000,1.1039,1.10406,1.10351,1.10392,9645.4404
1727920800000,1.10393,1.10394,1.10352,1.10359,6335
1727924400000,1.10359,1.10367,1.1032,1.10357,5557.0298
1727928000000,1.10356,1.10356,1.10322,1.10328,6457.73
1727931600000,1.10329,1.10348,1.10248,1.10285,11659.4297
1727935200000,1.10285,1.10421,1.10264,1.10378,13373.2598
1727938800000,1.10377,1.10398,1.10275,1.1033,21765.5293
1727942400000,1.1033,1.10461,1.10293,1.10375,15238.7305
1727946000000,1.10375,1.10465,1.10346,1.10358,14165.3496
1727949600000,1.10357,1.10438,1.10342,1.10427,11464.9199
1727953200000,1.10428,1.10461,1.10381,1.10428,13323.7803
1727956800000,1.10427,1.10468,1.10281,1.10321,28080.9102
1727960400000,1.10321,1.10437,1.10284,1.10369,25696.7598
1727964000000,1.1037,1.10387,1.10082,1.1017,57550.5586
1727967600000,1.10169,1.1024,1.1012,1.10145,27278.9199
1727971200000,1.10147,1.10338,1.10141,1.10302,11175.9004
1727974800000,1.10303,1.10361,1.10301,1.10328,9783.0898
1727978400000,1.10329,1.10347,1.10257,1.1026,11102.8701
1727982000000,1.10261,1.10318,1.10249,1.10284,7044.2798
1727985600000,1.10284,1.10306,1.1026,1.10293,4327.3198
1727989200000,1.10292,1.1033,1.10283,1.10321,1718.24
1727992800000,1.10321,1.1035,1.103,1.10342,2095.6399
1727996400000,1.10342,1.1037,1.10332,1.10351,2555.3101
1728000000000,1.1035,1.10395,1.10331,1.10346,6011.02
1728003600000,1.10346,1.10359,1.10286,1.10298,10370.71
1728007200000,1.10299,1.10344,1.10279,1.10305,7161.3501
1728010800000,1.10307,1.10315,1.10255,1.1027,5984.04
1728014400000,1.1027,1.10299,1.10251,1.10276,5399.6001
1728018000000,1.10277,1.10352,1.10265,1.10333,5747.4399
1728021600000,1.10333,1.10347,1.10271,1.1032,9544.04
1728025200000,1.10319,1.10355,1.10254,1.10278,23847.6309
1728028800000,1.10278,1.103,1.10212,1.10254,12852.9404
1728032400000,1.10253,1.10282,1.10201,1.1027,11432.8701
1728036000000,1.10272,1.10335,1.10261,1.10275,9237.2998
1728039600000,1.10275,1.10367,1.1027,1.10324,12492.9404
1728043200000,1.10321,1.1033,1.0959,1.09608,36793.4297
1728046800000,1.09608,1.0979,1.09588,1.09732,33981.7305
1728050400000,1.09733,1.09817,1.0967,1.09694,23217.0195
1728054000000,1.09694,1.0974,1.09548,1.09606,17455.8809
1728057600000,1.09606,1.09618,1.09512,1.09596,12034.9502
1728061200000,1.09596,1.09693,1.09577,1.09679,6316.5601
1728064800000,1.09681,1.0974,1.09652,1.09726,5932.77
1728068400000,1.09725,1.09777,1.09707,1.09763,6468.6201
1728072000000,1.09764,1.09777,1.09725,1.09739,11744.96
1728248400000,1.0962,1.09716,1.0962,1.09693,579.47
1728252000000,1.09693,1.09717,1.09632,1.09693,5774.23
1728255600000,1.09694,1.09717,1.09679,1.09705,6126.3799
1728259200000,1.09705,1.09754,1.09681,1.09698,8704.54
1728262800000,1.09699,1.09775,1.09695,1.09733,12035.5898
1728266400000,1.09734,1.09774,1.09712,1.09713,8462.3398
1728270000000,1.09713,1.09732,1.09696,1.09719,7488.6099
1728273600000,1.0972,1.09735,1.09683,1.09684,4474.3501
1728277200000,1.09683,1.09701,1.09643,1.09692,6300.8101
1728280800000,1.09688,1.09723,1.09634,1.09712,12666.1699
1728284400000,1.09712,1.09725,1.09581,1.09693,20146.5098
1728288000000,1.09695,1.09788,1.09654,1.09699,14116.5498
1728291600000,1.097,1.097,1.09542,1.09586,17713.8496
1728295200000,1.09587,1.09698,1.09581,1.09651,13128.5
1728298800000,1.09651,1.09805,1.09622,1.09767,13744.8604
1728302400000,1.09768,1.09836,1.09716,1.09771,16936.7793
1728306000000,1.09771,1.0983,1.09721,1.09796,20918.9492
1728309600000,1.09797,1.09848,1.09695,1.09747,23289.9004
1728313200000,1.09745,1.09791,1.09729,1.09758,16296.96
1728316800000,1.09759,1.09846,1.09753,1.09839,6808.4302
1728320400000,1.09838,1.09868,1.09811,1.09821,8121.2002
1728324000000,1.09822,1.09823,1.09682,1.0969,11178.71
1728327600000,1.0969,1.09727,1.09657,1.09723,11880.5
1728331200000,1.09723,1.0975,1.0971,1.09731,4297.7998
1728334800000,1.09723,1.09757,1.09689,1.09732,1837.86
1728338400000,1.09731,1.09789,1.09718,1.09777,2387.52
1728342000000,1.09781,1.09791,1.09741,1.09742,4221.6001
1728345600000,1.09742,1.09839,1.09737,1.09817,6107.3301
1728349200000,1.09817,1.09848,1.09805,1.09836,9048.3496
1728352800000,1.09836,1.09845,1.09727,1.09815,12831.1699
1728356400000,1.09816,1.09868,1.09816,1.09832,8925.6396
1728360000000,1.09832,1.09867,1.09832,1.09854,4011.52
1728363600000,1.09854,1.09869,1.09815,1.0983,9583.2002
1728367200000,1.0983,1.09888,1.09813,1.09836,10527.9199
1728370800000,1.09836,1.09956,1.09785,1.09951,18546.0996
1728374400000,1.09952,1.09971,1.0983,1.09938,14442.4404
1728378000000,1.09939,1.09948,1.09855,1.09874,12767.8701
1728381600000,1.09874,1.09919,1.09821,1.09852,9445.2598
1728385200000,1.09852,1.09897,1.09785,1.09876,9384.4199
1728388800000,1.09876,1.09898,1.09714,1.09759,16914.7305
1728392400000,1.09758,1.09839,1.09744,1.09778,16966.4297
1728396000000,1.09779,1.09803,1.09663,1.09708,16714.5703
1728399600000,1.09708,1.09722,1.09608,1.09697,12547.54
1728403200000,1.09698,1.09777,1.09686,1.09757,6918.8198
1728406800000,1.09757,1.09757,1.09657,1.09743,10775.0596
1728410400000,1.09744,1.09763,1.09685,1.09722,6397.4399
1728414000000,1.09722,1.09782,1.09694,1.09778,6136.3501
1728417600000,1.09778,1.09806,1.09766,1.09798,3217.51
1728421200000,1.09782,1.09796,1.09743,1.09786,2221.9399
1728424800000,1.09788,1.09807,1.09782,1.09807,1321.34
1728428400000,1.09808,1.09809,1.09749,1.09753,1596.58
1728432000000,1.09754,1.09787,1.09736,1.09755,2955.2
1728435600000,1.09755,1.09772,1.09686,1.09736,6328.0898
1728439200000,1.09736,1.09741,1.09687,1.09706,5171.1401
1728442800000,1.09707,1.09712,1.09667,1.09678,4534.8701
1728446400000,1.09678,1.09684,1.0962,1.09631,2202.6399
1728450000000,1.09635,1.0976,1.09635,1.0973,7382.3901
1728453600000,1.0973,1.0973,1.09622,1.09629,7050.8599
1728457200000,1.09626,1.09668,1.0951,1.09602,11816.5303
1728460800000,1.09603,1.09642,1.09533,1.09577,8723.5801
1728464400000,1.09576,1.09676,1.09568,1.09666,6340.6699
1728468000000,1.09666,1.09707,1.09633,1.09656,5333.73
1728471600000,1.09656,1.09669,1.09539,1.0954,11667.4297
1728475200000,1.09539,1.09591,1.09527,1.09567,11866.1104
1728478800000,1.09566,1.09584,1.09462,1.09532,13819.7002
1728482400000,1.09532,1.09598,1.09396,1.09479,20244.6992
1728486000000,1.09478,1.09561,1.09469,1.09506,11231.5498
1728489600000,1.09505,1.09505,1.09401,1.09413,7766.46
1728493200000,1.09415,1.09421,1.09369,1.0939,6316.6001
1728496800000,1.09393,1.09426,1.09362,1.09365,7948.4302
1728500400000,1.09366,1.09413,1.09365,1.09386,8071.3901
1728504000000,1.09386,1.09407,1.09366,1.09376,3533.6001
1728507600000,1.09368,1.09426,1.09367,1.09403,2336.48
1728511200000,1.09403,1.09426,1.09378,1.09407,2130.3501
1728514800000,1.09406,1.09422,1.09388,1.0941,497.79
1728518400000,1.0941,1.09429,1.09392,1.09405,4355.3999
1728522000000,1.09404,1.09459,1.09397,1.09429,8787.4697
1728525600000,1.09428,1.09454,1.09389,1.09419,10635.54
1728529200000,1.09418,1.09458,1.09414,1.09435,6135.6001
1728532800000,1.09435,1.09445,1.09383,1.09409,4744.9902
1728536400000,1.09408,1.09425,1.0937,1.09391,8362.7803
1728540000000,1.09388,1.0943,1.09364,1.09368,8399.7598
1728543600000,1.09369,1.0943,1.0933,1.09374,11368.0801
1728547200000,1.09378,1.09392,1.09282,1.09329,10264.9102
1728550800000,1.0933,1.09339,1.09278,1.09336,7831.6699
1728554400000,1.09336,1.09396,1.09309,1.0939,6595.25
1728558000000,1.09391,1.09395,1.0927,1.0931,9392.6504
1728561600000,1.0931,1.09548,1.09088,1.09439,41686.2813
1728565200000,1.0944,1.09498,1.09339,1.09372,35245.9102
1728568800000,1.09371,1.09422,1.09136,1.09222,30530.7402
1728572400000,1.09222,1.09297,1.09164,1.09248,15095.9102
1728576000000,1.09249,1.09281,1.0903,1.09059,13953.4297
1728579600000,1.09059,1.09206,1.09,1.09189,13982.3301
1728583200000,1.09189,1.09266,1.09182,1.0922,8622.3301
1728586800000,1.0922,1.09345,1.0921,1.09344,10192.3604
1728590400000,1.09344,1.09376,1.09286,1.09286,4093.54
1728594000000,1.09299,1.09369,1.09116,1.0935,1546.4399
1728597600000,1.09351,1.09362,1.09328,1.09337,1424.95
1728601200000,1.09337,1.09343,1.09324,1.09334,1922.85
1728604800000,1.09335,1.09378,1.09321,1.09373,5220.1299
1728608400000,1.09375,1.09379,1.09294,1.0932,5930.21
1728612000000,1.09319,1.09376,1.09308,1.09368,4543.8501
1728615600000,1.09368,1.09407,1.09363,1.09395,6182.48
1728619200000,1.09395,1.09405,1.09352,1.09356,5284.6001
1728622800000,1.09356,1.09379,1.09325,1.09354,4270.79
1728626400000,1.09354,1.09406,1.09323,1.09401,7327.8101
1728630000000,1.094,1.09453,1.09321,1.09446,10267.04
1728633600000,1.09446,1.09537,1.09416,1.09495,7378.9399
1728637200000,1.09493,1.09511,1.0938,1.09389,7425.6602
1728640800000,1.09387,1.09393,1.0931,1.0935,7726.9102
1728644400000,1.09351,1.0936,1.09273,1.09309,8437.6699
1728648000000,1.09309,1.09506,1.0926,1.09331,19379.3398
1728651600000,1.0933,1.09403,1.0928,1.09384,15116.8496
1728655200000,1.09386,1.09491,1.09336,1.09429,21840
1728658800000,1.09428,1.09524,1.0941,1.09412,14389.5498
1728662400000,1.09413,1.09475,1.09403,1.09449,6820.0098
1728666000000,1.09448,1.09474,1.09427,1.09434,6091.8198
1728669600000,1.09433,1.0946,1.09389,1.0939,4511.6699
1728673200000,1.09391,1.09393,1.09332,1.09332,3960.45
1728676800000,1.09332,1.09381,1.09324,1.09353,6585.9399
1728853200000,1.0931,1.09335,1.09307,1.09316,627.16
1728856800000,1.09313,1.09335,1.0927,1.09271,3497.72
1728860400000,1.09273,1.09283,1.09221,1.0923,3130.6699
1728864000000,1.09231,1.09243,1.09153,1.09214,5252.2598
1728867600000,1.09214,1.09254,1.09179,1.09232,7394.9902
1728871200000,1.09232,1.09268,1.09184,1.09246,6311.5801
1728874800000,1.09247,1.09291,1.09235,1.09256,3698.5701
1728878400000,1.09255,1.09257,1.09232,1.09236,1802.99
1728882000000,1.09237,1.09263,1.09223,1.09259,4167.5498
1728885600000,1.0926,1.09304,1.09248,1.0925,6486.8398
1728889200000,1.0925,1.09311,1.09238,1.09282,10107.6299
1728892800000,1.09282,1.09316,1.09236,1.09268,13298.2998
1728896400000,1.09268,1.09366,1.09266,1.0929,7247.9902
1728900000000,1.09288,1.09301,1.0922,1.09228,6740.0098
1728903600000,1.09228,1.09246,1.09091,1.09126,11736.8496
1728907200000,1.09124,1.09167,1.09073,1.09096,12843.4902
1728910800000,1.09096,1.09272,1.09047,1.09191,16692.0195
1728914400000,1.09188,1.09191,1.0905,1.09148,17303.7402
1728918000000,1.09148,1.09163,1.09048,1.09068,8300.1699
1728921600000,1.09069,1.09085,1.09008,1.09015,5593.3799
1728925200000,1.09014,1.09042,1.08973,1.0904,4127.29
1728928800000,1.0904,1.0905,1.08949,1.08971,4270.5298
1728932400000,1.08972,1.09059,1.08881,1.09038,11568.0195
1728936000000,1.09038,1.09093,1.09028,1.09082,3568.5701
1728939600000,1.09078,1.09083,1.09039,1.0908,663.21
1728943200000,1.09078,1.09095,1.09048,1.09084,1244.92
1728946800000,1.09085,1.09103,1.09065,1.0909,1878.9301
1728950400000,1.0909,1.09097,1.0904,1.09074,5122.6401
1728954000000,1.09071,1.09086,1.09047,1.09073,4065.8301
1728957600000,1.09073,1.09087,1.09005,1.0902,5753.8301
1728961200000,1.09019,1.0903,1.08957,1.08964,4649.0698
1728964800000,1.08964,1.08964,1.08915,1.08929,3869.7
1728968400000,1.08928,1.08928,1.08882,1.08915,6149.0801
1728972000000,1.08915,1.08956,1.08849,1.08924,9416.1797
1728975600000,1.08924,1.08987,1.0885,1.08986,11996.0801
1728979200000,1.08985,1.09161,1.08971,1.09103,10366.6299
1728982800000,1.09103,1.09145,1.09059,1.09135,9056.9297
1728986400000,1.09137,1.09149,1.09026,1.09027,8258.2598
1728990000000,1.09026,1.09092,1.08973,1.09008,9708.6699
1728993600000,1.0901,1.09125,1.08995,1.09101,11603.1504
1728997200000,1.09101,1.09167,1.09084,1.09098,12881.8799
1729000800000,1.09097,1.09118,1.08988,1.09026,14664.96
1729004400000,1.09027,1.09071,1.08986,1.08989,10821.3701
1729008000000,1.08989,1.09023,1.08894,1.08894,5190.9399
1729011600000,1.08894,1.08904,1.08819,1.08849,6536.6802
1729015200000,1.0885,1.08904,1.08838,1.08872,5953.2002
1729018800000,1.08874,1.089,1.08858,1.08868,6454.4302
1729022400000,1.08868,1.08923,1.08857,1.089,3873.0701
1729026000000,1.08883,1.08927,1.08871,1.08919,1541.02
1729029600000,1.0892,1.08924,1.08876,1.08895,1434.39
1729033200000,1.08896,1.089,1.08831,1.08832,2567.27
1729036800000,1.08832,1.08866,1.08821,1.08853,4302.9399
1729040400000,1.08853,1.0892,1.08842,1.08917,7387.5498
1729044000000,1.08918,1.08932,1.08885,1.08925,5931.96
1729047600000,1.08926,1.08956,1.08906,1.08909,4425.6201
1729051200000,1.08908,1.0893,1.08877,1.08893,4163.75
1729054800000,1.08894,1.08902,1.08864,1.08878,5107.0298
1729058400000,1.08882,1.08892,1.08762,1.08776,12955.0996
1729062000000,1.08776,1.08852,1.08752,1.08821,11140.5898
1729065600000,1.08821,1.08843,1.08777,1.08832,9977.2803
1729069200000,1.08832,1.08972,1.08825,1.08946,10321.4805
1729072800000,1.08946,1.08954,1.08894,1.08899,7064.8999
1729076400000,1.08897,1.08956,1.08868,1.08943,9892.5098
1729080000000,1.08944,1.09014,1.08863,1.08887,14292.5996
1729083600000,1.08888,1.08974,1.0885,1.089,13448.3096
1729087200000,1.08902,1.08907,1.08714,1.08797,15458.0303
1729090800000,1.08797,1.08801,1.08661,1.08724,10079.6504
1729094400000,1.08723,1.08767,1.08669,1.08682,7068.8198
1729098000000,1.08683,1.08684,1.08615,1.08621,6068.46
1729101600000,1.08621,1.08628,1.08553,1.08556,5787.3799
1729105200000,1.08557,1.08602,1.08532,1.08577,5919.1899
1729108800000,1.08577,1.08627,1.08573,1.08618,3830.8701
1729112400000,1.08611,1.08705,1.08574,1.08632,2538
1729116000000,1.0863,1.08643,1.08574,1.08585,1834.26
1729119600000,1.08585,1.08594,1.08562,1.08587,3073.72
1729123200000,1.08588,1.08642,1.08578,1.08632,8076.0098
1729126800000,1.08631,1.08637,1.0859,1.08623,10649.79
1729130400000,1.08625,1.0865,1.08591,1.08619,12490.96
1729134000000,1.08617,1.0862,1.08512,1.0853,6882.4302
1729137600000,1.0853,1.08555,1.08523,1.08533,5299.8101
1729141200000,1.08532,1.08554,1.08524,1.08545,9902.4404
1729144800000,1.0854,1.08583,1.08498,1.08506,9064.1201
1729148400000,1.08505,1.08576,1.0849,1.08546,11177.3799
1729152000000,1.08545,1.08566,1.0849,1.08517,13076.0195
1729155600000,1.08517,1.08641,1.08503,1.08587,11885.4697
1729159200000,1.08587,1.08649,1.0858,1.0864,7142.3101
1729162800000,1.08641,1.08673,1.0863,1.08632,8318.96
1729166400000,1.08633,1.08737,1.08334,1.08427,30103.9609
1729170000000,1.08427,1.08446,1.0811,1.0833,30039.8594
1729173600000,1.08331,1.0835,1.08141,1.08286,29248.5293
1729177200000,1.08288,1.08408,1.08244,1.08365,16134.1602
1729180800000,1.08366,1.08369,1.08224,1.08247,10614.3604
1729184400000,1.08249,1.0828,1.0821,1.08254,4759.1001
1729188000000,1.08255,1.08319,1.08244,1.08249,6243.5898
1729191600000,1.0825,1.08285,1.08234,1.08279,7167.4302
1729195200000,1.08279,1.08311,1.08269,1.08307,5477.52
1729198800000,1.08308,1.08323,1.08263,1.08318,629.19
1729202400000,1.08318,1.08331,1.08289,1.08289,2024.9399
1729206000000,1.0829,1.08299,1.08252,1.08291,2212.79
1729209600000,1.08291,1.08323,1.08274,1.08289,7862.0898
1729213200000,1.08288,1.08362,1.08274,1.08349,10930.6299
1729216800000,1.0835,1.08396,1.08333,1.08389,9048.4297
1729220400000,1.08387,1.08395,1.0837,1.08385,6317.6499
1729224000000,1.08386,1.08405,1.08382,1.08404,2892.99
1729227600000,1.08405,1.08441,1.08384,1.08434,6570.5698
1729231200000,1.08432,1.08486,1.08381,1.08443,12768.8301
1729234800000,1.08442,1.08442,1.08369,1.08409,15871.5703
1729238400000,1.0841,1.08468,1.08345,1.08378,10352.8496
1729242000000,1.08378,1.08456,1.08341,1.08442,11163.4697
1729245600000,1.08443,1.08488,1.0838,1.0845,9983.54
1729249200000,1.0845,1.08518,1.08417,1.08482,9826.6602
1729252800000,1.08481,1.086,1.08466,1.08591,14618.25
1729256400000,1.08593,1.08632,1.08511,1.08569,12951.7305
1729260000000,1.08569,1.08645,1.08549,1.08571,17658.9492
1729263600000,1.08571,1.08602,1.0853,1.08535,10888.2305
1729267200000,1.08534,1.08682,1.08528,1.08666,5662.8799
1729270800000,1.08666,1.08666,1.08591,1.08618,6054.6602
1729274400000,1.08618,1.08679,1.08616,1.08653,6565.5898
1729278000000,1.08653,1.08658,1.08622,1.08638,7029.4902
1729281600000,1.08638,1.08694,1.0863,1.08655,5327.2002
1729458000000,1.08605,1.08664,1.08605,1.08664,289.68
1729461600000,1.08664,1.08717,1.0865,1.0869,1928.89
1729465200000,1.08691,1.08696,1.08652,1.08681,2869.51
1729468800000,1.08682,1.08688,1.08639,1.08649,7731.9702
1729472400000,1.08648,1.08682,1.08636,1.08651,12577.6396
1729476000000,1.08651,1.08672,1.08641,1.08644,9051.6299
1729479600000,1.08643,1.08678,1.08642,1.08662,6953.5298
1729483200000,1.08662,1.08662,1.08583,1.08587,5427.1001
1729486800000,1.08587,1.08635,1.08585,1.08598,6658.1899
1729490400000,1.08598,1.08598,1.08495,1.08522,11055.2695
1729494000000,1.08522,1.08571,1.08462,1.0848,8544.5098
1729497600000,1.0848,1.08578,1.0848,1.08552,7849.3301
1729501200000,1.08552,1.08582,1.08464,1.08465,7792.98
1729504800000,1.08464,1.08494,1.08447,1.08474,7170.27
1729508400000,1.08475,1.08563,1.08466,1.08557,7778.8101
1729512000000,1.08557,1.0859,1.08511,1.08573,13053.4297
1729515600000,1.08573,1.08578,1.08438,1.08474,13886.8096
1729519200000,1.08475,1.08487,1.08331,1.08348,11870.0303
1729522800000,1.08348,1.08349,1.08199,1.08199,11966.7598
1729526400000,1.08199,1.08229,1.0817,1.08186,7417.5
1729530000000,1.08186,1.0823,1.08155,1.08161,7048.9702
1729533600000,1.08161,1.08171,1.08111,1.08114,5323.02
1729537200000,1.08116,1.08153,1.08111,1.08153,5989.0698
1729540800000,1.08152,1.08167,1.08123,1.08149,4135.4702
1729544400000,1.08149,1.08172,1.08121,1.08152,817.83
1729548000000,1.08153,1.08176,1.08149,1.08154,1509.49
1729551600000,1.08154,1.08166,1.0814,1.08153,3722.2
1729555200000,1.08151,1.08183,1.08142,1.08162,6819
1729558800000,1.08162,1.08207,1.08162,1.08189,10234.2197
1729562400000,1.0819,1.08213,1.08151,1.08156,5819.7798
1729566000000,1.08156,1.0819,1.08149,1.0819,6697.6499
1729569600000,1.0819,1.08209,1.0818,1.08201,4689.8999
1729573200000,1.08202,1.08236,1.08192,1.08192,5947.21
1729576800000,1.08193,1.08288,1.0818,1.08255,6376.98
1729580400000,1.08254,1.0838,1.08207,1.08366,12154.4805
1729584000000,1.08365,1.0837,1.08259,1.0827,9120.0898
1729587600000,1.0827,1.08306,1.08146,1.08159,9627.9697
1729591200000,1.08158,1.08292,1.08143,1.08285,8756.3604
1729594800000,1.08286,1.08289,1.08149,1.08175,13027.6299
1729598400000,1.08174,1.08216,1.08111,1.08117,12991.9297
1729602000000,1.08116,1.08184,1.08013,1.08073,19527.3594
1729605600000,1.08072,1.08133,1.08009,1.08096,15081.4297
1729609200000,1.08097,1.08154,1.0804,1.08045,11875.3096
1729612800000,1.08044,1.08143,1.08031,1.08076,6831.9302
1729616400000,1.08078,1.08087,1.08014,1.08029,10394.3701
1729620000000,1.08028,1.0804,1.07998,1.07999,4273.52
1729623600000,1.07999,1.08017,1.07939,1.07948,5665.1699
1729627200000,1.07947,1.07989,1.07926,1.07967,4003.3
1729630800000,1.07964,1.07986,1.07933,1.07982,846.01
1729634400000,1.07982,1.07999,1.07968,1.07984,1884.91
1729638000000,1.07983,1.07984,1.07962,1.07962,2588.6399
1729641600000,1.07962,1.08008,1.07922,1.07952,10020.6904
1729645200000,1.07953,1.07983,1.07936,1.07949,10165.8701
1729648800000,1.07948,1.08053,1.07947,1.08045,10047.6104
1729652400000,1.08046,1.08053,1.07987,1.08021,7939.7998
1729656000000,1.08022,1.08026,1.07995,1.0802,6901.2798
1729659600000,1.08021,1.08065,1.0802,1.08065,9162.4697
1729663200000,1.08066,1.08066,1.07924,1.07924,15756.5303
1729666800000,1.07924,1.07924,1.07806,1.07817,14411.5703
1729670400000,1.07816,1.07914,1.07794,1.07882,10444.3203
1729674000000,1.07881,1.07893,1.07813,1.07823,13806.5801
1729677600000,1.07822,1.07833,1.07774,1.07774,11400.0996
1729681200000,1.07775,1.07798,1.0763,1.07631,13907.2305
1729684800000,1.07632,1.0775,1.07612,1.07742,15428.0098
1729688400000,1.07743,1.07831,1.07695,1.07751,14273.7695
1729692000000,1.0775,1.07823,1.07708,1.07745,16446.0605
1729695600000,1.07745,1.07862,1.0774,1.07787,13795.2695
1729699200000,1.07787,1.0779,1.07706,1.07731,10695.1699
1729702800000,1.0773,1.07746,1.07672,1.07687,7956.3599
1729706400000,1.07686,1.07824,1.07683,1.07805,9455.4502
1729710000000,1.07805,1.07865,1.07799,1.07857,6778.1899
1729713600000,1.07858,1.07864,1.07804,1.07804,4573.3398
1729717200000,1.07804,1.07835,1.07794,1.07824,447.06
1729720800000,1.07827,1.07832,1.07799,1.07822,1235.21
1729724400000,1.07823,1.07846,1.07794,1.07803,1666.91
1729728000000,1.07804,1.07898,1.07798,1.07887,8687.6104
1729731600000,1.07887,1.07892,1.0782,1.07829,11496.7998
1729735200000,1.07829,1.07888,1.07811,1.07875,9276.5898
1729738800000,1.07876,1.0789,1.07851,1.07868,6067.0801
1729742400000,1.07868,1.07935,1.07868,1.07931,6583.6699
1729746000000,1.07931,1.07932,1.07884,1.07888,11042.6396
1729749600000,1.07887,1.07906,1.07816,1.07833,14249.2998
1729753200000,1.07833,1.07987,1.07706,1.07955,22920.4004
1729756800000,1.07954,1.0808,1.07954,1.0803,21119.7598
1729760400000,1.0803,1.08052,1.07954,1.07968,10406.5498
1729764000000,1.07969,1.08042,1.0796,1.07989,7512.9502
1729767600000,1.07989,1.08029,1.0792,1.0795,11019.4902
1729771200000,1.0795,1.08039,1.07881,1.07965,23516.6309
1729774800000,1.07965,1.08113,1.0795,1.08,17573.7207
1729778400000,1.07999,1.08107,1.07969,1.07978,23122.6191
1729782000000,1.07979,1.08054,1.07963,1.08049,11427.46
1729785600000,1.0805,1.0811,1.08026,1.08107,7459.5801
1729789200000,1.08108,1.08243,1.08106,1.08208,6602.4399
1729792800000,1.08206,1.08259,1.08177,1.08229,7124.7402
1729796400000,1.08228,1.08289,1.08212,1.08289,9928.6299
1729800000000,1.0829,1.08298,1.0827,1.08274,4700.3501
1729803600000,1.0827,1.08284,1.08235,1.08281,715.59
1729807200000,1.0828,1.08285,1.08241,1.08241,1254.2
1729810800000,1.08241,1.08245,1.08226,1.08237,1279.1899
1729814400000,1.08239,1.0825,1.08201,1.08218,4759.4199
1729818000000,1.08217,1.08249,1.082,1.08234,5694.2798
1729821600000,1.08234,1.08275,1.08228,1.08259,4868.8999
1729825200000,1.08258,1.08258,1.08201,1.08217,5372
1729828800000,1.08216,1.08231,1.08205,1.08218,5094.1699
1729832400000,1.08217,1.08254,1.08208,1.08215,5433.5298
1729836000000,1.08217,1.08226,1.08145,1.08155,5894.5698
1729839600000,1.08155,1.08273,1.08136,1.08242,8358.9199
1729843200000,1.08242,1.08372,1.08216,1.08237,8290.75
1729846800000,1.08238,1.08271,1.08221,1.08226,5160.8501
1729850400000,1.08226,1.08277,1.08223,1.08241,4197.4502
1729854000000,1.08241,1.0829,1.08214,1.08214,5081.5298
1729857600000,1.08214,1.08392,1.0821,1.08384,10183.0098
1729861200000,1.08384,1.08386,1.08257,1.0834,11343.7803
1729864800000,1.08339,1.08375,1.08267,1.08307,16899.8906
1729868400000,1.08307,1.08347,1.08107,1.08121,12973.71
1729872000000,1.08121,1.08121,1.08025,1.08048,7277.4102
1729875600000,1.08049,1.08065,1.0802,1.08031,6698.2002
1729879200000,1.08032,1.08047,1.07988,1.08029,6523.25
1729882800000,1.08028,1.08029,1.0793,1.07956,7844.3701
1729886400000,1.07957,1.07972,1.07945,1.07945,8091.8999
1730062800000,1.07933,1.07945,1.07867,1.07939,559.22
1730066400000,1.07938,1.07982,1.07866,1.07956,5454.6401
1730070000000,1.07957,1.08015,1.07938,1.0796,7436.2998
1730073600000,1.0796,1.08012,1.07939,1.0794,11695.2197
1730077200000,1.07941,1.07959,1.07902,1.0791,13783.6602
1730080800000,1.07909,1.07955,1.07858,1.07884,9836.7803
1730084400000,1.07886,1.07898,1.0782,1.07828,8586.4902
1730088000000,1.07829,1.0789,1.07827,1.07876,5256.7998
1730091600000,1.07876,1.07883,1.07819,1.07877,7781.3101
1730095200000,1.07877,1.07966,1.07862,1.07941,9630.3701
1730098800000,1.0794,1.08056,1.07932,1.08042,9039.8398
1730102400000,1.08042,1.08213,1.08009,1.08191,11563.75
1730106000000,1.08191,1.08199,1.08084,1.0813,10720.1504
1730109600000,1.08134,1.08194,1.08109,1.08166,10897.3301
1730113200000,1.08165,1.082,1.08151,1.08194,6620.4902
1730116800000,1.08194,1.08261,1.08131,1.08155,14042.3203
1730120400000,1.08154,1.08224,1.0814,1.08203,10896.46
1730124000000,1.08204,1.08276,1.08152,1.08242,12934.0195
1730127600000,1.08242,1.08252,1.08137,1.08188,13160.7598
1730131200000,1.08187,1.08262,1.08145,1.08154,11436.1201
1730134800000,1.08154,1.08179,1.0813,1.08136,7558.5698
1730138400000,1.08135,1.08149,1.08099,1.0812,5943.52
1730142000000,1.08119,1.0819,1.08112,1.08152,5243.7402
1730145600000,1.08153,1.08174,1.08114,1.08119,3559.8899
1730149200000,1.08117,1.08143,1.08117,1.0814,695.33
1730152800000,1.08143,1.08143,1.08111,1.08124,1870.42
1730156400000,1.08125,1.08178,1.08107,1.08176,2124.4099
1730160000000,1.08175,1.08192,1.08128,1.08158,8232.21
1730163600000,1.08158,1.08169,1.08116,1.08157,11313.4004
1730167200000,1.08157,1.08181,1.08114,1.08122,7014.71
1730170800000,1.08122,1.08133,1.08061,1.0808,7030.29
1730174400000,1.0808,1.0809,1.08066,1.08086,5017.9702
1730178000000,1.08087,1.08133,1.08086,1.08111,8461.8496
1730181600000,1.08111,1.08139,1.08066,1.08113,6410.4199
1730185200000,1.08112,1.08161,1.08054,1.08095,9299.4297
1730188800000,1.08094,1.08204,1.08094,1.08185,14452.71
1730192400000,1.08184,1.08263,1.08131,1.08178,8614.3203
1730196000000,1.08179,1.08209,1.08034,1.08055,9386.5195
1730199600000,1.08056,1.0806,1.07967,1.07992,12549.3496
1730203200000,1.07991,1.07997,1.07721,1.07774,16513.7305
1730206800000,1.07775,1.0791,1.07688,1.07877,19069.2109
1730210400000,1.07879,1.08121,1.07879,1.08003,37910.9805
1730214000000,1.08005,1.08011,1.07851,1.07975,20909.3496
1730217600000,1.07974,1.08075,1.07923,1.0799,16443.6992
1730221200000,1.07989,1.08111,1.0798,1.08057,14033.4297
1730224800000,1.08057,1.08163,1.0803,1.08134,7449.8701
1730228400000,1.08134,1.08152,1.08108,1.08139,8832.6699
1730232000000,1.08139,1.08183,1.0813,1.08179,4756.3198
1730235600000,1.08178,1.08178,1.08121,1.08153,512.18
1730239200000,1.08153,1.08214,1.08149,1.08198,1847.33
1730242800000,1.082,1.08217,1.0818,1.08197,2947.9199
1730246400000,1.08196,1.08259,1.08195,1.08218,7154.8301
1730250000000,1.08217,1.08257,1.082,1.08215,12204.4404
1730253600000,1.08215,1.08215,1.08173,1.08182,10724.0801
1730257200000,1.0818,1.0818,1.08136,1.08141,11142.3398
1730260800000,1.08141,1.08177,1.0813,1.08165,4855.8901
1730264400000,1.08166,1.08168,1.0814,1.08156,5997.2402
1730268000000,1.08155,1.08263,1.08155,1.08234,8929.7803
1730271600000,1.08236,1.0824,1.08158,1.08191,8773.4199
1730275200000,1.0819,1.08447,1.0819,1.08344,25435.9492
1730278800000,1.08344,1.08593,1.08327,1.08397,18729.7598
1730282400000,1.08398,1.08439,1.0831,1.08343,10744.6904
1730286000000,1.08343,1.08353,1.08216,1.08242,10318.5498
1730289600000,1.08242,1.08294,1.08079,1.08138,26292.2402
1730293200000,1.08139,1.08443,1.08113,1.08433,32397.8691
1730296800000,1.08437,1.08577,1.0842,1.08488,26043.4199
1730300400000,1.0849,1.08668,1.08417,1.08637,19833.9902
1730304000000,1.08636,1.08655,1.0857,1.08611,13795.46
1730307600000,1.0861,1.08687,1.08537,1.0866,10614.3604
1730311200000,1.08662,1.08713,1.08651,1.08692,5685.7202
1730314800000,1.08692,1.08692,1.08562,1.08604,12210.79
1730318400000,1.08605,1.08618,1.08551,1.08555,7324.3999
1730322000000,1.08551,1.0859,1.08551,1.08572,952.52
1730325600000,1.08581,1.08586,1.08538,1.08584,2891.5901
1730329200000,1.08586,1.086,1.08578,1.08582,2490.3999
1730332800000,1.08581,1.08592,1.0853,1.08534,5588.7202
1730336400000,1.08533,1.08581,1.08441,1.08446,10222.3896
1730340000000,1.08446,1.08511,1.08443,1.0849,7978.6401
1730343600000,1.08491,1.08533,1.08485,1.08498,6585.1299
1730347200000,1.08497,1.08497,1.0845,1.08478,8072.0298
1730350800000,1.08477,1.0852,1.08465,1.08512,5512.1099
1730354400000,1.08513,1.08557,1.0848,1.08517,10174.9697
1730358000000,1.08516,1.08635,1.08476,1.08589,12886.9297
1730361600000,1.0859,1.0861,1.08511,1.08561,13893.4902
1730365200000,1.08563,1.08673,1.08542,1.08665,12215.0098
1730368800000,1.08663,1.08753,1.08646,1.0867,10495.2002
1730372400000,1.08669,1.08698,1.08591,1.0868,11731.8203
1730376000000,1.08682,1.08866,1.08639,1.08797,28309.3594
1730379600000,1.08796,1.08881,1.08559,1.08594,25563.7891
1730383200000,1.08594,1.08767,1.08515,1.08655,26940.0391
1730386800000,1.08654,1.08654,1.08461,1.08554,23435.0801
1730390400000,1.08554,1.08629,1.08536,1.0858,16438.1699
1730394000000,1.08581,1.08643,1.08554,1.08615,9651.8701
1730397600000,1.08616,1.08731,1.08606,1.08704,11112.4297
1730401200000,1.08705,1.08783,1.08679,1.08773,11287.8896
1730404800000,1.08775,1.08851,1.08772,1.08833,5931.2798
1730408400000,1.0883,1.08855,1.08815,1.08821,838.5
1730412000000,1.0882,1.08863,1.0881,1.08859,1874.0699
1730415600000,1.0886,1.08863,1.08834,1.08839,3432.1599
1730419200000,1.08838,1.08874,1.08804,1.08866,6396.6299
1730422800000,1.08866,1.08885,1.08785,1.08798,12815.96
1730426400000,1.08799,1.08811,1.08765,1.08782,10539.4404
1730430000000,1.08783,1.08789,1.08751,1.08763,7541.0698
1730433600000,1.08762,1.08789,1.08757,1.0877,4675.23
1730437200000,1.08771,1.0878,1.08708,1.08716,9087.6104
1730440800000,1.08716,1.0875,1.08708,1.08729,9563.4102
1730444400000,1.08729,1.08775,1.08679,1.08679,8149.2002
1730448000000,1.08679,1.0868,1.08573,1.08622,14444.5195
1730451600000,1.08622,1.08684,1.0858,1.08583,9821.25
1730455200000,1.08582,1.08611,1.08524,1.08606,10241.75
1730458800000,1.08607,1.08693,1.08588,1.08679,6245.5898
1730462400000,1.0868,1.09057,1.08596,1.08861,39173.2695
1730466000000,1.08862,1.08896,1.08655,1.08693,31483.8691
1730469600000,1.08683,1.0875,1.08499,1.08544,28900.9297
1730473200000,1.08544,1.08586,1.08472,1.08484,19635.0195
1730476800000,1.08485,1.08543,1.08463,1.08524,11196.6396
1730480400000,1.08524,1.08529,1.0834,1.08361,10346.9697
1730484000000,1.0836,1.08455,1.08359,1.08393,11536.2998
1730487600000,1.08389,1.08416,1.08344,1.08358,7285.73
1730491200000,1.08359,1.0837,1.08317,1.08327,8644.4404
1730671200000,1.08778,1.08809,1.08749,1.08806,2155.46
1730674800000,1.08811,1.08811,1.08719,1.08727,9191.6504
1730678400000,1.08728,1.08791,1.08699,1.08771,9744.4199
1730682000000,1.08772,1.08912,1.08767,1.08882,11148.8203
1730685600000,1.08882,1.08942,1.08847,1.08941,15824.2598
1730689200000,1.08942,1.09049,1.08942,1.09015,13163.3701
1730692800000,1.09015,1.0903,1.08967,1.08974,9897.8398
1730696400000,1.08973,1.08999,1.08942,1.08988,12700.7305
1730700000000,1.08988,1.09019,1.08912,1.08915,14697.2305
1730703600000,1.08915,1.08955,1.08871,1.08912,12907.0195
1730707200000,1.08913,1.09007,1.08892,1.08928,14990.3604
1730710800000,1.08927,1.09021,1.08911,1.08962,12115.5801
1730714400000,1.08961,1.09028,1.08936,1.09016,7814.4502
1730718000000,1.09016,1.0914,1.08995,1.09134,10136.1602
1730721600000,1.09133,1.09147,1.09015,1.09045,13498.2002
1730725200000,1.09046,1.09092,1.08933,1.09052,15134.9805
1730728800000,1.0905,1.09096,1.08955,1.08997,20068.4199
1730732400000,1.08995,1.09081,1.0896,1.08992,22665.7305
1730736000000,1.08992,1.09009,1.08802,1.0884,14897.8096
1730739600000,1.08841,1.08937,1.08798,1.08887,10048.4697
1730743200000,1.08887,1.08891,1.08781,1.08852,8561.5801
1730746800000,1.08853,1.08857,1.08777,1.08788,5560.5
1730750400000,1.08788,1.08814,1.08753,1.08756,5534.3101
1730754000000,1.08756,1.08775,1.08739,1.08767,2547.29
1730757600000,1.08757,1.08787,1.08752,1.08786,473.22
1730761200000,1.08786,1.08787,1.08733,1.08735,1842.38
1730764800000,1.08736,1.08765,1.08724,1.08756,3301.54
1730768400000,1.08756,1.0878,1.0873,1.08775,6335.0298
1730772000000,1.08776,1.08797,1.08753,1.08773,5601.21
1730775600000,1.08773,1.08795,1.08752,1.08757,6725.6899
1730779200000,1.08757,1.08783,1.08743,1.08752,6106.3999
1730782800000,1.08752,1.088,1.08749,1.08786,4191.3999
1730786400000,1.08785,1.08822,1.08769,1.08808,4846.5898
1730790000000,1.08809,1.08907,1.08809,1.08886,9556.4502
1730793600000,1.08888,1.08941,1.08842,1.08919,14018.4004
1730797200000,1.08918,1.08976,1.08902,1.08917,7884.8701
1730800800000,1.08919,1.08944,1.08908,1.08939,6904.04
1730804400000,1.08939,1.09017,1.08927,1.08994,7953.8301
1730808000000,1.08994,1.09014,1.0894,1.08957,6352.5601
1730811600000,1.08958,1.08985,1.08895,1.08927,10150.1504
1730815200000,1.08927,1.09111,1.08924,1.09061,17547.6504
1730818800000,1.09058,1.09122,1.08894,1.0902,22572.8594
1730822400000,1.09021,1.09205,1.09011,1.09199,10762.1904
1730826000000,1.092,1.09303,1.09181,1.09302,8000.5801
1730829600000,1.09301,1.09365,1.09288,1.09303,12750.54
1730833200000,1.09303,1.0934,1.09269,1.0931,12354.5996
1730836800000,1.09311,1.09311,1.09241,1.09251,3822.49
1730840400000,1.0925,1.093,1.09241,1.09294,2583.6599
1730844000000,1.09235,1.09292,1.09235,1.09235,1253.66
1730847600000,1.09238,1.09369,1.09118,1.09339,10218.4697
1730851200000,1.09338,1.09339,1.08319,1.08362,59827.8906
1730854800000,1.08367,1.08571,1.08214,1.08364,50728.1016
1730858400000,1.08363,1.08392,1.07616,1.07624,62737.1914
1730862000000,1.07626,1.07795,1.0719,1.07464,58582.7305
1730865600000,1.07463,1.07879,1.07393,1.07775,42941.3203
1730869200000,1.07774,1.07944,1.075,1.076,50289.0313
1730872800000,1.07601,1.07615,1.07027,1.07252,49336.6914
1730876400000,1.07258,1.07523,1.07258,1.07342,51417.1289
1730880000000,1.07342,1.07812,1.0732,1.07731,40993.0586
1730883600000,1.07731,1.07741,1.075,1.07551,36478.3789
1730887200000,1.07551,1.07618,1.07415,1.07465,21993.4492
1730890800000,1.07463,1.07467,1.07011,1.0708,36285.4688
1730894400000,1.07081,1.07187,1.06824,1.06885,43336.0781
1730898000000,1.06884,1.07192,1.06824,1.07098,40566.6211
1730901600000,1.07097,1.07199,1.06984,1.07156,35476.3516
1730905200000,1.07157,1.07397,1.07141,1.07383,39974.0195
1730908800000,1.07383,1.07452,1.0726,1.07313,27222.1504
1730912400000,1.07312,1.07447,1.07257,1.07272,20502.1602
1730916000000,1.07272,1.0758,1.07259,1.07529,20863.8594
1730919600000,1.0753,1.07534,1.07297,1.07351,15218.04
1730923200000,1.07352,1.07384,1.07327,1.07353,13676
1730926800000,1.07352,1.07359,1.07267,1.07269,3319.1101
1730930400000,1.07271,1.07295,1.07249,1.07288,1412.4
1730934000000,1.07289,1.07344,1.07288,1.07315,3962.53
1730937600000,1.07316,1.07372,1.07205,1.0721,10710.0498
1730941200000,1.0721,1.07286,1.07129,1.07176,15853.4297
1730944800000,1.07176,1.07368,1.07174,1.07366,9614.5996
1730948400000,1.07366,1.07413,1.07321,1.07398,6123.9302
1730952000000,1.07398,1.07454,1.07341,1.07377,8272.0596
1730955600000,1.07378,1.07477,1.07374,1.07461,7711.9399
1730959200000,1.0746,1.07504,1.07411,1.07499,8025.0601
1730962800000,1.07475,1.07701,1.0745,1.0752,18677.5801
1730966400000,1.07522,1.07716,1.07491,1.07688,24426.3398
1730970000000,1.07687,1.0769,1.07459,1.07462,20712.7891
1730973600000,1.07462,1.07665,1.07462,1.07559,14142.8496
1730977200000,1.07559,1.07622,1.07521,1.07589,11728.29
1730980800000,1.0759,1.07779,1.07566,1.07752,21343.0801
1730984400000,1.07753,1.07946,1.07736,1.07923,31318.3301
1730988000000,1.07924,1.08167,1.07812,1.08092,24725.2598
1730991600000,1.08091,1.08247,1.08049,1.0811,26259.3594
1730995200000,1.0811,1.08149,1.07845,1.07915,24231.6992
1730998800000,1.07912,1.08062,1.07873,1.08047,11116.1699
1731002400000,1.08048,1.08066,1.07927,1.07977,11117.7803
1731006000000,1.07982,1.08034,1.07669,1.07817,49667.5391
1731009600000,1.07819,1.08094,1.078,1.08025,27980.6309
1731013200000,1.08023,1.08038,1.07993,1.08038,2833.54
1731016800000,1.08038,1.08048,1.08025,1.08035,1528.29
1731020400000,1.08044,1.08046,1.07941,1.07954,4225.1899
1731024000000,1.07954,1.07973,1.07883,1.07904,11005.2598
1731027600000,1.07905,1.07913,1.0779,1.07868,15690.79
1731031200000,1.07868,1.07898,1.07796,1.07809,14060.7998
1731034800000,1.07808,1.07887,1.07769,1.07781,7611.2402
1731038400000,1.07781,1.07837,1.07765,1.07828,6349.8999
1731042000000,1.07828,1.07863,1.07799,1.07817,8374.6104
1731045600000,1.07819,1.07837,1.07727,1.07773,15883.8496
1731049200000,1.07773,1.07838,1.0775,1.07796,12908.0098
1731052800000,1.07796,1.07826,1.07609,1.07787,32451.1699
1731056400000,1.07787,1.07891,1.07722,1.07789,20912.9004
1731060000000,1.07789,1.07795,1.07672,1.07785,14695.9404
1731063600000,1.07787,1.07974,1.07787,1.07829,13519.2402
1731067200000,1.07831,1.07843,1.07667,1.0772,21021.5508
1731070800000,1.07719,1.07726,1.07445,1.07527,23788.2793
1731074400000,1.07528,1.07656,1.07495,1.07516,17488.1699
1731078000000,1.07516,1.07522,1.07402,1.07483,26409.0605
1731081600000,1.07483,1.07502,1.07092,1.07096,23436.2402
1731085200000,1.07097,1.07131,1.06868,1.0709,24324.4102
1731088800000,1.07091,1.07187,1.06999,1.07065,15124.7998
1731092400000,1.07064,1.07153,1.07055,1.07136,12761.7998
1731096000000,1.07136,1.07196,1.07103,1.07175,19056.5898
1731099600000,1.07177,1.07214,1.07173,1.07182,5036.7998
1731276000000,1.07093,1.07128,1.07075,1.07079,2277.78
1731279600000,1.07085,1.07169,1.07077,1.07132,4410.7002
1731283200000,1.07131,1.07187,1.07087,1.07168,9330.7998
1731286800000,1.07168,1.07277,1.07157,1.07202,8582.1299
1731290400000,1.07201,1.07252,1.07195,1.07228,5218.71
1731294000000,1.07228,1.07271,1.07151,1.07167,4535.7998
1731297600000,1.07167,1.07168,1.07078,1.07138,3218.47
1731301200000,1.07141,1.07188,1.07112,1.07174,4371.3198
1731304800000,1.07173,1.07213,1.07124,1.07208,4812.0898
1731308400000,1.07208,1.07221,1.06858,1.06899,17101.9492
1731312000000,1.069,1.06942,1.06785,1.06872,14246.7695
1731315600000,1.06873,1.06896,1.0668,1.06815,15513.6504
1731319200000,1.06814,1.06885,1.06708,1.06719,12152.8496
1731322800000,1.06718,1.06718,1.06557,1.06624,15902.5303
1731326400000,1.06628,1.06645,1.06521,1.06522,9228.8096
1731330000000,1.06522,1.06553,1.06366,1.0648,15893.4502
1731333600000,1.06481,1.06575,1.06286,1.06426,20111.6992
1731337200000,1.06426,1.06505,1.06364,1.06473,17146.0508
1731340800000,1.06473,1.06541,1.06448,1.06519,10190.9502
1731344400000,1.06517,1.06562,1.0645,1.0649,6629.6401
1731348000000,1.06489,1.06518,1.06458,1.06504,7993.52
1731351600000,1.06503,1.06573,1.06493,1.06511,4578.5601
1731355200000,1.06512,1.06563,1.06512,1.06556,5182.23
1731358800000,1.06555,1.06578,1.06533,1.06533,2877.9199
1731362400000,1.06534,1.0657,1.06514,1.0656,682.88
1731366000000,1.06558,1.06631,1.06539,1.06631,2178.6599
1731369600000,1.0663,1.06631,1.06541,1.06578,9083.5996
1731373200000,1.06583,1.06598,1.06478,1.06481,15816.7598
1731376800000,1.06482,1.06519,1.06419,1.06434,10799.6396
1731380400000,1.06434,1.06493,1.0638,1.06382,7882.3799
1731384000000,1.06382,1.06456,1.06378,1.0644,8020.0898
1731387600000,1.0644,1.06457,1.06392,1.06398,9827.8604
1731391200000,1.06398,1.06398,1.06294,1.06343,10742.3701
1731394800000,1.06342,1.06372,1.06214,1.0632,16852.4297
1731398400000,1.06319,1.06341,1.0617,1.06317,19574.0098
1731402000000,1.06317,1.06322,1.06165,1.0626,13830.25
1731405600000,1.06258,1.06258,1.06111,1.06178,17769.6797
1731409200000,1.06178,1.06296,1.06174,1.06188,10848.25
1731412800000,1.06188,1.06213,1.06063,1.06196,16001.0098
1731416400000,1.06197,1.06272,1.06143,1.0623,21178.5098
1731420000000,1.06229,1.0626,1.06137,1.06174,21511.7402
1731423600000,1.06175,1.06178,1.06019,1.06089,20685.4707
1731427200000,1.0609,1.06157,1.0596,1.0598,19675.0195
1731430800000,1.0598,1.06082,1.05951,1.06068,15164.3096
1731434400000,1.06068,1.06171,1.06065,1.06159,9851.0898
1731438000000,1.06159,1.06185,1.06122,1.06124,6962.0601
1731441600000,1.06124,1.06235,1.06094,1.06221,8295.6602
1731445200000,1.06222,1.06266,1.06216,1.06216,4435.8398
1731448800000,1.06208,1.06231,1.06179,1.06193,3109.74
1731452400000,1.06197,1.06213,1.06138,1.06166,2549.8401
1731456000000,1.06166,1.06171,1.06109,1.06127,3623.8999
1731459600000,1.06127,1.06291,1.0612,1.06279,4953.9199
1731463200000,1.06279,1.06294,1.06216,1.06261,4171.73
1731466800000,1.06262,1.06279,1.06177,1.06191,2978.6499
1731470400000,1.0619,1.06225,1.06176,1.06177,3983.54
1731474000000,1.06178,1.06184,1.06094,1.0613,3523.3301
1731477600000,1.0613,1.06169,1.06075,1.06134,5446.7998
1731481200000,1.06134,1.06143,1.06024,1.0603,6810.02
1731484800000,1.06029,1.06131,1.05933,1.06121,8488.54
1731488400000,1.06121,1.06298,1.06079,1.06269,8691.3799
1731492000000,1.06268,1.06283,1.06117,1.06149,10012.6904
1731495600000,1.0615,1.0638,1.061,1.06375,8904.1699
1731499200000,1.06375,1.06435,1.06243,1.06313,16153.9902
1731502800000,1.06312,1.0654,1.06237,1.06365,44892.3398
1731506400000,1.06365,1.06379,1.05762,1.05854,49925.3789
1731510000000,1.05854,1.05936,1.05556,1.05886,38860.6797
1731513600000,1.05887,1.0592,1.05623,1.0566,24907.1797
1731517200000,1.05661,1.05774,1.05615,1.05688,18380.4492
1731520800000,1.0569,1.05695,1.05564,1.05588,11992.9805
1731524400000,1.05588,1.05758,1.05565,1.05655,8360.7803
1731528000000,1.05655,1.05688,1.05588,1.0562,6586.0801
1731531600000,1.0562,1.05668,1.05617,1.05622,3855.2393
1731535200000,1.05617,1.05636,1.05577,1.05621,2023.64
1731538800000,1.05621,1.05658,1.0561,1.05657,2526.04
1731542400000,1.05656,1.05686,1.05626,1.05652,6204
1731546000000,1.05651,1.05651,1.0551,1.05561,12809.1797
1731549600000,1.0556,1.05577,1.05473,1.05493,10490.7305
1731553200000,1.05493,1.05557,1.05454,1.05477,9466.0801
1731556800000,1.05477,1.05501,1.05451,1.05484,7188.7202
1731560400000,1.05485,1.05485,1.05339,1.05471,9170.9697
1731564000000,1.05471,1.05541,1.05424,1.0545,12193.9404
1731567600000,1.0545,1.05546,1.05407,1.0551,12034.8896
1731571200000,1.0551,1.05579,1.05323,1.05361,15111.3203
1731574800000,1.05361,1.0542,1.05177,1.05202,16369.6602
1731578400000,1.05201,1.05208,1.05018,1.05112,16476.4004
1731582000000,1.05112,1.05339,1.0496,1.05288,17783.1895
1731585600000,1.0529,1.0545,1.05232,1.05358,19797.5605
1731589200000,1.05358,1.05435,1.05134,1.05304,40633.5703
1731592800000,1.05303,1.05689,1.05295,1.05527,34758.7305
1731596400000,1.05528,1.05777,1.05527,1.05748,29261.0605
1731600000000,1.05747,1.05825,1.05605,1.05618,22453.6699
1731603600000,1.05617,1.05636,1.05549,1.05591,14536.4199
1731607200000,1.05594,1.05605,1.05459,1.0547,9527.3701
1731610800000,1.05469,1.05517,1.05433,1.05477,7587.3198
1731614400000,1.05478,1.05489,1.05119,1.05203,44322.0898
1731618000000,1.05202,1.05301,1.05188,1.05299,5662.1401
1731621600000,1.05299,1.0533,1.0525,1.0531,1419.8644
1731625200000,1.0531,1.0532,1.05256,1.05295,3088.8201
1731628800000,1.05295,1.05336,1.05236,1.05306,8698.4902
1731632400000,1.05306,1.05415,1.05281,1.05318,15249.1396
1731636000000,1.05317,1.05426,1.05317,1.0541,11554.8799
1731639600000,1.0541,1.05459,1.05392,1.05402,7882.7202
1731643200000,1.05402,1.05458,1.05391,1.05425,6420.1602
1731646800000,1.05425,1.05428,1.05392,1.05402,8714.6396
1731650400000,1.05401,1.05612,1.05336,1.0554,11677.5
1731654000000,1.0554,1.05639,1.05508,1.05565,12845.3096
1731657600000,1.05566,1.05718,1.05523,1.05698,13526.21
1731661200000,1.05697,1.05799,1.05605,1.05621,14343.5703
1731664800000,1.05621,1.05777,1.05587,1.05745,14288.0596
1731668400000,1.05745,1.05798,1.05706,1.05772,12306.7002
1731672000000,1.05771,1.05789,1.0564,1.05759,11806.9102
1731675600000,1.0576,1.0593,1.0554,1.05584,38215.3516
1731679200000,1.05583,1.05632,1.05231,1.05315,39809.6602
1731682800000,1.05316,1.05422,1.05247,1.05352,40124.9805
1731686400000,1.05351,1.05514,1.0533,1.05511,29090.2891
1731690000000,1.05511,1.056,1.05471,1.05486,21949.1504
1731693600000,1.05488,1.05546,1.05386,1.05515,14393.1904
1731697200000,1.05515,1.05522,1.05359,1.05371,15131.3496
1731700800000,1.05371,1.05378,1.05163,1.05275,11171.0098
1731704400000,1.05277,1.05404,1.05228,1.05394,6182.0498
1731880800000,1.0528,1.05356,1.0528,1.05315,1592.59
1731884400000,1.05315,1.05384,1.05314,1.05362,2942.8301
1731888000000,1.05362,1.05497,1.0533,1.05487,5273.3799
1731891600000,1.05486,1.05505,1.05387,1.05421,11068.7598
1731895200000,1.05421,1.05464,1.05379,1.05413,6390.6099
1731898800000,1.05414,1.05446,1.05302,1.05341,4387.5801
1731902400000,1.0534,1.05424,1.05334,1.05407,4059
1731906000000,1.05406,1.0544,1.05354,1.0538,5554.6299
1731909600000,1.0538,1.05475,1.05361,1.05427,5448.4902
1731913200000,1.05428,1.05482,1.05379,1.05472,7426.0898
1731916800000,1.05472,1.05561,1.05417,1.05467,15383.1396
1731920400000,1.05468,1.05711,1.05432,1.05661,19085.2402
1731924000000,1.05661,1.05671,1.05458,1.0548,15292.5996
1731927600000,1.0548,1.0548,1.05325,1.05423,13629.7598
1731931200000,1.05424,1.05488,1.05346,1.05471,15710.8896
1731934800000,1.05472,1.05686,1.05454,1.05677,16749.0703
1731938400000,1.05678,1.05744,1.05605,1.05685,20556.9102
1731942000000,1.05686,1.05754,1.05606,1.05736,17827.8398
1731945600000,1.05735,1.05858,1.05652,1.05858,12475.7803
1731949200000,1.0586,1.05924,1.05798,1.0591,15007.5898
1731952800000,1.0591,1.05978,1.05872,1.05972,7633.7798
1731956400000,1.05972,1.06071,1.05887,1.05908,10321.5498
1731960000000,1.05907,1.05963,1.0589,1.05924,5693.4399
1731963600000,1.05924,1.06004,1.05904,1.05979,2819.9099
1731967200000,1.05979,1.05995,1.0596,1.05982,801.61
1731970800000,1.05981,1.05986,1.05931,1.05945,2546.8999
1731974400000,1.05945,1.05946,1.05871,1.05896,7036.9399
1731978000000,1.05898,1.0596,1.05888,1.05931,10252.1104
1731981600000,1.0593,1.05963,1.05887,1.05917,8596.6504
1731985200000,1.05917,1.06007,1.05914,1.05967,10139.6201
1731988800000,1.05969,1.06007,1.05864,1.0587,8245.7002
1731992400000,1.0587,1.05885,1.05826,1.05835,7358.1001
1731996000000,1.05836,1.05963,1.05832,1.05927,9233.3896
1731999600000,1.05928,1.05948,1.05744,1.05775,15432.1797
1732003200000,1.05774,1.0588,1.05625,1.05715,30328.9492
1732006800000,1.05715,1.0578,1.05233,1.05492,46451.8594
1732010400000,1.05493,1.05692,1.05434,1.05609,25100.7402
1732014000000,1.0561,1.05646,1.05493,1.05619,17764.2891
1732017600000,1.0562,1.05721,1.05595,1.0572,14412.0195
1732021200000,1.05721,1.05975,1.05718,1.05767,27239.6406
1732024800000,1.05768,1.05955,1.05698,1.05725,39563.0703
1732028400000,1.05725,1.0601,1.05655,1.05866,27362.8594
1732032000000,1.05867,1.05927,1.05708,1.05776,18639.6406
1732035600000,1.05775,1.05889,1.05765,1.05803,13372.3496
1732039200000,1.05802,1.05902,1.0571,1.05898,10096.9404
1732042800000,1.05899,1.05952,1.05836,1.05936,12153.79
1732046400000,1.05935,1.05978,1.05913,1.05935,8841.0498
1732050000000,1.05935,1.05974,1.05928,1.05937,3379.8401
1732053600000,1.05931,1.05955,1.05859,1.05944,1879.37
1732057200000,1.05947,1.0608,1.05938,1.0607,2214.1001
1732060800000,1.0607,1.06097,1.05989,1.05992,6167.7998
1732064400000,1.05993,1.06039,1.05958,1.06001,8786.8203
1732068000000,1.06002,1.06034,1.05956,1.05958,8079.3198
1732071600000,1.05959,1.05987,1.05883,1.05897,6250.4502
1732075200000,1.05896,1.05944,1.05877,1.05929,4642.4902
1732078800000,1.05929,1.05941,1.05866,1.0587,5361.6099
1732082400000,1.0587,1.05954,1.05829,1.05874,10565.2002
1732086000000,1.05873,1.05947,1.05765,1.05783,20495.1094
1732089600000,1.05782,1.0579,1.05601,1.05643,19123.3301
1732093200000,1.05642,1.05688,1.0553,1.05555,15525.3496
1732096800000,1.05554,1.05614,1.05454,1.05489,16876.5703
1732100400000,1.05488,1.05562,1.05421,1.05543,15911.8896
1732104000000,1.05545,1.05679,1.05517,1.05584,14688.8604
1732107600000,1.05584,1.05632,1.05513,1.05565,16185.6797
1732111200000,1.05565,1.05568,1.05224,1.05249,22607.0898
1732114800000,1.05251,1.05379,1.05159,1.05214,21842.3008
1732118400000,1.05215,1.05248,1.05068,1.052,18390.8906
1732122000000,1.052,1.05363,1.05161,1.0532,11424.1104
1732125600000,1.05319,1.05362,1.05255,1.0536,14440.6201
1732129200000,1.05361,1.05423,1.0536,1.05395,10496.4502
1732132800000,1.05393,1.05399,1.05362,1.05392,6446.71
1732136400000,1.05389,1.05443,1.05379,1.05435,4730.9902
1732140000000,1.0543,1.05431,1.05394,1.05413,2256.02
1732143600000,1.05421,1.05459,1.05418,1.05456,2305.6201
1732147200000,1.05457,1.05473,1.05424,1.05456,6599.3701
1732150800000,1.05458,1.05497,1.05449,1.05457,9021.8799
1732154400000,1.05457,1.05501,1.05457,1.05493,6300.29
1732158000000,1.05494,1.05531,1.05475,1.0553,5515.3599
1732161600000,1.05531,1.05548,1.05489,1.05512,6007.6099
1732165200000,1.05513,1.05515,1.05463,1.05466,9066.4502
1732168800000,1.05467,1.05544,1.0542,1.05454,13772.1797
1732172400000,1.05453,1.05472,1.05295,1.05364,22262.9609
1732176000000,1.05365,1.05432,1.0524,1.05406,21276.8203
1732179600000,1.05405,1.05407,1.05139,1.05168,26538.8906
1732183200000,1.05169,1.05284,1.05138,1.05208,12716.3896
1732186800000,1.05208,1.05313,1.0516,1.052,13384.4297
1732190400000,1.052,1.05357,1.05175,1.05274,12815.2305
1732194000000,1.05273,1.05392,1.05152,1.0533,28787.9805
1732197600000,1.0533,1.05356,1.05209,1.05351,32908.9609
1732201200000,1.05351,1.05447,1.05089,1.05103,27211.1797
1732204800000,1.05103,1.05146,1.04713,1.04742,38668.2188
1732208400000,1.04741,1.04878,1.04622,1.04873,18755.75
1732212000000,1.04873,1.04893,1.04781,1.04861,9293.1904
1732215600000,1.04862,1.04872,1.04732,1.04844,11291.9297
1732219200000,1.04843,1.04867,1.04779,1.04791,5653.3599
1732222800000,1.04791,1.04807,1.04717,1.04738,3132.74
1732226400000,1.04735,1.04775,1.04718,1.04748,999.32
1732230000000,1.0475,1.04768,1.04676,1.0469,4429.9702
1732233600000,1.04689,1.04756,1.04663,1.04756,9411.6396
1732237200000,1.04754,1.04777,1.04693,1.04715,9032.7305
1732240800000,1.04715,1.04732,1.04671,1.04728,9679.9697
1732244400000,1.04728,1.04782,1.04722,1.0475,7121.6899
1732248000000,1.0475,1.04762,1.04695,1.04747,5801.3398
1732251600000,1.04745,1.04745,1.04615,1.04646,11496.7803
1732255200000,1.04646,1.04704,1.04635,1.04694,9864.25
1732258800000,1.04692,1.04892,1.04624,1.04861,16341.7002
1732262400000,1.04861,1.04981,1.0441,1.04434,31218.5996
1732266000000,1.04437,1.04441,1.03325,1.04019,42641.2813
1732269600000,1.04019,1.04374,1.03848,1.04297,27654.6504
1732273200000,1.04297,1.04298,1.0408,1.04165,20887
1732276800000,1.04167,1.04195,1.03979,1.04074,20739.9609
1732280400000,1.04077,1.04344,1.04063,1.04294,24078.1602
1732284000000,1.04295,1.04346,1.04022,1.04043,34768.6602
1732287600000,1.04041,1.042,1.03951,1.04106,41220.3086
1732291200000,1.04107,1.04118,1.03919,1.03983,22733.2793
1732294800000,1.03985,1.04205,1.03982,1.04189,10566.8096
1732298400000,1.04188,1.04254,1.04147,1.04166,10262.4199
1732302000000,1.04166,1.04189,1.04086,1.04109,7960.0801
1732305600000,1.04108,1.04174,1.0408,1.04145,6582.1802
1732309200000,1.04146,1.04201,1.04133,1.04193,5000.6499
1732485600000,1.04806,1.04816,1.04618,1.04793,8038.6699
1732489200000,1.04792,1.05013,1.04646,1.04793,15654.2197
1732492800000,1.04792,1.04849,1.04735,1.04812,14147.5098
1732496400000,1.04811,1.049,1.04741,1.04778,17439.5
1732500000000,1.04778,1.04894,1.04745,1.0487,13566.4697
1732503600000,1.0487,1.04881,1.04757,1.04778,9624.0498
1732507200000,1.04778,1.0481,1.04745,1.04791,7477.9302
1732510800000,1.04792,1.0483,1.04752,1.04791,7987.9302
1732514400000,1.04792,1.04895,1.04749,1.04835,15053.8496
1732518000000,1.04835,1.04836,1.04498,1.04504,20200.1094
1732521600000,1.04505,1.04671,1.0449,1.04655,29381.2109
1732525200000,1.04652,1.0497,1.04628,1.04895,30989.2207
1732528800000,1.04894,1.04969,1.04835,1.0486,20059.5605
1732532400000,1.04859,1.04904,1.0475,1.04793,17473.0391
1732536000000,1.04794,1.04934,1.0474,1.04886,20229.8594
1732539600000,1.04887,1.05301,1.04887,1.05284,35367.6484
1732543200000,1.05286,1.05303,1.05046,1.0508,33584.7891
1732546800000,1.0508,1.05192,1.04862,1.04884,31002.9609
1732550400000,1.04884,1.04945,1.04667,1.04776,21830.5293
1732554000000,1.04775,1.0487,1.04689,1.04861,12151.4805
1732557600000,1.0486,1.05079,1.04857,1.05074,12078.6797
1732561200000,1.05075,1.05107,1.05014,1.05055,9301.3496
1732564800000,1.05052,1.05093,1.04919,1.04922,7095.1699
1732568400000,1.04922,1.0497,1.04918,1.04942,5005.5298
1732572000000,1.04928,1.0496,1.04876,1.04949,2283.3101
1732575600000,1.0495,1.05006,1.04428,1.04437,17652.8809
1732579200000,1.04437,1.04572,1.0425,1.04349,37224.9102
1732582800000,1.04347,1.04645,1.04303,1.0454,30030.4297
1732586400000,1.0454,1.04647,1.04511,1.04609,15274.8604
1732590000000,1.04608,1.04801,1.04584,1.04779,11005.8799
1732593600000,1.04779,1.04904,1.04767,1.04797,6290.4902
1732597200000,1.04795,1.04814,1.04741,1.04752,7758.1099
1732600800000,1.04752,1.04835,1.04741,1.04761,10761.71
1732604400000,1.04762,1.04855,1.0472,1.0472,29213.0605
1732608000000,1.0472,1.04962,1.047,1.04912,31226.1504
1732611600000,1.04912,1.05189,1.0491,1.05072,32297.5293
1732615200000,1.05072,1.05207,1.05055,1.05169,15111.9199
1732618800000,1.05169,1.05209,1.0505,1.05132,12224.7695
1732622400000,1.05132,1.05447,1.051,1.05238,27945.25
1732626000000,1.05237,1.05266,1.05,1.05035,36104.3594
1732629600000,1.05034,1.05059,1.04897,1.05031,27167.0898
1732633200000,1.05027,1.051,1.04786,1.04796,27575.6504
1732636800000,1.04796,1.04862,1.04636,1.04799,26919.5
1732640400000,1.04799,1.04806,1.04642,1.04704,16092.0898
1732644000000,1.04704,1.04744,1.04571,1.0465,12731.1602
1732647600000,1.04651,1.04809,1.04581,1.04727,17559.1094
1732651200000,1.04727,1.04819,1.04717,1.04809,9808.5898
1732654800000,1.04808,1.04902,1.04807,1.04873,3826.46
1732658400000,1.04868,1.04881,1.0485,1.04867,2790.26
1732662000000,1.0487,1.0492,1.0486,1.04918,3023.1201
1732665600000,1.04918,1.04964,1.04888,1.04894,6852.1899
1732669200000,1.04893,1.04928,1.04846,1.04868,12909.46
1732672800000,1.04868,1.04882,1.04814,1.04854,9373.5098
1732676400000,1.04855,1.04857,1.04777,1.04829,8100.79
1732680000000,1.04829,1.04838,1.04773,1.04786,6235.0601
1732683600000,1.04785,1.04801,1.04744,1.04768,6222.6602
1732687200000,1.04767,1.04862,1.04752,1.04799,8740.71
1732690800000,1.04798,1.05052,1.04797,1.04982,14821.6699
1732694400000,1.04982,1.05402,1.04961,1.05141,49182.9883
1732698000000,1.05141,1.05186,1.0509,1.05165,19647.3008
1732701600000,1.05164,1.05305,1.05126,1.05277,17843.1504
1732705200000,1.05277,1.05305,1.05103,1.05261,14348.2305
1732708800000,1.05261,1.05377,1.05199,1.05277,20593.0195
1732712400000,1.0528,1.05737,1.0527,1.05726,33644.9102
1732716000000,1.05727,1.05787,1.05482,1.05562,33595.9102
1732719600000,1.05566,1.05797,1.05331,1.05706,31769.7695
1732723200000,1.05706,1.05846,1.05549,1.05742,26134.1699
1732726800000,1.05742,1.05876,1.05714,1.05764,16437.0605
1732730400000,1.05763,1.05786,1.05652,1.05661,10034.7402
1732734000000,1.0566,1.05709,1.05605,1.05628,7848.8198
1732737600000,1.05628,1.05665,1.05593,1.05653,8130.0601
1732741200000,1.05653,1.05683,1.05625,1.05657,5769.98
1732744800000,1.05654,1.05692,1.05628,1.05667,1109.48
1732748400000,1.05671,1.05691,1.05609,1.05619,2771.3401
1732752000000,1.05619,1.05622,1.0551,1.05517,6470.9102
1732755600000,1.05517,1.05627,1.05473,1.05571,12331.8896
1732759200000,1.05572,1.0561,1.05511,1.05571,8048.9702
1732762800000,1.0557,1.05579,1.05501,1.05522,5874.04
1732766400000,1.05524,1.05572,1.05487,1.05546,5481.29
1732770000000,1.05547,1.0558,1.05496,1.055,5531.27
1732773600000,1.055,1.05517,1.05427,1.05483,8470.2695
1732777200000,1.05484,1.05551,1.05319,1.05415,15828.8701
1732780800000,1.05414,1.05495,1.05275,1.05441,29382.5
1732784400000,1.05441,1.05563,1.0531,1.05319,32423.6602
1732788000000,1.05319,1.05505,1.05299,1.05504,16231.9805
1732791600000,1.05505,1.05562,1.05455,1.055,11749.0498
1732795200000,1.05498,1.05538,1.05438,1.05449,10141.8701
1732798800000,1.05449,1.05477,1.05302,1.05338,21551.5195
1732802400000,1.05338,1.05494,1.05315,1.05492,17733.75
1732806000000,1.05493,1.0557,1.05417,1.05525,16525.6094
1732809600000,1.05524,1.05548,1.05475,1.05539,8368.2598
1732813200000,1.05539,1.05555,1.05504,1.05528,3422.1299
1732816800000,1.0553,1.05567,1.05521,1.05554,1407.61
1732820400000,1.05554,1.05568,1.0554,1.05566,1367.28
1732824000000,1.05566,1.0557,1.05537,1.05546,1236.98
1732827600000,1.05547,1.05568,1.05511,1.05511,1156.0601
1732831200000,1.05511,1.05551,1.05502,1.05508,859.07
1732834800000,1.05508,1.05621,1.05508,1.056,3263.0901
1732838400000,1.05601,1.05716,1.05586,1.05625,7848.8398
1732842000000,1.05625,1.05748,1.05564,1.05598,15613.8398
1732845600000,1.05597,1.05739,1.0559,1.0571,7394.0601
1732849200000,1.0571,1.0576,1.0566,1.05736,6840.27
1732852800000,1.05736,1.05767,1.05684,1.05699,5470.7402
1732856400000,1.05698,1.05741,1.05663,1.0568,7278
1732860000000,1.05677,1.05805,1.05652,1.05801,7310.21
1732863600000,1.05803,1.05971,1.05753,1.05795,24482.7305
1732867200000,1.05794,1.0582,1.05639,1.05699,24392.6191
1732870800000,1.057,1.05815,1.05518,1.05574,31171.7695
1732874400000,1.05573,1.05732,1.05564,1.05645,20613.8203
1732878000000,1.05644,1.05677,1.0555,1.05625,19095.2891
1732881600000,1.05626,1.05656,1.0548,1.05642,22437.4805
1732885200000,1.05644,1.05684,1.05553,1.05628,22122.2793
1732888800000,1.05629,1.05645,1.05454,1.05532,23712.6504
1732892400000,1.05531,1.05677,1.05459,1.05612,32732.75
1732896000000,1.05612,1.0563,1.05414,1.05465,27955.9707
1732899600000,1.05465,1.05678,1.05435,1.05673,15587.1699
1732903200000,1.05674,1.05781,1.05674,1.05753,14736.9297
1732906800000,1.05753,1.058,1.05722,1.05795,11791.9502
1732910400000,1.05796,1.05843,1.05781,1.05823,11750.9199
1732914000000,1.05822,1.0583,1.05747,1.05748,9264.3496
1733090400000,1.05711,1.05733,1.05604,1.05608,2588.97
1733094000000,1.0561,1.05661,1.05336,1.05439,8832.0596
1733097600000,1.05439,1.05463,1.05313,1.05362,11013.5498
1733101200000,1.05361,1.05391,1.05279,1.05305,12731.5996
1733104800000,1.05304,1.05319,1.052,1.05253,13799.3799
1733108400000,1.05254,1.05269,1.052,1.05235,10107.3799
1733112000000,1.05235,1.0529,1.05189,1.05233,6484.98
1733115600000,1.05233,1.05282,1.05151,1.05219,10821.4297
1733119200000,1.05218,1.05361,1.05213,1.05328,14794.2002
1733122800000,1.0533,1.0537,1.05018,1.05027,32697.9902
1733126400000,1.05027,1.05124,1.04959,1.0502,32806.7813
1733130000000,1.05019,1.05191,1.05019,1.05135,21782.4297
1733133600000,1.05133,1.05239,1.05062,1.05217,21545.8594
1733137200000,1.05216,1.05288,1.05202,1.05229,12583.7598
1733140800000,1.05229,1.05382,1.0495,1.05009,23611.2109
1733144400000,1.05008,1.05142,1.04961,1.05056,27803.3906
1733148000000,1.05057,1.05147,1.04724,1.04737,35052.0703
1733151600000,1.04735,1.04808,1.0462,1.0469,42060.5117
1733155200000,1.04691,1.04977,1.04607,1.04835,32167.7207
1733158800000,1.04836,1.04989,1.048,1.04874,15094.3701
1733162400000,1.04875,1.04931,1.04845,1.04897,11964.4502
1733166000000,1.04897,1.04942,1.04873,1.04903,11116.1699
1733169600000,1.04902,1.05158,1.04887,1.04999,23793.4004
1733173200000,1.04999,1.05029,1.04969,1.04971,3703.2
1733176800000,1.04966,1.05004,1.04934,1.04963,878.71
1733180400000,1.04962,1.05017,1.04962,1.05008,3916.73
1733184000000,1.05008,1.05014,1.04887,1.04912,11688.3896
1733187600000,1.04913,1.04971,1.04842,1.04878,17286.1797
1733191200000,1.04878,1.04921,1.04823,1.04893,13110.4297
1733194800000,1.04892,1.04944,1.04869,1.04903,10153.8896
1733198400000,1.04903,1.04912,1.04843,1.04853,7384.3901
1733202000000,1.04854,1.04924,1.04807,1.04914,8125.2798
1733205600000,1.04915,1.04946,1.04834,1.04878,10312.9404
1733209200000,1.04878,1.05115,1.04863,1.0498,18411.6797
1733212800000,1.04981,1.05278,1.04972,1.05252,31003.1309
1733216400000,1.05253,1.05307,1.05163,1.05204,22338.0508
1733220000000,1.05203,1.05298,1.0512,1.05146,10821.9502
1733223600000,1.05146,1.05273,1.05137,1.05226,15781.04
1733227200000,1.05225,1.05244,1.05071,1.05075,18360.2109
1733230800000,1.05076,1.05269,1.05062,1.05239,16705.8496
1733234400000,1.05241,1.0529,1.0517,1.05194,27690.0605
1733238000000,1.05194,1.05194,1.0492,1.05166,33544.3711
1733241600000,1.05165,1.05194,1.05031,1.05175,22649.5508
1733245200000,1.05175,1.05303,1.05083,1.05284,18054.9805
1733248800000,1.05281,1.0535,1.05247,1.05277,16598.3594
1733252400000,1.05277,1.05287,1.05045,1.05045,8634.4102
1733256000000,1.05045,1.05126,1.05028,1.05089,9385.7803
1733259600000,1.05088,1.05117,1.05062,1.05062,3621.1599
1733263200000,1.05065,1.0509,1.05045,1.05079,1374.39
1733266800000,1.05079,1.05108,1.05056,1.05099,3535.1399
1733270400000,1.05098,1.0512,1.04972,1.04991,8325.1797
1733274000000,1.04993,1.05125,1.04971,1.05061,12429.1396
1733277600000,1.05061,1.05083,1.04976,1.05004,13404.71
1733281200000,1.05002,1.05006,1.04879,1.04936,10260.0098
1733284800000,1.04936,1.05134,1.04908,1.05107,9464.1299
1733288400000,1.05107,1.05201,1.05095,1.05149,10418.7402
1733292000000,1.05151,1.05289,1.05104,1.05228,10071.8604
1733295600000,1.05227,1.05266,1.05073,1.0509,18708.6309
1733299200000,1.0509,1.05148,1.04904,1.0491,23752.6602
1733302800000,1.04911,1.05061,1.04825,1.05028,21763.6895
1733306400000,1.05029,1.05093,1.04958,1.04992,16181.2695
1733310000000,1.04991,1.05122,1.04972,1.05048,14366.29
1733313600000,1.05047,1.05048,1.04879,1.04911,13230.5996
1733317200000,1.0491,1.04973,1.04792,1.04834,29677.3691
1733320800000,1.04833,1.04986,1.04723,1.04946,24924
1733324400000,1.04949,1.05439,1.04949,1.05294,52559.8086
1733328000000,1.05293,1.05366,1.05201,1.05267,27338.6699
1733331600000,1.05268,1.05425,1.0525,1.05372,13108.4004
1733335200000,1.05372,1.05389,1.05153,1.05167,10392.4502
1733338800000,1.05163,1.05292,1.05072,1.05138,27093.2891
1733342400000,1.05138,1.05173,1.05049,1.05128,9605.6104
1733346000000,1.0513,1.05157,1.05078,1.05114,3147.1399
1733349600000,1.051,1.05124,1.05091,1.051,952.04
1733353200000,1.05099,1.05155,1.05077,1.05123,2938.4099
1733356800000,1.05124,1.05157,1.05081,1.05141,7397.25
1733360400000,1.05141,1.05158,1.0509,1.05122,11117.9502
1733364000000,1.0512,1.05227,1.05105,1.05198,8742.1104
1733367600000,1.05198,1.05232,1.05158,1.05229,5513.5698
1733371200000,1.05228,1.05256,1.05171,1.05182,4118.77
1733374800000,1.05181,1.05288,1.05171,1.05265,5883.9102
1733378400000,1.05264,1.05297,1.05228,1.05256,9101.96
1733382000000,1.05255,1.05386,1.05248,1.05353,15323.2598
1733385600000,1.05352,1.05463,1.05291,1.053,18871.4902
1733389200000,1.05301,1.05346,1.05213,1.05285,15240.6504
1733392800000,1.05283,1.05352,1.05251,1.0526,14933.8096
1733396400000,1.0526,1.0538,1.05233,1.05364,10731.04
1733400000000,1.05364,1.05386,1.05237,1.05367,14674.0801
1733403600000,1.05368,1.05681,1.05332,1.0567,30337.7891
1733407200000,1.05671,1.05896,1.05657,1.05754,27706.6797
1733410800000,1.05753,1.05799,1.05508,1.05722,22809.7695
1733414400000,1.05721,1.05783,1.05648,1.05702,20868.6309
1733418000000,1.05703,1.05746,1.05574,1.05675,15610.7803
1733421600000,1.05674,1.05696,1.0557,1.0568,12996.6699
1733425200000,1.05683,1.05886,1.05683,1.05873,17459.6895
1733428800000,1.05873,1.0588,1.0581,1.05844,12335.4902
1733432400000,1.0584,1.05883,1.05819,1.0584,3002.97
1733436000000,1.05839,1.05883,1.05816,1.05871,1093.14
1733439600000,1.0587,1.05876,1.05838,1.05865,1413.3199
1733443200000,1.05864,1.05864,1.05765,1.05771,6116.98
1733446800000,1.05772,1.05781,1.05659,1.05686,15477.5498
1733450400000,1.05687,1.05781,1.05683,1.05768,10909.6299
1733454000000,1.05768,1.05803,1.05729,1.05759,7479.3501
1733457600000,1.05759,1.0577,1.05724,1.05752,3646.8301
1733461200000,1.05753,1.05753,1.05688,1.05723,6753.4302
1733464800000,1.05722,1.05778,1.05692,1.05743,7605.5698
1733468400000,1.05745,1.05845,1.05674,1.05836,13057.6797
1733472000000,1.05837,1.0594,1.05765,1.0582,17334.7402
1733475600000,1.05819,1.05834,1.05713,1.05772,13479.2803
1733479200000,1.05773,1.05849,1.05715,1.05825,9882.0801
1733482800000,1.05826,1.05888,1.05766,1.05869,10924.9902
1733486400000,1.05869,1.05884,1.05805,1.05812,12678.0898
1733490000000,1.05812,1.06298,1.05791,1.06042,44476.9609
1733493600000,1.06043,1.06072,1.0568,1.05788,46062.5117
1733497200000,1.05788,1.05788,1.05441,1.05633,35185.4805
1733500800000,1.05633,1.05754,1.05539,1.05624,20988.3301
1733504400000,1.05624,1.05624,1.05471,1.0551,18723.9609
1733508000000,1.0551,1.05611,1.05461,1.05494,8018.0498
1733511600000,1.05495,1.0555,1.05423,1.05543,8009.02
1733515200000,1.05544,1.05639,1.0554,1.05634,5348.1802
1733518800000,1.05635,1.05694,1.05616,1.05673,5974.0498
1733695200000,1.05544,1.05635,1.05544,1.05624,1373.03
1733698800000,1.05623,1.05692,1.05596,1.05656,4480.02
1733702400000,1.05657,1.05659,1.05555,1.05592,6872.8398
1733706000000,1.05593,1.0561,1.05511,1.05518,10538.5996
1733709600000,1.05519,1.05561,1.05505,1.05548,7283.4502
1733713200000,1.05547,1.05563,1.05366,1.05372,8599.9502
1733716800000,1.05373,1.05399,1.0532,1.05346,7476.5601
1733720400000,1.05347,1.05382,1.05337,1.0537,7009.6499
1733724000000,1.05371,1.05449,1.05365,1.05443,8574.5
1733727600000,1.05442,1.05664,1.05411,1.05642,19486.1309
1733731200000,1.05641,1.05704,1.05566,1.05674,25917.1992
1733734800000,1.05673,1.05751,1.05615,1.05661,17018.5508
1733738400000,1.05662,1.05853,1.05662,1.05803,16669.5508
1733742000000,1.05803,1.0585,1.05675,1.05688,11136.7002
1733745600000,1.05688,1.05711,1.05578,1.05657,12326.8096
1733749200000,1.05656,1.05776,1.05581,1.05761,22525.9902
1733752800000,1.05762,1.05847,1.05716,1.05781,19798.8008
1733756400000,1.05781,1.05928,1.05717,1.05911,18211.7207
1733760000000,1.05912,1.05944,1.05681,1.05703,12105.5898
1733763600000,1.05702,1.05743,1.05666,1.05669,7045.3301
1733767200000,1.05668,1.05676,1.05604,1.05636,6525.8101
1733770800000,1.05636,1.05645,1.05516,1.05552,6996.0698
1733774400000,1.05552,1.05576,1.05471,1.055,6139.73
1733778000000,1.05501,1.05549,1.05501,1.05531,3533.0701
1733781600000,1.05529,1.05557,1.05479,1.05537,1924.9
1733785200000,1.05537,1.05571,1.05527,1.05541,2960.01
1733788800000,1.05542,1.05545,1.0549,1.0553,7894.2202
1733792400000,1.0553,1.05536,1.05452,1.05529,12169.54
1733796000000,1.0553,1.05614,1.05515,1.05532,11363.4004
1733799600000,1.05533,1.05576,1.05489,1.05564,9166.4404
1733803200000,1.05566,1.05599,1.05562,1.05575,5673.23
1733806800000,1.05574,1.05625,1.05541,1.05619,6816.46
1733810400000,1.0562,1.0568,1.05609,1.05665,8558.04
1733814000000,1.05664,1.05664,1.05469,1.05488,13856.5596
1733817600000,1.05487,1.05515,1.05377,1.05377,15060.0195
1733821200000,1.05376,1.05381,1.0523,1.05311,16278.3604
1733824800000,1.05311,1.05378,1.05259,1.0528,13083.2197
1733828400000,1.0528,1.05328,1.0524,1.05312,12323.8096
1733832000000,1.05313,1.05337,1.05203,1.05306,15872.0703
1733835600000,1.05307,1.05318,1.05158,1.0523,16265.3398
1733839200000,1.05231,1.05311,1.05193,1.05196,15708.71
1733842800000,1.05197,1.05257,1.04984,1.05037,22424.0996
1733846400000,1.05039,1.05125,1.04997,1.05116,13308.9297
1733850000000,1.05117,1.05166,1.05046,1.05096,9971.5801
1733853600000,1.05095,1.05268,1.05086,1.05254,9986.2803
1733857200000,1.05254,1.05312,1.05242,1.05268,7465.6499
1733860800000,1.05267,1.05305,1.05238,1.05263,6707.2002
1733864400000,1.05264,1.05287,1.05236,1.05268,2474.79
1733868000000,1.05261,1.05283,1.0526,1.05281,257.23
1733871600000,1.05282,1.05318,1.0528,1.05311,1918.22
1733875200000,1.05312,1.05323,1.05276,1.05288,5102.5801
1733878800000,1.05288,1.05355,1.05281,1.05346,9932.2598
1733882400000,1.05345,1.05393,1.0533,1.05368,7916.4302
1733886000000,1.05369,1.05376,1.05277,1.05282,7993.4199
1733889600000,1.05281,1.05303,1.05204,1.05245,6263.3501
1733893200000,1.05245,1.05269,1.05209,1.05239,6634.1099
1733896800000,1.05239,1.05279,1.05224,1.05259,7362.1299
1733900400000,1.0526,1.05284,1.0488,1.04899,29243.25
1733904000000,1.049,1.05124,1.04896,1.05055,14926.29
1733907600000,1.05055,1.05097,1.04964,1.05005,22489.6797
1733911200000,1.05004,1.05014,1.0487,1.0495,16367.71
1733914800000,1.04949,1.05052,1.04901,1.05033,12972.6504
1733918400000,1.05033,1.05181,1.05,1.0503,15601.71
1733922000000,1.05032,1.05373,1.05027,1.05241,36555.1094
1733925600000,1.05238,1.05291,1.0494,1.05007,34426.5
1733929200000,1.05007,1.05081,1.04802,1.04906,28833.0703
1733932800000,1.04907,1.05119,1.04852,1.05078,17420.7793
1733936400000,1.05079,1.05116,1.04861,1.04876,13086.9805
1733940000000,1.04876,1.04999,1.04832,1.04845,16330.3203
1733943600000,1.04844,1.04941,1.04816,1.04911,10383.7803
1733947200000,1.04912,1.04953,1.04882,1.04926,6291.5498
1733950800000,1.04926,1.04972,1.04925,1.04933,2643.21
1733954400000,1.04935,1.04971,1.04904,1.04962,1630.48
1733958000000,1.04962,1.05064,1.04962,1.05061,1205.38
1733961600000,1.05057,1.05066,1.05023,1.05036,2921.54
1733965200000,1.05064,1.05087,1.05032,1.0506,2848.5
1733968800000,1.05061,1.05072,1.05019,1.05033,3086.9099
1733972400000,1.05033,1.05085,1.05009,1.05053,2105.77
1733976000000,1.05052,1.0509,1.05043,1.05089,1743.66
1733979600000,1.0509,1.05095,1.05034,1.05064,3269.8501
1733983200000,1.05065,1.05141,1.05044,1.0514,2893.9199
1733986800000,1.0514,1.05308,1.05126,1.05163,10340.2598
1733990400000,1.05162,1.05207,1.05046,1.05091,12197.4004
1733994000000,1.0509,1.05171,1.05054,1.051,4920.8501
1733997600000,1.051,1.05141,1.04952,1.04965,6491.6802
1734001200000,1.04965,1.05076,1.04942,1.05025,7309.52
1734004800000,1.05025,1.0504,1.04889,1.0489,6214.3198
1734008400000,1.04892,1.05019,1.04694,1.04846,21962.7207
1734012000000,1.0485,1.05203,1.0472,1.05193,32475.0605
1734015600000,1.05195,1.05209,1.04637,1.04728,40355.25
1734019200000,1.04727,1.05157,1.04718,1.05132,25277.4102
1734022800000,1.05132,1.05174,1.04951,1.05006,17123.5
1734026400000,1.05007,1.05024,1.0482,1.04823,15761.5303
1734030000000,1.04822,1.04851,1.04724,1.04726,10451.0303
1734033600000,1.04725,1.04746,1.04646,1.04671,7819.6201
1734037200000,1.04672,1.0472,1.04641,1.04663,3127.98
1734040800000,1.04653,1.04712,1.04653,1.04702,1562.53
1734044400000,1.04701,1.04739,1.04645,1.04736,2679.22
1734048000000,1.04736,1.04805,1.047,1.04793,8482.8799
1734051600000,1.04794,1.04808,1.04633,1.04651,5909.6001
1734055200000,1.04652,1.04667,1.04601,1.04606,4735.1499
1734058800000,1.04606,1.0465,1.04595,1.04602,2621.73
1734062400000,1.04602,1.04635,1.04562,1.04634,2063.49
1734066000000,1.04636,1.04657,1.04603,1.04652,2473.5801
1734069600000,1.04653,1.04661,1.04566,1.04656,2915.51
1734073200000,1.04655,1.04655,1.04531,1.04592,8158.4902
1734076800000,1.04592,1.04717,1.04562,1.04687,7959.73
1734080400000,1.04686,1.0494,1.04663,1.04871,7081.1899
1734084000000,1.04873,1.04958,1.04834,1.0487,20796.7793
1734087600000,1.0487,1.04944,1.04863,1.04887,5768.6401
1734091200000,1.04887,1.05193,1.04879,1.05159,9201.2002
1734094800000,1.05161,1.05241,1.05089,1.05102,16756.1191
1734098400000,1.05102,1.05103,1.04885,1.04906,10129.2305
1734102000000,1.04904,1.04954,1.04822,1.0489,12864.0801
1734105600000,1.0489,1.0506,1.04868,1.04977,13832.7402
1734109200000,1.04978,1.05042,1.04912,1.04963,10969.4902
1734112800000,1.04964,1.04986,1.04891,1.04958,9670.1699
1734116400000,1.04958,1.05024,1.04919,1.04946,6506.46
1734120000000,1.04949,1.04975,1.04927,1.0497,5233.6499
1734123600000,1.04971,1.05045,1.04958,1.05017,3263.77
1734300000000,1.04854,1.05008,1.04847,1.04931,3483.6121
1734303600000,1.04953,1.05107,1.04953,1.05096,4620.7598
1734307200000,1.05095,1.05189,1.05091,1.05143,6499.0601
1734310800000,1.05143,1.05213,1.05123,1.05188,9748.2803
1734314400000,1.05189,1.05228,1.05097,1.05124,7793.5898
1734318000000,1.05125,1.05152,1.05097,1.05117,6024.3101
1734321600000,1.05119,1.05164,1.05118,1.05159,4641.21
1734325200000,1.05159,1.05214,1.05157,1.05196,4799.7202
1734328800000,1.05196,1.05206,1.05116,1.05135,6674.7798
1734332400000,1.05136,1.05208,1.05043,1.05048,12918.9004
1734336000000,1.05048,1.05247,1.05002,1.05083,24504.7695
1734339600000,1.0509,1.0521,1.05035,1.0505,17990.1699
1734343200000,1.05051,1.05062,1.04884,1.0489,7976.0801
1734346800000,1.0489,1.04924,1.04833,1.04906,3819.0901
1734350400000,1.04906,1.04999,1.04898,1.04906,7938.8599
1734354000000,1.04906,1.05081,1.04904,1.05075,13320.0703
1734357600000,1.05075,1.05081,1.04745,1.04825,15399.6904
1734361200000,1.04827,1.05127,1.04826,1.05065,16639.9902
1734364800000,1.05066,1.05131,1.04951,1.05113,14200.0898
1734368400000,1.05113,1.05205,1.05055,1.05111,8334.7998
1734372000000,1.05112,1.05216,1.05058,1.05206,4847.27
1734375600000,1.05205,1.05226,1.05065,1.05099,4288.1401
1734379200000,1.05099,1.05111,1.05066,1.05081,3366.24
1734382800000,1.05082,1.05155,1.05068,1.05094,1657.99
1734386400000,1.05094,1.05113,1.05073,1.05085,1369.2527
1734390000000,1.05086,1.05185,1.05086,1.0517,1181.01
1734393600000,1.0517,1.05343,1.05149,1.05287,4020.1499
1734397200000,1.05291,1.05299,1.05188,1.05214,3491.24
1734400800000,1.05212,1.05267,1.05167,1.05172,4286.6299
1734404400000,1.05171,1.05194,1.05113,1.05122,2639.49
1734408000000,1.05123,1.05125,1.05078,1.05081,1967.55
1734411600000,1.05081,1.051,1.05026,1.05046,3565.9399
1734415200000,1.05046,1.05077,1.04975,1.05028,4367.8398
1734418800000,1.05028,1.05091,1.04956,1.04975,6397.9702
1734422400000,1.04974,1.05003,1.04851,1.04891,9373.5996
1734426000000,1.0489,1.0489,1.04804,1.04852,13589.9902
1734429600000,1.04854,1.04896,1.0479,1.0488,11771.4297
1734433200000,1.0488,1.0494,1.04839,1.04913,7064.79
1734436800000,1.04913,1.05016,1.04882,1.05012,5341.9102
1734440400000,1.05013,1.05066,1.04919,1.05047,11377.7002
1734444000000,1.05046,1.05115,1.04977,1.05049,12195.7305
1734447600000,1.0505,1.05093,1.04957,1.04989,14135.6396
1734451200000,1.04989,1.05061,1.04945,1.05051,7716.1099
1734454800000,1.05051,1.05159,1.0498,1.04996,9382.8096
1734458400000,1.04996,1.05041,1.04901,1.04934,5972.4702
1734462000000,1.04934,1.04952,1.04879,1.04883,3688.99
1734465600000,1.04883,1.04906,1.04851,1.04881,3276.6699
1734469200000,1.0488,1.04928,1.04866,1.04903,1521.8199
1734472800000,1.04904,1.04944,1.049,1.04918,789.86
1734476400000,1.0492,1.04952,1.04917,1.04944,1013.8
1734480000000,1.04943,1.05027,1.04928,1.04992,2484.1499
1734483600000,1.04991,1.05027,1.04955,1.05021,3012.05
1734487200000,1.05025,1.05037,1.04962,1.05009,3048.96
1734490800000,1.05008,1.05027,1.04987,1.0499,3062.29
1734494400000,1.04989,1.05056,1.0496,1.0503,2742.6899
1734498000000,1.05029,1.05046,1.05002,1.05022,2140.8701
1734501600000,1.05022,1.05118,1.05014,1.05111,2749.9399
1734505200000,1.05113,1.05127,1.04935,1.04968,6340.77
1734508800000,1.04967,1.04989,1.04874,1.04932,6910.0898
1734512400000,1.04931,1.04984,1.04911,1.04941,6092.9199
1734516000000,1.04942,1.05002,1.0489,1.04985,5314.8398
1734519600000,1.04986,1.05034,1.04946,1.04966,5285.71
1734523200000,1.04966,1.05019,1.04857,1.04905,6240.3101
1734526800000,1.04905,1.04985,1.04825,1.04919,11501.5098
1734530400000,1.04919,1.05032,1.04873,1.04964,13348.5596
1734534000000,1.04964,1.04987,1.047,1.04738,17780.2109
1734537600000,1.04738,1.04809,1.04671,1.0469,11232.6797
1734541200000,1.04691,1.048,1.04688,1.04753,8214.0303
1734544800000,1.04754,1.04924,1.04736,1.04864,5908.21
1734548400000,1.04857,1.04857,1.03732,1.03774,33246.2813
1734552000000,1.03774,1.03803,1.03439,1.03649,27294.1797
1734555600000,1.0365,1.03758,1.03483,1.03513,6196.6299
1734559200000,1.03507,1.03535,1.03472,1.03504,1639.2
1734562800000,1.03503,1.03605,1.03473,1.03506,3315.4299
1734566400000,1.03506,1.03799,1.03504,1.03729,6482.0298
1734570000000,1.03732,1.03798,1.0371,1.03781,5737.75
1734573600000,1.03783,1.03905,1.03724,1.039,5490.8999
1734577200000,1.039,1.03909,1.03744,1.03782,4439.21
1734580800000,1.03781,1.03821,1.03749,1.03789,3364.9199
1734584400000,1.03789,1.03855,1.0376,1.0382,4565.9902
1734588000000,1.03819,1.0388,1.03772,1.03851,6329.1699
1734591600000,1.03851,1.04094,1.03849,1.03949,10475.3604
1734595200000,1.03949,1.04092,1.03904,1.04083,14847.1504
1734598800000,1.04083,1.04222,1.0408,1.04124,16760.8809
1734602400000,1.04123,1.04158,1.04041,1.04052,10447.0195
1734606000000,1.04051,1.04152,1.03999,1.04034,10934.2598
1734609600000,1.04035,1.04102,1.03907,1.03935,24637.7695
1734613200000,1.03934,1.04139,1.03858,1.03989,24233.3301
1734616800000,1.03988,1.04072,1.03939,1.03955,17913.5098
1734620400000,1.03955,1.04018,1.03767,1.03799,24195.1895
1734624000000,1.03798,1.03843,1.03561,1.03566,19397.9805
1734627600000,1.03567,1.03762,1.03545,1.03615,19633.3496
1734631200000,1.03616,1.03754,1.03552,1.0374,18198.5
1734634800000,1.0374,1.03772,1.03612,1.03613,9766.4902
1734638400000,1.03614,1.03691,1.03586,1.03681,9111.0596
1734642000000,1.03679,1.03681,1.03605,1.03605,2190.73
1734645600000,1.03599,1.03654,1.03599,1.03647,845.38
1734649200000,1.03649,1.03653,1.03608,1.03643,1647.08
1734652800000,1.03644,1.03692,1.03616,1.03651,3333.74
1734656400000,1.0365,1.03675,1.03587,1.03633,4911.2998
1734660000000,1.03632,1.03647,1.036,1.03634,3338.8401
1734663600000,1.03634,1.03656,1.0359,1.03618,3072.1399
1734667200000,1.03619,1.03629,1.03583,1.03587,2345.5601
1734670800000,1.03587,1.03666,1.03566,1.03662,2837.0901
1734674400000,1.03662,1.03773,1.03429,1.03747,8702.6904
1734678000000,1.03748,1.03853,1.03724,1.03828,9053.1904
1734681600000,1.03828,1.03983,1.0378,1.03921,10086.5898
1734685200000,1.03921,1.03922,1.03759,1.03828,11788.1904
1734688800000,1.03828,1.03931,1.03813,1.03917,12043.7197
1734692400000,1.03917,1.03974,1.03796,1.03915,17107.9707
1734696000000,1.03916,1.04002,1.03879,1.03895,16996.2598
1734699600000,1.03895,1.0419,1.03877,1.04073,24199.6992
1734703200000,1.04072,1.04088,1.0386,1.03934,22785.6602
1734706800000,1.03944,1.04073,1.0391,1.03967,26123.1406
1734710400000,1.03967,1.04354,1.03959,1.04281,20971.1602
1734714000000,1.04282,1.04448,1.04256,1.04285,32363.9297
1734717600000,1.04284,1.04429,1.04222,1.04368,15364.3701
1734721200000,1.04367,1.04474,1.04339,1.04447,11387.6104
1734724800000,1.04446,1.04471,1.04285,1.04287,10266.9404
1734728400000,1.04287,1.04336,1.04219,1.04254,6261.7202
1734904800000,1.04308,1.04451,1.04279,1.04318,1578.29
1734908400000,1.04325,1.04432,1.04302,1.04336,5970.5298
1734912000000,1.04335,1.04365,1.04306,1.04318,5501.73
1734915600000,1.04319,1.04381,1.04268,1.04358,3471.8201
1734919200000,1.04359,1.04431,1.04358,1.04406,3028.72
1734922800000,1.04406,1.04425,1.04383,1.04392,1970.13
1734926400000,1.04391,1.04452,1.04387,1.04429,2775.6101
1734930000000,1.04429,1.04443,1.04394,1.04401,3246.8201
1734933600000,1.04401,1.04421,1.04332,1.04339,7273.2002
1734937200000,1.0434,1.04367,1.04112,1.04127,14143.6396
1734940800000,1.04126,1.04187,1.04072,1.0418,14923.0098
1734944400000,1.04179,1.04195,1.04072,1.04077,11811.0195
1734948000000,1.04077,1.04096,1.03867,1.03898,14913.0801
1734951600000,1.03897,1.04011,1.03874,1.03999,8531.6299
1734955200000,1.03999,1.04013,1.03856,1.03954,15116.25
1734958800000,1.03954,1.04028,1.03882,1.03994,20867.0996
1734962400000,1.03996,1.04084,1.03915,1.03932,19922.7695
1734966000000,1.03935,1.03966,1.03842,1.03908,22624.5508
1734969600000,1.03908,1.04101,1.03893,1.04077,13757.3896
1734973200000,1.04078,1.04179,1.03964,1.03976,8955.0098
1734976800000,1.03977,1.04123,1.03976,1.04088,5360.8799
1734980400000,1.04086,1.04124,1.03992,1.04114,3934
1734984000000,1.04113,1.04141,1.04032,1.04058,3646.76
1734987600000,1.04059,1.04079,1.0404,1.04044,1991.95
1734991200000,1.04043,1.04064,1.0403,1.04034,891.99
1734994800000,1.04035,1.04081,1.04034,1.0404,1386.48
1734998400000,1.04041,1.04045,1.03979,1.04003,1862.35
1735002000000,1.04003,1.04047,1.03997,1.04027,1829.65
1735005600000,1.04027,1.04086,1.03965,1.03997,2184.0601
1735009200000,1.03998,1.04003,1.03887,1.03908,2082.7
1735012800000,1.03909,1.0397,1.03908,1.03963,1608.73
1735016400000,1.03967,1.03976,1.03936,1.03969,3075.1599
1735020000000,1.03969,1.03984,1.03924,1.0396,4645.3398
1735023600000,1.03959,1.03985,1.03903,1.03904,8000.75
1735027200000,1.03906,1.04055,1.03901,1.03953,11284.3701
1735030800000,1.03952,1.03987,1.03902,1.0392,10007.7803
1735034400000,1.03919,1.03974,1.03891,1.03966,6396.5498
1735038000000,1.03965,1.04036,1.03915,1.03947,8575.0098
1735041600000,1.03949,1.04034,1.0389,1.03912,11498.4805
1735045200000,1.03912,1.04031,1.03894,1.04023,9039.5303
1735048800000,1.04023,1.04098,1.03954,1.04048,12072.8896
1735052400000,1.04048,1.04078,1.03906,1.03917,15751.2695
1735056000000,1.03916,1.03962,1.03874,1.03875,9839.9297
1735059600000,1.03875,1.03938,1.03835,1.03883,10128.9004
1735063200000,1.03882,1.0393,1.03867,1.03916,3244.2
1735066800000,1.03916,1.03977,1.039,1.0393,3471.1101
1735070400000,1.03934,1.04015,1.03886,1.03995,5325.1401
1735074000000,1.03993,1.04031,1.039,1.03912,3403.72
1735077600000,1.0386,1.03894,1.0386,1.03872,13.5
1735081200000,1.03861,1.03962,1.03861,1.03952,18.27
1735084800000,1.03952,1.04106,1.03952,1.04043,186.3
1735088400000,1.04043,1.04043,1.04008,1.04039,56.25
1735092000000,1.04045,1.04055,1.04017,1.04053,55.8
1735095600000,1.04053,1.04074,1.04027,1.0405,65.7
1735099200000,1.04051,1.04059,1.04051,1.04058,15.3
1735102800000,1.04037,1.04053,1.04008,1.04009,73.8
1735106400000,1.04009,1.04057,1.04,1.04024,114.75
1735110000000,1.04016,1.04083,1.0397,1.04004,366.18
1735164000000,1.04012,1.04055,1.03975,1.03999,1699.2
1735167600000,1.04001,1.04031,1.03951,1.03991,3221.6201
1735171200000,1.0399,1.04013,1.0393,1.03965,2389.1101
1735174800000,1.03964,1.04,1.03941,1.0397,4887.9702
1735178400000,1.0397,1.03999,1.03965,1.03987,2541.8301
1735182000000,1.03988,1.04042,1.03983,1.04009,2325.46
1735185600000,1.04007,1.04013,1.03977,1.03977,1789.97
1735189200000,1.03976,1.04027,1.03972,1.03977,2494.04
1735192800000,1.03975,1.04003,1.03967,1.03982,3598.3899
1735196400000,1.03981,1.04,1.03905,1.03976,7105.0801
1735200000000,1.03975,1.03986,1.03925,1.03948,5735.0498
1735203600000,1.03947,1.04001,1.03914,1.03991,3301.51
1735207200000,1.03992,1.0403,1.03981,1.04017,3343.24
1735210800000,1.04016,1.04021,1.03992,1.04012,3516.6399
1735214400000,1.04011,1.04013,1.03926,1.03995,9853.4404
1735218000000,1.03997,1.04057,1.03973,1.04026,11292.9297
1735221600000,1.04027,1.04044,1.03951,1.04022,10588.9502
1735225200000,1.04022,1.04151,1.03979,1.04089,15861.6201
1735228800000,1.04089,1.04228,1.04083,1.0422,11857.3203
1735232400000,1.04219,1.04225,1.04063,1.04119,11804.8203
1735236000000,1.04117,1.04301,1.04117,1.04209,7039.6201
1735239600000,1.04209,1.04233,1.04142,1.04175,5409.79
1735243200000,1.04175,1.04213,1.04154,1.04199,8444.9053
1735246800000,1.04199,1.04231,1.04188,1.04222,4176.4106
1735250400000,1.04174,1.04241,1.04146,1.04234,2442.9512
1735254000000,1.04235,1.0424,1.04208,1.04216,1819.58
1735257600000,1.04216,1.04237,1.04177,1.0418,2837.5
1735261200000,1.0418,1.04181,1.04121,1.04131,4343.4399
1735264800000,1.0413,1.04139,1.04079,1.04095,3654.8
1735268400000,1.04095,1.04127,1.04065,1.04125,2712.27
1735272000000,1.04126,1.04132,1.04078,1.0409,1800.49
1735275600000,1.0409,1.04112,1.04072,1.04092,4477.4102
1735279200000,1.04093,1.04123,1.04075,1.0412,7161.1099
1735282800000,1.04119,1.04248,1.04049,1.04218,13375.1104
1735286400000,1.04217,1.04257,1.04103,1.04123,16443.8301
1735290000000,1.04123,1.04179,1.0409,1.04167,11873.21
1735293600000,1.04167,1.04213,1.04116,1.04187,9977.3203
1735297200000,1.04185,1.04407,1.04185,1.04386,11207.2598
1735300800000,1.04387,1.0444,1.04281,1.04325,11640.1699
1735304400000,1.04325,1.04384,1.04286,1.04384,16875.6602
1735308000000,1.04386,1.04396,1.04245,1.04264,23966.9199
1735311600000,1.04265,1.04357,1.04157,1.04219,23323.1699
1735315200000,1.04219,1.04324,1.04207,1.04221,19451.6309
1735318800000,1.0422,1.04226,1.04144,1.04212,16694.6406
1735322400000,1.0421,1.04288,1.04207,1.04262,6422.3398
1735326000000,1.04261,1.04303,1.04237,1.04282,4310.8398
1735329600000,1.04283,1.04283,1.04227,1.04257,8518.9004
1735333200000,1.04255,1.04263,1.04216,1.04225,2322
1735509600000,1.04247,1.04309,1.04247,1.04307,1224.6801
1735513200000,1.04311,1.04346,1.0427,1.04292,1919.5699
1735516800000,1.04297,1.04311,1.04257,1.04274,2359.5901
1735520400000,1.04275,1.04308,1.0425,1.04254,2180.9099
1735524000000,1.04254,1.04275,1.0424,1.04255,1658.64
1735527600000,1.04256,1.04256,1.04208,1.04245,2059.3401
1735531200000,1.04245,1.0426,1.04243,1.04253,1403.39
1735534800000,1.04252,1.04267,1.04228,1.04251,3805.76
1735538400000,1.04251,1.04314,1.04251,1.04288,6149.6401
1735542000000,1.04287,1.04294,1.04209,1.04267,11694.7197
1735545600000,1.04266,1.04297,1.04093,1.04128,15184.7002
1735549200000,1.04127,1.04393,1.04109,1.04338,13584.2402
1735552800000,1.04337,1.0444,1.04327,1.04383,16864.9902
1735556400000,1.04383,1.04521,1.04368,1.04479,11937.9502
1735560000000,1.0448,1.04583,1.0439,1.04493,13870.7695
1735563600000,1.04495,1.04518,1.03851,1.03878,23860.2207
1735567200000,1.0388,1.04088,1.03799,1.04052,22523.0391
1735570800000,1.04052,1.04056,1.03717,1.03804,25963.3594
1735574400000,1.03803,1.03914,1.03747,1.03857,15093.8398
1735578000000,1.03858,1.03953,1.03845,1.03941,10491.46
1735581600000,1.03942,1.0407,1.03937,1.04044,4835.2598
1735585200000,1.04044,1.04053,1.0396,1.03965,4697.2998
1735588800000,1.03966,1.04051,1.03951,1.03987,4838.5098
1735592400000,1.03993,1.04069,1.03982,1.04069,1848.5
1735596000000,1.04069,1.04071,1.03991,1.04043,1073.01
1735599600000,1.04045,1.04059,1.03987,1.04056,1301.4
1735603200000,1.04057,1.04058,1.03969,1.04034,1892.95
1735606800000,1.04035,1.04131,1.04022,1.04119,4565.2202
1735610400000,1.04119,1.04148,1.04079,1.04125,3554.71
1735614000000,1.04125,1.04134,1.04072,1.04085,2382.8501
1735617600000,1.04084,1.04091,1.04037,1.04041,2157.3601
1735621200000,1.04042,1.04075,1.04025,1.04038,1959.02
1735624800000,1.04038,1.04059,1.03996,1.04038,3142.02
1735628400000,1.04039,1.04129,1.04023,1.04118,4995.6001
1735632000000,1.0412,1.042,1.04058,1.04183,7293.46
1735635600000,1.04182,1.04243,1.04117,1.04185,8446.9004
1735639200000,1.04184,1.04199,1.04051,1.04128,9522.4404
1735642800000,1.04129,1.04193,1.04053,1.04103,8431.4502
1735646400000,1.04103,1.04143,1.03912,1.03927,13090.0596
1735650000000,1.03927,1.03973,1.03834,1.03927,21794.3496
1735653600000,1.03929,1.03942,1.03747,1.03758,23462.8809
1735657200000,1.03758,1.03891,1.03525,1.03547,18187.8496
1735660800000,1.03548,1.03611,1.03467,1.03502,10362.6504
1735664400000,1.03503,1.03549,1.0344,1.03485,10213.7695
1735668000000,1.03485,1.03566,1.03454,1.03529,5256.4502
1735671600000,1.03529,1.03646,1.03516,1.03547,4352.1099
1735675200000,1.03547,1.0363,1.03544,1.03583,2691.79
1735678800000,1.03584,1.03609,1.03526,1.03526,1807.77
1735768800000,1.03503,1.03577,1.03483,1.0355,1443.22
1735772400000,1.0355,1.03563,1.03462,1.03507,4447.3701
1735776000000,1.03508,1.03564,1.03472,1.0352,3681.3701
1735779600000,1.03521,1.03606,1.03442,1.03578,5012.4502
1735783200000,1.03577,1.03712,1.03577,1.03709,2791.47
1735786800000,1.03711,1.0374,1.03682,1.03715,2841.4299
1735790400000,1.03716,1.03756,1.03664,1.03692,3258.29
1735794000000,1.03693,1.03706,1.03617,1.03638,3270.95
1735797600000,1.03637,1.0365,1.03599,1.03637,4088.8799
1735801200000,1.03637,1.03723,1.03623,1.03627,7887.04
1735804800000,1.03628,1.03709,1.03461,1.03627,10541.2598
1735808400000,1.03626,1.03701,1.03493,1.03515,8305.8203
1735812000000,1.03514,1.03568,1.03135,1.03168,11754.0098
1735815600000,1.03166,1.0334,1.0315,1.03321,8416.75
1735819200000,1.03321,1.03342,1.03148,1.03182,7464.6099
1735822800000,1.03181,1.03296,1.03112,1.03133,13737.75
1735826400000,1.03134,1.03239,1.03021,1.03038,21387.2402
1735830000000,1.03037,1.03087,1.02725,1.02741,37011.2109
1735833600000,1.0274,1.02762,1.02237,1.02611,30637.3301
1735837200000,1.02611,1.02679,1.02513,1.02648,9298.4805
1735840800000,1.02651,1.02662,1.02557,1.02563,5043.25
1735844400000,1.02563,1.02595,1.02477,1.0251,4391.6802
1735848000000,1.02511,1.02645,1.02506,1.02613,3247.97
1735851600000,1.02613,1.02687,1.02612,1.0264,1650.76
1735855200000,1.0264,1.02666,1.02612,1.02651,2020.85
1735858800000,1.0265,1.0268,1.02646,1.02678,1484.13
1735862400000,1.02679,1.02734,1.02659,1.02729,1831.17
1735866000000,1.02728,1.02728,1.02665,1.02674,2175.54
1735869600000,1.02674,1.02745,1.02668,1.02722,2348.2
1735873200000,1.02723,1.02743,1.02687,1.02707,1720.3
1735876800000,1.02706,1.02709,1.0267,1.02695,1501.11
1735880400000,1.02696,1.02736,1.02646,1.02717,1851.39
1735884000000,1.02717,1.02793,1.02715,1.0279,1726.77
1735887600000,1.0279,1.02847,1.02687,1.02807,7476.2998
1735891200000,1.02806,1.0288,1.02729,1.02803,8555.5303
1735894800000,1.02803,1.02999,1.02802,1.02901,14081.7002
1735898400000,1.02901,1.02938,1.02791,1.02813,9738.9902
1735902000000,1.02813,1.03028,1.02813,1.02972,5904.8701
1735905600000,1.02971,1.03009,1.02942,1.02956,7084.0801
1735909200000,1.02958,1.03001,1.02915,1.02931,8744.2402
1735912800000,1.02931,1.03023,1.0288,1.03002,9042.2402
1735916400000,1.03001,1.03057,1.02729,1.02891,16277.8096
1735920000000,1.02891,1.02997,1.02835,1.02907,6981.54
1735923600000,1.02908,1.03057,1.02908,1.02979,7008.8198
1735927200000,1.02979,1.03021,1.02924,1.02973,7054.6299
1735930800000,1.02971,1.03059,1.02937,1.03012,2719.23
1735934400000,1.03011,1.03075,1.02987,1.03059,2875.47
1735938000000,1.03058,1.03099,1.03047,1.03066,2169.95
1736114400000,1.03015,1.03062,1.02932,1.03009,943.34
1736118000000,1.03009,1.0308,1.03009,1.03051,1317.5
1736121600000,1.03051,1.03053,1.02955,1.03031,3089.95
1736125200000,1.03031,1.03136,1.03012,1.03123,3216.4199
1736128800000,1.03123,1.03177,1.03107,1.0316,2911.9399
1736132400000,1.0316,1.03182,1.0313,1.03163,1958.95
1736136000000,1.03162,1.03175,1.03128,1.03151,1553.36
1736139600000,1.03151,1.03181,1.03084,1.03088,2980.8301
1736143200000,1.03087,1.03165,1.03076,1.03125,3476.02
1736146800000,1.03127,1.03284,1.03099,1.03272,5211.6299
1736150400000,1.03274,1.03525,1.03267,1.035,10591.8398
1736154000000,1.03499,1.03688,1.03401,1.03554,12552.3203
1736157600000,1.03556,1.0358,1.0335,1.0335,6599.8799
1736161200000,1.03349,1.04325,1.03287,1.04217,27467.5703
1736164800000,1.04218,1.04305,1.0392,1.04108,15153.5898
1736168400000,1.04112,1.04367,1.04043,1.04167,16759.9902
1736172000000,1.04168,1.04237,1.03527,1.03925,39136.0508
1736175600000,1.03925,1.03987,1.03712,1.03935,31925.1309
1736179200000,1.03936,1.04027,1.03854,1.03967,20431.3496
1736182800000,1.03968,1.03968,1.03793,1.03873,15087.25
1736186400000,1.03873,1.03892,1.0377,1.03818,5131.5601
1736190000000,1.03819,1.03917,1.03788,1.03882,4898.73
1736193600000,1.03883,1.03919,1.03859,1.03877,3984.5701
1736197200000,1.03879,1.03921,1.0386,1.03895,2118.3999
1736200800000,1.03893,1.03909,1.0385,1.0389,1152.0699
1736204400000,1.0389,1.03901,1.03816,1.03831,1880.37
1736208000000,1.03831,1.03853,1.03771,1.03842,2284.8899
1736211600000,1.03841,1.03846,1.03761,1.03811,3323.52
1736215200000,1.03811,1.03853,1.03799,1.03822,2792.3301
1736218800000,1.03821,1.03929,1.038,1.03927,2262.1599
1736222400000,1.03927,1.03943,1.03905,1.03917,1380.39
1736226000000,1.03918,1.04031,1.03909,1.03967,2898.51
1736229600000,1.03967,1.04041,1.03963,1.03974,3076.5901
1736233200000,1.03975,1.04244,1.03975,1.04145,8478.3301
1736236800000,1.04147,1.04253,1.04031,1.0425,11938.9102
1736240400000,1.04252,1.04342,1.0424,1.04274,7876.9902
1736244000000,1.04274,1.04343,1.04166,1.04278,10947.1396
1736247600000,1.04278,1.04282,1.04051,1.04133,12060.7305
1736251200000,1.04134,1.04168,1.03871,1.03892,25225.0801
1736254800000,1.03891,1.04052,1.03866,1.03965,17976.2402
1736258400000,1.03965,1.03975,1.03892,1.03925,24471.9395
1736262000000,1.03929,1.03929,1.03551,1.03727,54210.7695
1736265600000,1.03727,1.03811,1.03625,1.03681,26774.1504
1736269200000,1.03681,1.03738,1.03537,1.03667,11025.8398
1736272800000,1.03666,1.03692,1.03493,1.03543,9842.0898
1736276400000,1.03543,1.03596,1.0352,1.03551,7712.2002
1736280000000,1.0355,1.0356,1.0344,1.03443,10007.6299
1736283600000,1.03443,1.03443,1.03394,1.03394,2769.98
1736287200000,1.03395,1.03426,1.03388,1.03421,997.71
1736290800000,1.03421,1.03449,1.03391,1.03415,3226.4099
1736294400000,1.03416,1.03492,1.03416,1.03467,7370.7402
1736298000000,1.03468,1.03529,1.03452,1.03528,7333.77
1736301600000,1.03529,1.03547,1.03514,1.03541,4801.6499
1736305200000,1.03541,1.03541,1.03462,1.03477,4054.1799
1736308800000,1.03476,1.0352,1.03474,1.03512,3366.99
1736312400000,1.03512,1.03557,1.03495,1.03549,3712.01
1736316000000,1.03549,1.03575,1.03461,1.03512,7154.8701
1736319600000,1.03512,1.03513,1.03285,1.03324,20824.1699
1736323200000,1.03324,1.03397,1.03179,1.03187,21105.9805
1736326800000,1.03187,1.03263,1.03154,1.03194,18799.0098
1736330400000,1.03193,1.03211,1.031,1.03191,11658.0703
1736334000000,1.03189,1.03198,1.02731,1.02976,29997.3906
1736337600000,1.02975,1.03001,1.02808,1.02827,26657.0898
1736341200000,1.02825,1.03042,1.02808,1.03033,39099.5117
1736344800000,1.03033,1.03075,1.0289,1.02914,23381.4199
1736348400000,1.02913,1.03098,1.02913,1.03016,25304.7305
1736352000000,1.03017,1.03144,1.02944,1.03125,20954.0801
1736355600000,1.03127,1.03133,1.02982,1.03053,17047.5195
1736359200000,1.03053,1.03158,1.03053,1.03124,6284.73
1736362800000,1.03126,1.03242,1.03081,1.0309,6518.8501
1736366400000,1.03091,1.03167,1.03079,1.0316,3777.6699
1736370000000,1.03161,1.03196,1.03146,1.03178,1393.65
1736373600000,1.03178,1.03181,1.03156,1.03178,584.34
1736377200000,1.03178,1.03186,1.03132,1.03132,1012.17
1736380800000,1.03133,1.03147,1.03049,1.03131,6156.7598
1736384400000,1.03131,1.03173,1.03114,1.03143,6888.0498
1736388000000,1.03144,1.032,1.03141,1.03165,4782.0098
1736391600000,1.03165,1.03214,1.03108,1.0311,4884.1699
1736395200000,1.03109,1.03123,1.03056,1.0309,4975.4902
1736398800000,1.03089,1.03125,1.03053,1.03066,6677.79
1736402400000,1.03065,1.03082,1.0297,1.03002,9647.5303
1736406000000,1.03001,1.03082,1.02877,1.02909,13921.1104
1736409600000,1.0291,1.03076,1.02836,1.03076,22986.5703
1736413200000,1.03077,1.03175,1.03031,1.03056,14935.0996
1736416800000,1.03057,1.03124,1.02996,1.03029,14578.8496
1736420400000,1.0303,1.03044,1.02968,1.03011,15651.1504
1736424000000,1.03011,1.03049,1.02959,1.03034,10193.4902
1736427600000,1.03034,1.0319,1.03008,1.03078,11693.0703
1736431200000,1.03078,1.03145,1.03052,1.03073,14999.1602
1736434800000,1.03073,1.03095,1.02947,1.02992,11431.1104
1736438400000,1.02993,1.0301,1.0291,1.02972,10411.8496
1736442000000,1.02973,1.03017,1.02937,1.02974,7665.4502
1736445600000,1.02972,1.03024,1.02939,1.03001,4984.6201
1736449200000,1.03002,1.0302,1.02977,1.02979,3085.79
1736452800000,1.0298,1.03035,1.0298,1.03011,2238.1399
1736456400000,1.0301,1.0301,1.0299,1.0299,2268.5701
1736460000000,1.0299,1.03015,1.02959,1.03006,1445.91
1736463600000,1.03007,1.03013,1.02956,1.02964,1733.53
1736467200000,1.02965,1.03002,1.0292,1.02954,2592.9099
1736470800000,1.02953,1.03044,1.02935,1.03018,2323.3799
1736474400000,1.03018,1.03037,1.02983,1.03016,1504.52
1736478000000,1.03015,1.03032,1.02977,1.02985,1364.64
1736481600000,1.02983,1.02998,1.02935,1.0295,1356.0601
1736485200000,1.0295,1.02974,1.02847,1.02857,4540.1802
1736488800000,1.02858,1.02882,1.02812,1.02817,8059.6401
1736492400000,1.02817,1.02972,1.02811,1.0297,9771.6797
1736496000000,1.02971,1.03118,1.02927,1.03027,17725.7207
1736499600000,1.03027,1.03058,1.0299,1.02998,12431.4502
1736503200000,1.02999,1.03057,1.02997,1.03021,10270.2695
1736506800000,1.03021,1.03052,1.02988,1.03016,10371.1904
1736510400000,1.03016,1.03093,1.02992,1.03055,7453.6201
1736514000000,1.03054,1.03118,1.02127,1.02563,45832.7891
1736517600000,1.02563,1.02727,1.02442,1.02522,50314.2813
1736521200000,1.02522,1.02787,1.02361,1.02503,25155.5195
1736524800000,1.02503,1.02511,1.02275,1.02373,13971.0703
1736528400000,1.02373,1.02506,1.02329,1.02445,10350.5596
1736532000000,1.02444,1.0246,1.02359,1.02415,11503.6299
1736535600000,1.02417,1.02489,1.02348,1.02454,11224.3496
1736539200000,1.02454,1.02458,1.0237,1.02446,8372.5498
1736542800000,1.02445,1.02488,1.024,1.024,3814.1101
1736719200000,1.02357,1.02464,1.02357,1.02462,1283.6801
1736722800000,1.02461,1.02468,1.02387,1.02429,4563.6401
1736726400000,1.0243,1.02452,1.02364,1.02424,8104.3701
1736730000000,1.02424,1.02499,1.02392,1.02417,10544.9805
1736733600000,1.02417,1.02451,1.02384,1.02401,6706.6602
1736737200000,1.02402,1.02404,1.02128,1.02153,11443.6797
1736740800000,1.02154,1.02198,1.02076,1.02117,8623.7197
1736744400000,1.02116,1.02203,1.02102,1.02194,7581.9702
1736748000000,1.02193,1.02248,1.02143,1.02173,9911.7998
1736751600000,1.02166,1.02235,1.02074,1.02152,18901.3008
1736755200000,1.02151,1.02312,1.02136,1.02215,29641.3594
1736758800000,1.02214,1.02239,1.01772,1.01932,26617.5996
1736762400000,1.01931,1.02074,1.01926,1.02019,9146.79
1736766000000,1.02018,1.0204,1.0186,1.01958,8691.1299
1736769600000,1.01958,1.02061,1.01878,1.02027,8593.3496
1736773200000,1.02027,1.02207,1.01964,1.02083,11349.8398
1736776800000,1.02083,1.02126,1.02003,1.0208,18604.7891
1736780400000,1.02082,1.02088,1.01957,1.01968,13650.96
1736784000000,1.01969,1.02174,1.01916,1.0208,8826.8701
1736787600000,1.02081,1.02195,1.0207,1.02178,7058.5298
1736791200000,1.02179,1.02213,1.02122,1.02161,5351.3799
1736794800000,1.02159,1.02161,1.02071,1.02071,4651.5498
1736798400000,1.02071,1.02175,1.02069,1.02165,3025.3201
1736802000000,1.02167,1.02466,1.02163,1.02441,2955.1001
1736805600000,1.02441,1.02727,1.02371,1.02581,4008.22
1736809200000,1.02581,1.02774,1.02507,1.02639,4519.4399
1736812800000,1.02637,1.02637,1.02457,1.02478,5254.3501
1736816400000,1.0248,1.02499,1.02411,1.0249,5679.9702
1736820000000,1.0249,1.02502,1.02384,1.02446,5031.5601
1736823600000,1.02445,1.02552,1.02438,1.02486,3258.73
1736827200000,1.02485,1.0255,1.02451,1.02502,2179.3201
1736830800000,1.02501,1.02516,1.02422,1.02447,3351.6599
1736834400000,1.02452,1.02532,1.02451,1.02526,4204.1099
1736838000000,1.02527,1.0266,1.02499,1.02543,9184.1396
1736841600000,1.02544,1.02748,1.02529,1.02614,11996.7197
1736845200000,1.02613,1.02664,1.02535,1.02595,10291.9004
1736848800000,1.02595,1.02635,1.02519,1.02599,7641.6602
1736852400000,1.02598,1.02631,1.02524,1.0254,6040.4502
1736856000000,1.0254,1.02551,1.02394,1.02479,9284.4004
1736859600000,1.02478,1.02731,1.02421,1.02531,30389.4297
1736863200000,1.02531,1.02748,1.02435,1.0268,27563.3594
1736866800000,1.02682,1.02958,1.0263,1.02949,17813.2109
1736870400000,1.02948,1.03043,1.02828,1.02914,12349.3301
1736874000000,1.02913,1.02913,1.0279,1.02882,7005.0098
1736877600000,1.02881,1.03003,1.02867,1.02992,4729.6099
1736881200000,1.02992,1.03054,1.02963,1.02981,3229.0601
1736884800000,1.02981,1.03086,1.02965,1.03018,3945.3101
1736888400000,1.03019,1.03082,1.03007,1.03076,2254.02
1736892000000,1.03074,1.03074,1.03017,1.03069,1038.6899
1736895600000,1.03068,1.03081,1.03023,1.03062,1545.4
1736899200000,1.03061,1.03061,1.02997,1.03011,2530.3701
1736902800000,1.03012,1.03048,1.02978,1.03,3483.8201
1736906400000,1.03,1.03014,1.02953,1.0297,3035.4399
1736910000000,1.0297,1.03021,1.02963,1.03019,2233.49
1736913600000,1.03019,1.03025,1.02975,1.03023,2042.48
1736917200000,1.03022,1.03052,1.02925,1.02932,3160.8701
1736920800000,1.0293,1.02986,1.02919,1.02961,2795.29
1736924400000,1.02963,1.03081,1.02866,1.03058,12306.1904
1736928000000,1.03058,1.03171,1.02942,1.02964,12446.9805
1736931600000,1.02964,1.03131,1.0296,1.03098,8290.3096
1736935200000,1.03098,1.0314,1.03007,1.03075,8718.1104
1736938800000,1.03075,1.03122,1.02995,1.03011,11448.7402
1736942400000,1.0301,1.03066,1.02934,1.02997,8426.7305
1736946000000,1.02996,1.03544,1.02961,1.03444,37378.4102
1736949600000,1.03444,1.03456,1.03251,1.03271,36927.0391
1736953200000,1.03271,1.03309,1.02988,1.03061,24703.3809
1736956800000,1.0306,1.03077,1.0259,1.02811,27043.6797
1736960400000,1.02813,1.02931,1.02809,1.02855,8851.7598
1736964000000,1.0286,1.02929,1.02843,1.02921,5383.4399
1736967600000,1.02923,1.02946,1.02892,1.02932,3082.8101
1736971200000,1.02931,1.02988,1.02902,1.02958,3066.6799
1736974800000,1.02959,1.02962,1.0288,1.0288,2111.73
1736978400000,1.02892,1.02939,1.0288,1.02921,991.75
1736982000000,1.02923,1.02954,1.02906,1.0295,2564.3501
1736985600000,1.0295,1.02998,1.02848,1.02988,3910.46
1736989200000,1.0299,1.02995,1.02875,1.02895,4763.2598
1736992800000,1.02895,1.0293,1.02848,1.02869,4459.1899
1736996400000,1.02869,1.02889,1.02845,1.02888,2210.3799
1737000000000,1.02888,1.02937,1.02853,1.02869,2094.99
1737003600000,1.0287,1.02871,1.02809,1.02824,4862.7402
1737007200000,1.02823,1.02895,1.02822,1.02888,6973.1899
1737010800000,1.02888,1.03014,1.02859,1.02975,10256.6104
1737014400000,1.02976,1.02999,1.02879,1.02959,16178.0098
1737018000000,1.0296,1.02988,1.02816,1.0286,13701.96
1737021600000,1.02861,1.02961,1.02827,1.02855,11933.4502
1737025200000,1.02854,1.02919,1.02839,1.02901,10100.4697
1737028800000,1.029,1.02901,1.0264,1.02717,19280.0801
1737032400000,1.02718,1.02851,1.02604,1.02814,33813.0703
1737036000000,1.02814,1.02838,1.02678,1.02791,19345.1406
1737039600000,1.02791,1.03056,1.02741,1.03008,22614.4902
1737043200000,1.03009,1.03115,1.02861,1.03022,26538.5898
1737046800000,1.03024,1.03149,1.02943,1.02964,12779.0498
1737050400000,1.02962,1.03027,1.02934,1.03002,9415.8799
1737054000000,1.03,1.03077,1.02976,1.03019,4497.3999
1737057600000,1.03017,1.03037,1.02971,1.03,3285.47
1737061200000,1.02999,1.03034,1.02966,1.0299,3037.7
1737064800000,1.02996,1.03021,1.02979,1.03008,1991.75
1737068400000,1.03012,1.03042,1.02999,1.03014,1521.5
1737072000000,1.03012,1.03067,1.02979,1.03047,3038.04
1737075600000,1.03048,1.03093,1.03014,1.03049,3270.8101
1737079200000,1.0305,1.0309,1.03029,1.03033,3728.1201
1737082800000,1.03032,1.03049,1.02999,1.03005,2849.8201
1737086400000,1.03005,1.03009,1.02918,1.02936,1873.91
1737090000000,1.02937,1.02951,1.02874,1.02932,2917.5701
1737093600000,1.02933,1.02938,1.02851,1.02904,5815.3701
1737097200000,1.02903,1.02909,1.02776,1.02844,15048.2998
1737100800000,1.02844,1.02986,1.02844,1.02969,7526.6099
1737104400000,1.02969,1.0304,1.02892,1.02964,14695.0996
1737108000000,1.02968,1.0306,1.02965,1.03036,10737.8896
1737111600000,1.03037,1.031,1.02989,1.03045,10258.1904
1737115200000,1.03045,1.03064,1.02902,1.02929,17063.6309
1737118800000,1.0293,1.02995,1.02854,1.02901,19249.0898
1737122400000,1.02902,1.03023,1.02652,1.02985,30635.7793
1737126000000,1.02984,1.03306,1.02954,1.02989,25587.3301
1737129600000,1.02988,1.03003,1.02818,1.02861,20788.7109
1737133200000,1.02861,1.0291,1.02789,1.02807,12595.3096
1737136800000,1.02806,1.0292,1.0279,1.0281,8518.9805
1737140400000,1.02809,1.02841,1.02727,1.02761,8150.1602
1737144000000,1.02762,1.02815,1.02737,1.02753,6156.5601
1737147600000,1.02753,1.02753,1.02681,1.0271,4322.7002
1737324000000,1.02792,1.02812,1.02733,1.02773,2315.3101
1737327600000,1.02775,1.02807,1.02663,1.02804,4982.9902
